OFF
10218 20432 0
0.51 10.025 -10.009
1.736 9.864 -9.984
3.616 9.909 -9.979
4.187 9.75 -9.98
-0.189 9.938 -9.373
4.947 9.789 -9.427
-0.496 9.925 -8.715
6.181 9.789 -8.769
-0.606 9.893 -8.131
6.873 9.789 -8.174
-0.681 9.956 -7.569
7.412 9.789 -7.526
-0.864 9.97 -6.967
8.692 9.857 -6.818
-1.486 10.043 -6.273
9.109 9.802 -6.162
-8.239 9.997 -5.631
9.217 9.956 -5.694
-10.251 9.938 -4.995
9.112 9.943 -5.092
-10.607 9.958 -4.424
8.768 9.848 -4.378
-10.622 9.898 -3.861
8.457 9.96 -3.879
-10.508 9.888 -3.131
8.071 9.906 -3.169
-10.513 9.863 -2.402
7.799 9.96 -2.647
-10.5 9.789 -1.796
3.636 9.966 -1.958
-10.322 9.913 -1.223
3.387 9.919 -1.417
-10.254 9.942 -0.631
2.948 9.943 -0.765
-10.352 10.062 -0.004
2.554 9.893 0.021
-10.627 9.862 0.726
2.484 9.893 0.619
-10.535 9.794 1.254
2.497 9.956 1.181
-10.02 9.807 1.78
2.325 9.97 1.841
-9.45 9.786 2.519
0.588 9.837 2.541
-8.928 9.884 3.127
0.056 9.907 3.268
-7.813 9.835 3.88
-0.256 9.956 3.715
-7.455 9.867 4.392
-1.441 10.036 4.38
-7.147 9.914 5.082
-2.523 9.908 5.033
-6.429 9.809 5.625
-4.546 10.035 5.637
-10.438 9.833 -4.771
-10.412 9.956 -1.555
-10.499 9.887 0.199
-10.354 9.836 1.453
-9.745 9.893 -5.275
-9.819 9.773 2.009
-9.169 9.893 -5.361
-9.174 9.908 2.865
-8.578 9.789 -5.471
-8.408 9.961 3.404
-7.849 9.893 -5.773
-7.943 10.01 3.645
-7.294 9.893 -5.83
-7.292 10.018 4.711
-6.669 9.82 -5.746
-6.714 9.817 5.494
-6.009 9.935 -5.685
-6.081 10.012 5.841
-5.356 9.956 -5.777
-5.419 9.94 5.856
-4.856 9.831 -5.861
-4.899 9.909 5.721
-4.283 9.892 -5.906
-4.199 9.88 5.466
-3.648 9.9 -5.918
-3.544 9.893 5.354
-2.964 9.962 -5.921
-2.932 9.848 5.212
-2.294 9.951 -6.01
-2.258 9.853 4.781
-1.785 9.918 -6.167
-1.805 9.828 4.477
-1.144 9.931 -6.613
-1.076 9.882 4.181
-0.39 9.868 -9.02
-0.507 9.789 3.902
0.275 9.783 -9.784
0.267 9.786 2.894
0.958 9.948 -10.096
0.824 9.785 2.371
1.473 9.989 -10.086
1.352 9.832 2.25
2.093 9.938 -9.855
1.959 9.826 2.085
2.706 9.893 -9.767
2.719 9.789 -0.372
3.313 9.848 -9.892
3.282 9.805 -1.172
3.892 9.784 -10.029
4.006 9.814 -2.209
4.499 9.994 -9.754
4.581 9.805 -2.423
5.247 9.997 -9.154
5.249 9.903 -2.412
5.776 9.893 -8.928
5.831 9.893 -2.168
6.481 9.997 -8.558
6.518 9.843 -1.991
7.118 9.997 -7.849
7.081 9.893 -2.088
7.767 9.997 -7.326
7.593 9.816 -2.358
8.295 9.902 -7.093
8.326 9.752 -3.573
8.956 10.011 -6.578
8.954 9.838 -4.749
-5.348 -9.247 8.755
-5.466 -8.634 8.679
-5.416 -7.995 8.73
-5.469 -6.658 8.624
-4.74 -9.805 8.678
-4.871 -6.219 8.623
-4.065 -9.768 8.718
-4.297 -6.02 8.655
-3.439 -9.766 8.791
-3.561 -4.173 8.667
-2.815 -9.886 8.786
-2.931 -3.024 8.681
-2.231 -9.931 8.74
-2.42 -2.707 8.672
-1.594 -9.766 8.72
-1.705 -2.493 8.788
-0.981 -9.615 8.741
-1.098 -2.54 8.744
-0.4 -9.67 8.778
-0.369 -2.706 8.848
0.217 -9.764 8.613
0.192 -2.719 8.712
0.751 -9.543 8.71
0.831 -2.533 8.668
1.328 -9.089 8.706
1.397 -2.197 8.733
2.21 -7.301 8.667
1.984 -1.57 8.756
2.797 -6.823 8.762
2.608 -0.346 8.758
3.331 -6.717 8.744
3.215 0.339 8.647
3.857 -6.517 8.681
3.97 0.703 8.744
4.648 -5.512 8.711
4.583 -4.829 8.746
4.655 -4.141 8.712
4.519 0.773 8.681
5.252 -2.394 8.842
5.069 0.635 8.773
5.912 -1.777 8.741
5.79 0.098 8.704
0.501 10.572 -10.008
1.814 10.406 -10.01
-0.238 10.642 -9.338
4.754 10.459 -9.296
-0.515 10.493 -8.636
6.075 10.373 -8.746
-0.526 10.493 -8.027
6.886 10.473 -8.12
-0.528 10.553 -7.409
7.409 10.41 -7.545
-0.724 10.581 -6.856
8.708 10.473 -6.841
-1.316 10.622 -6.234
9.142 10.472 -6.178
-8.151 10.547 -5.603
-6.373 10.459 -5.638
-5.675 10.581 -5.603
-4.424 10.455 -5.659
-2.458 10.575 -5.626
9.233 10.456 -5.569
-10.198 10.505 -5.03
9.114 10.617 -5.089
-10.602 10.487 -4.267
8.605 10.514 -4.33
-10.584 10.444 -3.66
4.132 10.58 -3.797
4.85 10.53 -3.664
7.997 10.505 -3.716
-10.346 10.601 -3.087
3.509 10.56 -3.188
5.435 10.499 -2.999
7.788 10.441 -3.176
-10.295 10.593 -2.506
3.48 10.436 -2.551
5.648 10.409 -2.558
7.374 10.488 -2.609
-10.289 10.505 -1.853
3.384 10.424 -1.916
-10.169 10.518 -1.256
3.063 10.526 -1.197
-10.118 10.518 -0.631
2.801 10.532 -0.742
-10.213 10.581 -0.069
2.548 10.532 -0.041
-10.377 10.59 0.617
2.542 10.514 0.663
-10.214 10.473 1.286
2.621 10.419 1.348
-9.525 10.495 1.954
2.623 10.484 1.931
-8.898 10.522 2.576
2.381 10.467 2.392
-8.18 10.445 3.135
0.513 10.49 3.138
-7.616 10.473 3.75
-0.031 10.49 3.702
-7.364 10.518 4.311
-1.268 10.575 4.393
-7.202 10.456 4.987
-1.918 10.635 5.037
-6.919 10.487 5.496
-4.323 10.533 5.655
-10.398 10.453 -4.804
-10.42 10.616 -3.365
-9.839 10.445 -5.234
-9.847 10.627 1.653
-9.214 10.552 -5.296
-9.188 10.651 2.266
-8.545 10.473 -5.437
-8.466 10.645 2.871
-7.921 10.422 -5.729
-7.943 10.483 3.302
-7.398 10.478 -5.792
-7.292 10.622 4.658
-6.743 10.434 -5.719
-6.571 10.576 5.845
-6.092 10.654 -5.531
-6.044 10.518 6.09
-5.493 10.414 -5.696
-5.487 10.569 6.141
-4.857 10.413 -5.734
-4.787 10.473 5.908
-4.188 10.652 -5.542
-4.108 10.479 5.553
-3.544 10.582 -5.549
-3.544 10.518 5.457
-2.925 10.589 -5.588
-2.919 10.518 5.453
-2.299 10.47 -5.735
-2.378 10.426 5.283
-1.73 10.414 -5.993
-1.683 10.449 4.695
-1.058 10.414 -6.488
-0.996 10.513 4.242
-0.415 10.403 -9.103
-0.429 10.473 3.975
0.211 10.473 -9.834
0.254 10.472 3.393
0.812 10.447 -10.11
0.799 10.451 2.936
1.337 10.504 -10.114
1.352 10.5 2.828
2.069 10.646 -9.851
2.014 10.562 2.726
2.644 10.456 -9.691
2.693 10.379 -0.44
3.198 10.556 -9.632
3.248 10.535 -1.608
3.887 10.431 -9.725
3.882 10.586 -3.645
4.461 10.502 -9.492
4.6 10.669 -3.857
5.213 10.473 -8.986
5.237 10.569 -3.397
5.693 10.447 -8.834
5.881 10.434 -2.437
6.389 10.617 -8.536
6.456 10.442 -2.291
7.103 10.576 -7.811
7.096 10.36 -2.343
7.689 10.648 -7.325
7.676 10.414 -2.896
8.266 10.518 -7.122
8.29 10.572 -4.086
8.958 10.578 -6.561
8.91 10.514 -4.696
-3.497 -9.195 9.438
-3.591 -7.435 9.349
-2.9 -9.665 9.317
-2.816 -2.994 9.252
-2.257 -9.699 9.251
-2.165 -2.499 9.341
-1.636 -9.332 9.443
-1.606 -2.375 9.431
-0.94 -9.256 9.398
-1.079 -2.446 9.369
-0.451 -9.3 9.477
-0.35 -2.729 9.473
0.236 -9.522 9.208
0.206 -2.815 9.369
0.835 -9.224 9.366
0.817 -2.72 9.324
1.38 -8.677 9.41
1.387 -2.538 9.22
2.124 -6.71 9.372
1.967 -2.384 9.269
2.769 -6.496 9.328
2.573 -2.305 9.347
3.355 -6.494 9.225
3.326 0.161 9.23
3.97 -6.123 9.303
3.914 -4.657 9.409
3.997 -3.477 9.342
3.958 0.571 9.249
4.739 -2.369 9.298
4.52 0.621 9.249
5.207 -2.09 9.247
5.235 0.3 9.397
5.845 -1.082 9.293
5.755 -0.456 9.385
-0.045 11.173 -9.286
2.897 11.072 -9.406
-0.248 11.201 -8.712
4.752 11.124 -8.743
-0.332 11.175 -8.069
6.666 11.036 -8.136
-0.353 11.288 -7.589
6.926 11.092 -7.666
-0.673 11.188 -6.947
8.457 11.022 -6.849
-1.346 11.247 -6.263
8.805 11.148 -6.312
-2.194 11.167 -5.674
9.071 11.02 -5.68
-8.732 11.141 -5.004
8.778 11.179 -4.967
-10.159 11.163 -4.268
8.141 11.155 -4.39
-10.193 11.089 -3.629
3.493 11.096 -3.794
-10.031 11.167 -3.004
3.077 11.205 -3.235
-10.045 11.081 -2.444
2.94 11.176 -2.64
-10.104 11.143 -1.881
2.95 11.051 -1.965
-10.139 11.143 -1.256
2.577 11.179 -1.269
-10.141 11.143 -0.631
2.453 11.151 -0.631
-10.254 11.186 -0.011
2.533 11.082 0.092
-10.474 11.318 0.606
2.765 11.138 0.736
-10.276 11.092 1.287
2.961 11.149 1.244
-9.588 11.007 1.901
3.044 11.167 1.869
-8.831 11.039 2.497
2.926 11.27 2.453
-7.753 11.11 3.253
2.316 11.286 3.102
-7.434 11.081 3.806
0.446 11.271 3.742
-7.325 11.106 4.327
-0.919 11.295 4.352
-7.197 11.098 5.002
-1.842 11.247 5.022
-6.918 11.143 5.556
-4.065 11.175 5.589
-5.718 11.045 6.237
-5.316 11.17 6.208
-10.395 11.137 0.478
-10.451 11.214 1.048
-9.839 11.14 -4.757
-9.845 11.095 1.703
-9.218 11.193 -4.886
-9.248 11.249 2.179
-8.601 11.037 -5.12
-8.546 11.206 2.71
-8.027 11.059 -5.369
-8.045 11.199 2.995
-7.398 11.178 -5.437
-7.28 11.161 4.714
-6.714 11.117 -5.365
-6.592 11.247 5.865
-6.106 11.125 -5.213
-5.995 11.109 6.148
-5.474 11.102 -5.319
-5.468 11.099 6.249
-4.749 11.127 -5.431
-4.922 11.112 6.045
-4.169 11.143 -5.467
-4.304 11.077 5.709
-3.589 11.157 -5.512
-3.617 11.153 5.506
-2.919 11.08 -5.558
-2.919 11.143 5.52
-2.398 11.007 -5.607
-2.313 11.039 5.384
-1.773 11.071 -5.922
-1.584 11.143 4.801
-1.019 11.039 -6.512
-1.165 11.086 4.452
-0.444 11.129 -7.371
-0.461 11.139 4.195
0.188 11.05 -9.64
0.097 11.063 3.921
0.709 11.115 -9.862
0.849 11.184 3.452
1.411 11.174 -9.86
1.456 11.187 3.272
2.019 11.191 -9.637
1.975 11.159 3.195
2.617 11.044 -9.479
2.806 11.045 -1.458
2.663 11.29 0.47
2.623 11.154 2.817
3.287 11.271 -9.33
3.365 10.997 -3.591
3.894 11.175 -9.23
4.002 11.145 -4.06
4.436 11.178 -8.916
4.581 11.143 -4.141
5.209 11.173 -8.537
5.206 11.162 -4.031
5.786 11.108 -8.499
5.935 11.159 -4.01
6.352 11.137 -8.315
6.56 11.157 -4.031
7.129 11.148 -7.376
7.185 11.137 -4.053
7.644 11.139 -7.093
7.778 11.026 -4.13
8.179 11.063 -6.975
8.363 11.171 -4.567
8.969 11.161 -6.085
8.891 11.195 -5.213
-2.822 -9.065 9.912
-2.934 -8.058 9.943
-2.906 -4.789 10.075
-2.816 -3.057 9.968
-2.223 -9.062 9.908
-2.428 -7.99 9.977
-2.155 -6.683 10.003
-2.264 -2.528 9.892
-1.565 -6.762 10.0
-1.773 -2.42 9.958
-1.042 -6.485 9.989
-1.167 -2.449 9.976
-0.403 -8.718 10.022
-0.414 -6.825 9.992
-0.413 -6.275 10.036
-0.37 -2.825 9.993
0.255 -9.036 9.859
0.102 -2.967 9.966
0.935 -8.593 9.914
0.727 -2.941 9.943
1.569 -6.668 9.927
1.353 -2.889 9.919
2.119 -5.905 9.952
1.929 -3.069 9.945
4.104 -1.524 9.952
3.871 -0.324 9.983
4.621 -1.539 9.963
4.486 -0.008 9.947
6.981 -18.193 3.089
7.797 -18.204 3.214
0.377 11.808 -8.822
4.394 11.709 -8.776
-0.036 11.741 -8.063
5.005 11.717 -8.272
-0.298 11.831 -7.533
5.94 11.727 -7.523
-0.773 11.824 -6.905
5.979 11.737 -6.986
-1.491 11.799 -6.306
6.125 11.756 -6.395
7.284 11.777 -6.194
8.016 11.727 -6.3
-3.785 11.911 -5.628
8.491 11.641 -5.687
-4.996 11.739 -4.961
6.036 11.765 -5.089
7.397 11.72 -4.955
8.049 11.711 -5.035
-8.968 11.919 -4.353
5.031 11.918 -4.401
-9.52 11.825 -3.714
3.172 11.77 -3.67
-9.616 11.891 -3.094
2.802 11.768 -3.21
-9.906 11.738 -2.426
2.382 11.825 -2.568
-10.115 11.706 -1.819
1.808 11.843 -1.886
-10.291 11.781 -1.282
1.676 11.76 -1.361
-10.34 11.686 -0.634
1.751 11.798 -0.638
-10.483 11.817 -0.009
2.328 11.715 0.047
-10.714 11.831 0.556
2.841 11.713 0.74
-10.732 11.801 1.204
3.109 11.706 1.306
-10.284 11.645 1.779
3.154 11.768 1.869
-8.927 11.644 2.493
2.997 11.872 2.452
-8.005 11.764 3.078
2.426 11.872 3.099
-7.453 11.635 3.715
0.504 11.872 3.731
-7.13 11.744 4.45
-0.953 11.773 4.349
-6.988 11.708 5.098
-2.018 11.798 4.967
-6.756 11.648 5.588
-4.533 11.812 5.561
7.231 -18.205 2.949
7.074 -18.206 3.444
7.712 -18.191 2.998
7.555 -18.227 3.47
-10.391 11.712 -0.148
-10.459 11.71 1.693
-9.801 11.691 -2.741
-9.835 11.788 2.084
-9.262 11.798 -4.185
-9.262 11.853 2.33
-8.536 11.817 -4.565
-8.541 11.832 2.805
-7.919 11.802 -4.805
-7.803 11.916 3.242
-7.356 11.795 -4.863
-7.287 11.742 3.981
-6.761 11.863 -4.662
-6.547 11.758 5.704
-6.148 11.753 -4.562
-6.044 11.749 5.93
-5.47 11.745 -4.661
-5.375 11.668 6.022
-4.8 11.707 -5.162
-4.719 11.649 5.804
-4.138 11.668 -5.454
-4.147 11.776 5.342
-3.404 11.836 -5.718
-3.481 11.776 5.27
-2.815 11.809 -5.777
-2.919 11.724 5.34
-2.236 11.676 -5.817
-2.325 11.637 5.249
-1.731 11.741 -6.095
-1.7 11.768 4.712
-1.09 11.764 -6.615
-1.172 11.682 4.442
-0.495 11.723 -7.278
-0.458 11.813 4.235
0.2 11.758 -8.608
0.148 11.664 3.996
0.772 11.799 -9.187
0.877 11.768 3.527
1.411 11.874 -9.243
1.456 11.768 3.368
2.081 11.86 -9.265
2.053 11.845 -2.176
2.048 11.745 -0.216
2.028 11.664 3.268
2.751 11.759 -9.294
2.625 11.791 -2.983
2.657 11.75 0.477
2.701 11.664 2.879
3.394 11.831 -9.251
3.458 11.725 -3.9
3.965 11.723 -9.069
4.019 11.831 -4.181
4.608 11.875 -8.531
4.62 11.674 -4.264
5.227 11.891 -8.026
5.323 11.778 -4.514
5.662 11.842 -7.728
5.782 11.769 -4.875
6.421 11.786 -6.072
6.563 11.764 -5.238
6.938 11.773 -6.069
7.107 11.772 -5.181
7.634 11.732 -6.385
7.797 11.631 -4.817
8.248 11.767 -5.971
8.407 11.656 -5.308
-2.315 -4.976 10.61
-2.336 -2.883 10.506
-1.558 -5.308 10.578
-1.773 -2.757 10.648
-1.022 -5.229 10.572
-1.148 -2.826 10.676
-0.375 -4.789 10.608
-0.438 -3.359 10.682
1.476 -4.135 10.59
1.351 -3.743 10.595
6.253 -17.481 2.424
8.554 -17.584 2.633
6.071 -17.535 2.99
8.683 -17.591 3.223
6.15 -17.558 3.738
8.63 -17.581 3.731
6.631 -17.656 4.322
8.147 -17.559 4.411
1.716 12.5 -8.761
4.286 12.289 -8.757
0.475 12.513 -8.097
4.887 12.348 -8.096
-0.071 12.438 -7.548
5.362 12.281 -7.47
-1.237 12.415 -6.848
5.366 12.379 -6.926
-2.035 12.448 -6.291
5.502 12.348 -6.319
-3.906 12.497 -5.621
5.616 12.447 -5.736
-4.567 12.507 -5.008
5.441 12.475 -5.109
-8.716 12.497 -4.299
-6.767 12.382 -4.429
-5.15 12.522 -4.38
4.876 12.497 -4.419
-9.32 12.393 -3.672
2.982 12.438 -3.714
-9.453 12.456 -3.194
2.322 12.364 -3.166
-9.675 12.448 -2.62
1.653 12.37 -2.525
-10.185 12.393 -1.906
1.155 12.473 -1.976
-10.514 12.474 -1.262
1.019 12.472 -1.331
-10.56 12.368 -0.676
1.212 12.369 -0.722
-10.701 12.393 -0.006
1.726 12.376 -0.052
-10.961 12.468 0.658
2.51 12.414 0.602
-11.059 12.449 1.183
2.977 12.283 1.204
-10.778 12.387 1.72
3.026 12.377 1.869
-9.27 12.354 2.465
2.886 12.42 2.397
-8.101 12.263 3.084
2.267 12.406 3.048
-6.923 12.383 3.825
0.349 12.407 3.705
-6.577 12.483 4.407
-1.395 12.501 4.377
-6.363 12.437 4.977
-4.565 12.336 4.943
6.597 -17.614 2.237
6.424 -17.637 4.171
7.185 -17.663 2.054
7.044 -17.485 4.611
7.81 -17.61 2.058
7.696 -17.545 4.58
8.348 -17.532 2.279
8.35 -17.602 4.162
-11.021 12.375 0.875
-11.019 12.5 1.369
-10.406 12.349 -1.529
-10.332 12.441 2.114
-9.834 12.345 -2.364
-9.666 12.427 2.334
-9.155 12.289 -3.998
-9.034 12.455 2.596
-8.488 12.393 -4.443
-8.452 12.472 2.936
-7.919 12.393 -4.607
-7.781 12.472 3.175
-7.261 12.348 -4.621
-7.268 12.433 3.464
-6.579 12.54 -4.319
-6.679 12.484 4.102
-6.044 12.445 -4.213
-5.923 12.41 5.351
-5.52 12.371 -4.272
-5.315 12.38 5.39
-4.876 12.372 -4.683
-4.768 12.262 5.204
-4.246 12.268 -5.408
-4.061 12.373 4.634
-3.494 12.393 -5.789
-3.44 12.395 4.596
-2.981 12.331 -5.89
-2.812 12.472 4.695
-2.316 12.31 -6.069
-2.182 12.37 4.749
-1.661 12.393 -6.565
-1.603 12.293 4.488
-0.949 12.428 -7.011
-0.94 12.352 4.265
-0.437 12.331 -7.303
-0.419 12.393 4.145
0.19 12.35 -7.834
0.103 12.314 3.904
0.852 12.437 -8.426
0.763 12.393 3.47
1.416 12.466 -8.666
1.519 12.265 -2.253
1.411 12.52 -0.306
1.411 12.381 3.28
2.047 12.38 -8.948
2.065 12.387 -2.915
2.088 12.456 0.321
2.026 12.248 3.204
2.706 12.393 -9.136
2.64 12.393 -3.475
2.738 12.435 0.813
2.638 12.374 2.755
3.331 12.393 -9.174
3.398 12.393 -3.872
3.913 12.393 -9.009
3.956 12.393 -4.049
4.581 12.497 -8.416
4.543 12.289 -4.249
5.218 12.348 -7.671
5.275 12.261 -4.742
-1.581 -4.137 11.237
-1.706 -3.678 11.219
6.196 -17.016 1.896
9.085 -16.963 2.024
5.927 -17.06 2.448
9.192 -16.903 2.61
5.624 -16.902 3.082
9.088 -16.956 3.181
5.691 -16.881 3.716
9.025 -16.834 3.668
6.11 -16.975 4.361
8.626 -16.869 4.345
2.198 13.167 -8.809
4.349 12.887 -8.746
0.622 13.122 -8.067
4.84 13.018 -8.181
-0.027 13.122 -7.497
5.064 12.979 -7.603
-1.894 13.086 -6.821
5.153 13.088 -6.936
-2.507 13.163 -6.17
5.296 12.942 -6.226
-3.779 12.96 -5.606
5.396 12.956 -5.569
-4.446 12.993 -4.982
5.286 13.113 -5.105
-8.636 12.946 -4.313
-6.891 12.909 -4.409
-4.996 12.986 -4.296
4.89 13.144 -4.478
-9.243 13.031 -3.598
2.915 13.122 -3.774
-9.452 12.956 -3.069
1.851 13.082 -3.099
-9.615 13.122 -2.555
1.227 13.026 -2.462
-10.183 13.134 -1.813
0.927 13.063 -1.902
-10.518 12.985 -1.128
0.791 13.109 -1.308
-10.574 12.994 -0.527
1.029 12.957 -0.625
-10.681 13.053 0.105
1.536 12.969 0.073
-10.913 13.018 0.619
1.906 13.011 0.558
-10.94 12.976 1.212
2.455 12.974 1.149
-10.666 13.0 1.81
2.529 13.065 1.764
-9.016 13.003 2.529
2.388 12.987 2.394
-7.521 12.987 3.118
1.076 13.08 3.102
-6.543 12.94 3.872
0.004 13.153 3.85
-6.207 12.943 4.37
-5.029 13.1 4.367
-2.692 12.994 4.413
-1.242 13.026 4.423
5.753 -16.956 2.681
5.855 -16.948 3.992
6.588 -17.013 1.582
6.546 -17.061 4.674
7.185 -17.01 1.52
7.019 -16.991 4.885
7.81 -16.956 1.597
7.661 -16.985 4.852
8.435 -16.933 1.663
8.244 -17.077 4.606
8.957 -16.946 1.786
8.866 -16.982 3.942
-10.411 12.893 -1.554
-10.309 13.104 2.064
-9.852 12.914 -2.269
-9.794 13.018 2.257
-9.05 12.9 -3.935
-9.23 13.057 2.416
-8.488 12.898 -4.41
-8.551 13.063 2.797
-8.023 12.969 -4.528
-7.928 13.045 3.034
-7.408 13.012 -4.535
-7.257 13.063 3.223
-6.731 13.117 -4.282
-6.751 13.045 3.569
-6.158 13.044 -4.06
-5.891 12.976 4.495
-5.497 12.926 -4.088
-5.366 13.0 4.524
-4.745 12.92 -4.58
-4.711 13.116 4.246
-4.133 12.926 -5.35
-4.065 13.052 4.121
-3.546 12.909 -5.716
-3.44 13.066 4.155
-2.929 12.921 -5.916
-2.916 13.119 4.258
-2.2 12.934 -6.439
-2.292 13.063 4.581
-1.512 12.997 -7.013
-1.67 12.973 4.565
-0.981 13.081 -7.15
-1.046 12.901 4.317
-0.455 12.914 -7.266
-0.428 12.907 4.127
0.232 12.914 -7.738
0.306 12.925 3.602
0.893 13.018 -8.237
0.839 12.984 -1.636
0.843 13.146 -0.934
0.848 12.973 3.288
1.456 13.018 -8.461
1.526 12.922 -2.799
1.395 13.022 -0.104
1.476 13.057 2.934
1.938 12.958 -8.713
2.21 12.993 -3.303
2.096 13.105 0.865
2.067 12.948 2.739
2.603 12.958 -8.998
2.686 12.956 -3.639
3.32 13.094 -9.189
3.366 13.018 -3.899
3.986 13.04 -9.036
3.956 13.018 -3.992
4.609 13.048 -8.527
4.522 12.914 -4.181
5.199 13.084 -6.453
5.169 12.904 -4.784
9.395 -16.311 -1.915
11.268 -16.364 -1.906
8.829 -16.331 -1.302
11.654 -16.278 -1.25
9.174 -16.374 -0.652
11.626 -16.205 -0.615
9.309 -16.363 -0.114
11.076 -16.321 -0.037
6.133 -16.273 0.618
6.907 -16.405 0.678
8.796 -16.327 0.597
10.583 -16.357 0.735
5.592 -16.25 1.157
10.591 -16.363 1.348
5.462 -16.289 1.747
10.555 -16.361 1.866
5.401 -16.442 2.378
10.033 -16.396 2.539
4.971 -16.357 3.074
9.329 -16.365 3.188
4.98 -16.36 3.602
9.078 -16.294 3.757
5.571 -16.412 4.263
8.691 -16.253 4.381
6.013 -16.441 4.901
7.883 -16.218 4.974
3.149 13.797 -9.367
3.679 13.59 -9.357
2.219 13.747 -8.827
4.77 13.564 -8.65
0.701 13.582 -8.081
5.013 13.643 -8.131
0.024 13.683 -7.481
5.101 13.643 -7.506
-1.92 13.622 -6.853
5.097 13.706 -6.944
-2.406 13.719 -6.128
5.093 13.667 -6.329
-2.742 13.688 -5.683
5.262 13.502 -5.668
-3.923 13.651 -4.935
5.058 13.689 -5.016
-4.325 13.585 -4.249
4.722 13.708 -4.521
-8.902 13.636 -3.752
-6.354 13.65 -3.671
-4.36 13.641 -3.652
2.845 13.668 -3.805
-9.272 13.532 -3.057
-5.834 13.696 -3.076
-4.503 13.726 -3.145
1.784 13.747 -3.111
-9.418 13.593 -2.521
1.194 13.643 -2.445
-9.938 13.706 -1.741
0.987 13.738 -1.862
-10.238 13.61 -1.256
0.811 13.526 -1.23
-10.278 13.723 -0.631
1.031 13.643 -0.685
-10.293 13.78 0.016
1.326 13.601 -0.122
-10.612 13.532 0.685
1.596 13.542 0.537
-10.603 13.532 1.325
1.851 13.623 1.118
-10.132 13.604 1.826
1.861 13.707 1.764
-8.817 13.539 2.511
1.642 13.699 2.355
-7.476 13.539 3.103
0.642 13.758 3.234
-6.461 13.491 3.832
0.131 13.7 3.881
-2.571 13.539 4.37
-0.229 13.685 4.314
5.279 -16.468 2.745
5.167 -16.33 3.955
5.9 -16.362 0.851
5.76 -16.346 4.712
6.519 -16.227 0.506
6.404 -16.361 5.248
7.229 -16.388 0.775
7.036 -16.329 5.277
7.81 -16.349 0.979
7.591 -16.361 5.08
8.387 -16.353 0.952
8.254 -16.461 4.707
9.056 -16.355 -1.57
8.902 -16.337 -0.922
9.058 -16.353 0.408
8.92 -16.461 4.022
9.727 -16.328 -2.061
9.631 -16.394 2.791
10.31 -16.353 -2.223
10.239 -16.386 2.326
10.823 -16.35 -2.196
10.825 -16.33 0.224
11.51 -16.308 -1.715
11.362 -16.34 -0.328
-10.45 13.584 0.274
-10.397 13.633 1.574
-9.751 13.534 -2.107
-9.752 13.66 2.042
-9.107 13.594 -3.444
-9.21 13.643 2.279
-8.525 13.642 -4.051
-8.481 13.747 2.724
-7.981 13.647 -4.29
-7.973 13.643 2.974
-7.338 13.716 -4.221
-7.297 13.706 3.204
-6.698 13.613 -4.014
-6.809 13.668 3.53
-6.076 13.619 -3.342
-6.035 13.723 4.081
-5.346 13.736 -2.862
-5.292 13.619 4.194
-4.827 13.723 -2.951
-4.794 13.643 4.047
-4.216 13.576 -4.646
-4.214 13.632 3.869
-3.524 13.656 -5.238
-3.538 13.668 3.892
-3.034 13.651 -5.497
-2.969 13.643 4.15
-2.215 13.563 -6.507
-2.292 13.706 4.557
-1.608 13.629 -7.015
-1.775 13.673 4.755
-1.044 13.643 -7.128
-1.094 13.619 4.719
-0.402 13.598 -7.268
-0.532 13.638 4.508
0.298 13.547 -7.749
0.32 13.49 3.596
0.918 13.602 -8.171
0.831 13.493 -1.583
0.878 13.651 -1.049
0.946 13.563 3.003
1.456 13.643 -8.358
1.472 13.539 -2.839
1.455 13.75 0.275
1.463 13.58 2.662
1.983 13.539 -8.663
2.09 13.581 -3.297
2.75 13.551 -9.144
2.591 13.572 -3.61
3.465 13.755 -9.401
3.29 13.709 -4.041
4.0 13.652 -9.274
3.956 13.594 -4.101
4.52 13.668 -8.972
4.512 13.5 -4.253
5.167 13.695 -5.949
5.217 13.583 -5.196
7.872 -15.677 -3.197
8.792 -15.721 -3.146
7.395 -15.659 -2.56
11.185 -15.756 -2.44
7.452 -15.705 -1.999
11.755 -15.831 -1.808
7.786 -15.787 -1.286
11.972 -15.684 -1.184
7.557 -15.681 -0.645
11.901 -15.732 -0.631
7.247 -15.712 -0.161
11.641 -15.661 -0.113
5.542 -15.727 0.666
11.095 -15.688 0.651
5.311 -15.795 1.206
10.949 -15.679 1.244
4.911 -15.651 1.847
10.901 -15.601 1.808
4.21 -15.653 2.495
10.537 -15.626 2.494
3.856 -15.607 3.041
9.776 -15.582 3.178
3.849 -15.649 3.603
9.287 -15.822 3.68
4.298 -15.693 4.274
8.808 -15.715 4.418
4.926 -15.653 4.997
7.984 -15.621 5.08
5.376 -15.712 5.693
7.437 -15.733 5.631
3.046 14.32 -9.378
4.102 14.191 -9.356
2.234 14.372 -8.789
4.851 14.164 -8.7
1.265 14.257 -8.045
5.062 14.268 -8.131
0.444 14.285 -7.528
5.089 14.268 -7.506
-1.394 14.288 -6.809
4.949 14.268 -6.881
-2.033 14.267 -6.255
4.788 14.34 -6.352
-2.454 14.158 -5.652
4.869 14.146 -5.695
-3.138 14.343 -4.873
4.701 14.183 -5.049
-3.463 14.381 -4.327
3.078 14.246 -4.386
-8.134 14.25 -3.649
-7.461 14.205 -3.814
-3.69 14.305 -3.626
2.374 14.334 -3.798
-8.707 14.215 -2.989
-6.533 14.142 -3.199
-3.887 14.362 -3.103
1.76 14.382 -3.123
-8.846 14.249 -2.508
-5.749 14.196 -2.621
-4.939 14.321 -2.489
1.321 14.21 -2.361
-9.331 14.208 -1.813
1.227 14.27 -1.819
-9.919 14.235 -1.172
1.15 14.142 -1.204
-10.087 14.206 -0.569
1.326 14.202 -0.527
-10.111 14.331 -0.069
1.404 14.304 0.098
-10.187 14.246 0.574
1.534 14.135 0.682
-9.967 14.267 1.206
1.65 14.227 1.244
-9.567 14.329 1.876
1.612 14.237 1.855
-8.835 14.252 2.569
1.269 14.403 2.435
-7.759 14.113 3.133
0.675 14.331 3.115
-6.902 14.205 3.716
-4.412 14.333 3.752
-3.439 14.208 3.783
0.386 14.317 3.677
-2.649 14.164 4.374
0.016 14.313 4.377
-1.883 14.248 4.956
-0.721 14.402 4.996
4.033 -15.73 2.776
3.962 -15.585 3.991
4.574 -15.646 2.196
4.556 -15.586 4.578
5.14 -15.703 1.5
5.157 -15.683 5.457
5.886 -15.693 0.382
5.837 -15.758 6.019
6.519 -15.746 0.234
6.352 -15.785 6.098
7.031 -15.854 0.124
7.02 -15.742 5.948
7.645 -15.662 -3.008
7.623 -15.706 -1.523
7.767 -15.777 -0.888
7.626 -15.866 5.316
8.251 -15.596 -3.371
8.375 -15.777 4.693
9.111 -15.731 -2.989
9.003 -15.828 4.154
9.68 -15.647 -2.796
9.539 -15.772 3.292
10.31 -15.679 -2.668
10.13 -15.743 2.81
10.855 -15.636 -2.609
10.753 -15.76 2.15
11.496 -15.623 -2.257
11.371 -15.736 0.214
-9.705 14.183 -1.498
-9.776 14.315 1.458
-9.141 14.215 -2.044
-9.231 14.26 2.27
-8.557 14.196 -3.337
-8.502 14.247 2.811
-7.929 14.118 -3.878
-8.074 14.203 3.035
-7.302 14.29 -3.618
-7.311 14.188 3.421
-6.824 14.258 -3.293
-6.643 14.346 3.996
-6.131 14.258 -2.781
-5.981 14.331 4.102
-5.44 14.424 -2.455
-5.419 14.268 4.089
-4.797 14.216 -2.597
-4.738 14.198 3.903
-4.279 14.19 -2.853
-4.08 14.243 3.696
-3.612 14.225 -4.182
-3.66 14.322 3.72
-2.925 14.149 -5.213
-3.045 14.326 4.064
-2.238 14.228 -5.902
-2.263 14.313 4.734
-1.743 14.25 -6.628
-1.614 14.407 5.06
-1.123 14.154 -6.944
-1.133 14.284 5.063
-0.523 14.169 -6.99
-0.483 14.16 4.778
0.126 14.222 -7.269
0.207 14.212 4.069
0.784 14.233 -7.824
0.94 14.151 2.876
1.456 14.189 -8.204
1.48 14.125 -2.707
1.452 14.225 0.429
1.474 14.207 2.287
1.986 14.164 -8.596
2.152 14.137 -3.493
2.721 14.223 -9.209
2.683 14.254 -4.082
3.342 14.195 -9.441
3.463 14.3 -4.548
3.814 14.247 -9.419
4.06 14.248 -4.6
4.463 14.329 -9.102
4.539 14.164 -4.773
7.976 -15.1 -3.724
8.75 -15.168 -3.694
7.247 -15.153 -3.188
9.756 -15.122 -3.079
6.827 -15.027 -2.514
11.239 -15.211 -2.514
6.854 -15.089 -1.986
11.88 -15.176 -1.802
6.944 -15.07 -1.361
12.1 -15.135 -1.217
6.866 -15.06 -0.749
11.988 -15.13 -0.676
5.531 -15.128 -0.015
11.689 -15.003 -0.084
4.935 -15.111 0.567
11.166 -15.107 0.646
4.854 -15.183 1.155
10.994 -15.107 1.244
4.353 -15.065 1.933
10.926 -15.003 1.823
3.865 -15.034 2.488
10.57 -14.988 2.576
3.665 -15.107 3.119
10.048 -15.02 3.211
3.68 -15.107 3.703
9.786 -15.074 3.781
4.136 -15.211 4.384
9.412 -15.079 4.411
4.677 -15.169 4.998
8.204 -15.05 5.109
4.913 -15.148 5.512
7.868 -15.082 5.564
5.42 -15.193 6.144
7.337 -14.978 6.218
2.361 14.869 -8.747
4.752 14.752 -8.694
1.898 14.868 -7.991
4.924 14.849 -8.131
1.656 14.938 -7.492
4.9 14.878 -7.506
0.573 14.943 -6.841
4.709 14.845 -6.924
-0.617 14.879 -6.225
4.202 14.875 -6.357
-1.851 14.916 -5.58
3.037 14.924 -5.681
-2.741 15.017 -5.014
2.485 14.947 -5.045
-3.219 14.893 -4.455
2.295 14.855 -4.475
-3.415 14.951 -3.761
1.944 14.934 -3.781
-3.646 14.856 -3.139
1.685 14.956 -3.194
-4.372 15.0 -2.489
1.528 14.888 -2.551
-8.847 14.944 -1.879
1.559 14.947 -1.881
-9.62 15.005 -1.305
1.707 14.927 -1.256
-10.001 14.848 -0.661
1.726 14.932 -0.631
-10.127 14.893 -0.006
1.577 15.022 -0.06
-10.048 14.865 0.655
1.402 14.916 0.565
-9.699 14.809 1.353
1.411 14.956 1.139
-9.502 14.956 1.806
1.355 14.911 1.824
-9.279 14.926 2.406
1.023 14.997 2.4
-8.843 14.861 2.985
0.552 14.893 3.129
-8.093 14.982 3.71
0.355 14.997 3.682
-2.689 14.789 4.407
0.06 15.026 4.335
-1.972 14.777 4.978
-0.703 14.947 4.996
4.065 -15.178 2.335
3.903 -15.003 4.192
4.582 -15.104 1.639
4.499 -15.003 4.807
5.283 -15.227 0.242
5.17 -14.999 5.999
5.955 -15.071 -0.15
5.855 -14.989 6.433
6.507 -15.107 -0.281
6.456 -15.091 6.475
7.077 -15.126 -2.963
6.981 -15.137 6.368
7.678 -15.131 -3.543
7.62 -15.11 5.902
8.38 -14.972 -3.816
8.401 -15.155 4.913
9.095 -15.063 -3.578
8.941 -15.139 4.639
9.578 -14.997 -3.269
9.533 -15.168 4.193
10.204 -15.062 -2.887
10.218 -15.228 2.895
10.787 -15.107 -2.681
10.808 -15.211 2.162
11.475 -15.003 -2.325
11.434 -15.211 0.239
12.057 -15.067 -1.433
12.079 -15.192 -0.923
-9.808 14.84 -1.108
-9.836 15.017 1.079
-9.188 14.902 -1.639
-9.14 14.996 2.718
-8.579 14.845 -2.103
-8.606 15.05 3.355
-8.023 14.929 -2.22
-7.868 15.006 3.936
-7.339 14.966 -2.179
-7.339 14.865 4.161
-6.669 14.97 -2.35
-6.731 14.84 4.304
-5.999 14.917 -2.429
-6.148 14.806 4.24
-5.356 14.956 -2.39
-5.523 14.825 4.214
-4.857 14.792 -2.411
-4.839 14.903 4.075
-4.156 14.817 -2.665
-4.195 14.885 3.849
-3.54 14.798 -3.357
-3.499 14.907 3.911
-2.958 14.855 -4.876
-2.931 14.956 4.199
-2.296 14.926 -5.319
-2.239 15.017 4.776
-1.68 14.823 -5.765
-1.58 14.932 5.077
-1.095 14.89 -5.979
-1.078 14.782 5.091
-0.374 14.886 -6.369
-0.416 14.848 4.833
0.184 14.924 -6.644
0.219 14.788 4.148
0.805 14.854 -7.08
0.847 14.789 2.696
1.314 14.899 -7.291
1.45 14.86 0.233
2.055 14.771 -8.379
2.161 14.785 -4.058
2.73 14.877 -9.033
2.776 14.884 -5.386
3.243 14.832 -9.274
3.459 14.896 -5.834
3.915 14.947 -9.168
3.968 14.842 -6.077
4.469 14.91 -8.917
4.561 14.806 -6.639
7.526 -14.422 -3.697
9.155 -14.531 -3.73
6.902 -14.435 -3.092
9.962 -14.586 -3.141
6.206 -14.402 -2.502
11.1 -14.527 -2.461
4.117 -14.437 -1.969
11.686 -14.502 -1.851
3.683 -14.468 -1.303
11.928 -14.598 -1.273
3.476 -14.503 -0.736
11.801 -14.482 -0.631
3.505 -14.534 -0.111
11.543 -14.421 -0.146
3.746 -14.492 0.476
11.202 -14.475 0.58
4.127 -14.568 1.242
11.07 -14.482 1.244
3.863 -14.491 1.919
11.006 -14.355 1.9
3.586 -14.53 2.494
10.672 -14.495 2.549
3.493 -14.536 3.119
10.328 -14.417 2.987
3.53 -14.545 3.731
10.034 -14.439 3.612
4.143 -14.586 4.45
9.764 -14.429 4.258
4.641 -14.586 5.088
8.554 -14.415 5.002
4.863 -14.482 5.598
7.977 -14.405 5.496
5.41 -14.586 6.265
7.379 -14.378 6.188
3.028 15.514 -8.67
3.816 15.46 -8.815
2.511 15.461 -8.001
4.329 15.534 -8.193
2.554 15.484 -7.472
4.357 15.545 -7.615
3.139 15.476 -6.843
3.767 15.541 -6.946
-0.019 15.478 -6.142
1.827 15.493 -6.278
-0.583 15.558 -5.588
1.937 15.609 -5.676
-2.587 15.622 -4.982
1.984 15.573 -5.069
-3.185 15.518 -4.343
1.884 15.525 -4.426
-3.383 15.619 -3.821
1.817 15.518 -3.756
-3.508 15.484 -3.286
1.711 15.518 -3.131
-4.321 15.622 -2.497
1.611 15.518 -2.506
-6.835 15.562 -1.85
1.68 15.518 -1.881
-9.641 15.622 -1.295
1.852 15.518 -1.256
-10.07 15.518 -0.611
1.843 15.518 -0.631
-10.179 15.518 -0.006
1.62 15.622 -0.063
-10.078 15.518 0.607
1.399 15.518 0.666
-9.72 15.414 1.336
1.406 15.524 1.288
-9.538 15.518 1.869
1.274 15.556 1.959
-9.457 15.581 2.431
0.918 15.581 2.444
-9.262 15.509 2.951
0.402 15.508 3.163
-8.429 15.468 3.811
0.131 15.598 3.742
-8.053 15.511 4.291
-4.614 15.666 4.35
-2.572 15.391 4.397
-0.146 15.6 4.249
3.996 -14.515 -1.676
3.895 -14.452 0.826
4.059 -14.576 1.744
3.845 -14.381 4.21
4.587 -14.405 -2.275
4.498 -14.378 4.857
5.31 -14.466 -2.239
5.2 -14.378 6.056
5.881 -14.478 -2.275
5.874 -14.378 6.457
6.509 -14.49 -2.676
6.456 -14.482 6.527
7.16 -14.583 -3.355
7.026 -14.586 6.418
7.845 -14.512 -3.837
7.682 -14.586 5.918
8.394 -14.419 -3.928
8.318 -14.54 5.146
8.89 -14.471 -3.846
8.898 -14.479 4.857
9.542 -14.437 -3.442
9.486 -14.577 4.557
10.279 -14.378 -2.98
10.177 -14.506 3.201
10.747 -14.482 -2.678
10.827 -14.595 2.27
11.43 -14.444 -2.165
11.436 -14.63 0.158
-9.827 15.414 -1.097
-9.835 15.622 1.102
-9.154 15.518 -1.607
-9.082 15.56 3.242
-8.569 15.509 -1.8
-8.663 15.572 3.622
-7.919 15.599 -1.783
-7.876 15.616 4.618
-7.301 15.584 -1.75
-7.398 15.507 4.809
-6.675 15.46 -2.003
-6.714 15.495 4.797
-6.044 15.518 -2.258
-6.044 15.535 4.627
-5.419 15.518 -2.364
-5.419 15.554 4.54
-4.804 15.414 -2.391
-4.909 15.532 4.432
-4.119 15.456 -2.6
-4.207 15.511 4.107
-3.68 15.447 -3.004
-3.544 15.518 4.014
-2.93 15.414 -4.738
-2.893 15.543 4.16
-2.255 15.518 -5.137
-2.196 15.551 4.584
-1.677 15.479 -5.348
-1.624 15.58 4.805
-1.05 15.549 -5.451
-0.951 15.459 4.884
-0.434 15.438 -5.783
-0.447 15.496 4.627
0.148 15.372 -6.343
0.245 15.506 3.607
0.723 15.423 -6.525
0.744 15.473 2.644
1.341 15.489 -6.49
1.463 15.414 0.302
2.667 15.457 -8.412
2.803 15.523 -7.145
3.312 15.374 -8.897
3.43 15.479 -6.802
3.942 15.547 -8.624
4.056 15.529 -7.095
7.478 -13.753 -3.71
9.229 -13.961 -3.722
6.896 -13.753 -3.107
9.984 -13.975 -3.166
4.125 -13.89 -2.521
10.94 -13.901 -2.417
3.085 -13.791 -1.93
11.294 -13.929 -1.996
1.826 -13.84 -1.295
11.607 -13.964 -1.286
1.815 -13.844 -0.736
11.525 -13.846 -0.68
1.953 -13.813 -0.161
11.254 -13.839 -0.043
2.305 -13.863 0.558
11.128 -13.857 0.619
2.541 -13.843 1.097
11.162 -13.857 1.244
2.858 -13.874 1.818
11.138 -13.794 1.806
2.945 -13.887 2.389
10.899 -13.798 2.351
-6.424 -13.865 3.069
-3.232 -13.857 3.184
-0.143 -13.837 3.106
0.442 -13.849 3.265
3.013 -13.88 3.014
10.136 -13.807 3.194
-6.528 -13.9 3.639
-2.74 -13.861 3.89
-1.779 -13.849 3.685
-0.692 -13.864 3.817
-0.212 -13.858 3.6
0.498 -13.859 3.684
2.951 -13.896 3.62
9.882 -13.818 3.731
-6.364 -13.878 4.232
-2.614 -13.843 4.473
0.583 -13.855 4.302
1.577 -13.836 4.43
4.105 -14.005 4.455
9.687 -13.849 4.254
-4.951 -13.771 5.02
-2.715 -13.766 4.965
4.655 -13.961 5.091
8.134 -13.824 5.062
4.978 -13.886 5.583
7.795 -13.876 5.496
5.558 -13.96 6.196
7.25 -13.916 6.122
0.479 16.235 -5.53
1.128 16.108 -5.661
-2.645 16.182 -5.002
1.61 16.063 -4.979
-3.347 16.121 -4.338
1.711 16.081 -4.319
-3.605 16.274 -3.821
1.79 16.143 -3.756
-3.816 16.255 -3.144
1.768 16.143 -3.131
-4.381 16.127 -2.507
1.62 16.18 -2.514
-6.363 16.115 -1.879
1.633 16.105 -1.881
-9.542 16.129 -1.27
1.74 16.158 -1.212
-9.997 16.175 -0.485
1.741 16.081 -0.569
-10.103 16.081 0.056
1.536 16.22 -0.113
-9.976 16.129 0.602
1.417 16.17 0.645
-9.68 16.098 1.274
1.497 16.138 1.33
-9.559 16.143 1.869
1.467 16.197 1.745
-9.494 16.143 2.494
1.014 16.136 2.397
-9.307 16.142 3.038
0.001 16.155 3.174
-8.753 16.145 3.678
-0.273 16.063 3.701
-8.365 16.041 4.287
-4.506 16.247 4.35
-1.499 16.079 4.422
-0.838 16.12 4.256
-8.051 16.131 4.83
-6.302 16.26 5.022
-5.93 -13.895 2.715
-6.077 -13.808 4.586
-5.315 -13.885 2.648
-5.525 -13.831 4.719
-4.69 -13.857 2.783
-4.719 -13.792 5.153
-4.065 -13.856 2.845
-4.273 -13.838 5.423
-3.519 -13.853 2.796
-3.589 -13.86 5.461
-2.885 -13.843 3.563
-2.964 -13.796 5.17
-1.521 -13.861 3.432
-1.678 -13.844 4.052
-0.986 -13.86 3.403
-1.152 -13.86 4.179
0.242 -13.828 2.995
0.192 -13.851 3.871
0.956 -13.859 3.954
0.794 -13.853 4.724
1.468 -13.836 4.076
1.31 -13.856 4.683
2.21 -13.861 -1.589
2.039 -13.798 0.131
2.757 -13.868 -1.702
2.652 -13.827 1.427
3.373 -13.805 -2.068
3.341 -13.903 4.087
3.918 -13.939 -2.35
3.838 -13.862 4.316
4.628 -13.783 -2.718
4.458 -13.76 4.858
5.31 -13.814 -2.707
5.234 -13.901 5.907
5.956 -13.881 -2.659
5.936 -13.875 6.337
6.492 -13.919 -2.826
6.456 -13.936 6.399
7.137 -13.961 -3.333
7.007 -14.012 6.312
7.784 -13.857 -3.878
7.651 -14.011 5.763
8.331 -13.857 -3.995
8.408 -13.791 4.847
8.907 -13.857 -3.927
9.019 -13.844 4.719
9.658 -13.735 -3.411
9.502 -14.0 4.522
10.303 -13.811 -2.978
10.312 -13.868 2.983
10.709 -13.973 -2.646
10.708 -13.775 2.592
11.441 -13.721 -1.629
11.439 -13.957 -0.385
-9.775 16.078 -1.019
-9.795 16.188 0.967
-9.15 16.134 -1.492
-9.093 16.142 3.334
-8.544 16.143 -1.644
-8.544 16.249 3.997
-7.981 16.081 -1.646
-7.834 16.285 5.102
-7.425 16.17 -1.522
-7.294 16.186 5.248
-6.733 16.101 -1.667
-6.749 16.101 5.192
-6.123 16.02 -2.041
-6.057 16.109 4.844
-5.523 16.099 -2.172
-5.419 16.143 4.655
-4.813 16.116 -2.297
-4.863 16.039 4.514
-4.074 16.006 -2.739
-4.134 16.143 4.163
-3.507 16.112 -3.958
-3.544 16.143 4.038
-2.962 16.129 -4.79
-2.919 16.143 4.071
-2.286 16.188 -5.102
-2.294 16.119 4.204
-1.669 16.143 -5.209
-1.714 16.227 4.246
-1.044 16.143 -5.262
-1.035 15.991 4.478
-0.424 16.106 -5.354
-0.439 16.057 3.987
0.104 16.144 -5.483
0.258 16.135 2.926
0.764 16.109 -5.751
0.743 16.136 2.61
1.372 16.145 -5.286
1.466 16.011 0.248
1.456 16.21 0.986
1.361 16.191 1.962
7.352 -13.215 -3.807
9.345 -13.368 -3.77
6.789 -13.184 -3.14
10.405 -13.237 -3.086
3.599 -13.211 -2.521
10.751 -13.199 -2.624
1.229 -13.129 -1.906
11.198 -13.304 -1.988
1.014 -13.183 -1.386
11.479 -13.277 -1.175
0.961 -13.296 -0.774
11.385 -13.219 -0.545
-3.336 -13.215 -0.092
-2.101 -13.203 0.009
0.635 -13.227 -0.101
11.183 -13.232 -0.006
-4.954 -13.14 0.642
11.088 -13.232 0.619
-5.121 -13.216 1.127
11.134 -13.232 1.244
-5.662 -13.207 1.813
11.052 -13.187 1.879
-8.969 -13.181 2.472
10.625 -13.103 2.486
-9.008 -13.268 3.014
9.838 -13.247 3.172
-8.818 -13.236 3.599
9.348 -13.148 3.741
-7.201 -13.294 4.367
8.092 -13.218 4.412
-7.001 -13.265 4.853
2.361 -13.213 4.992
4.778 -13.362 5.099
7.357 -13.165 4.969
-5.024 -13.304 5.504
-3.149 -13.252 5.643
0.378 -13.284 5.568
1.781 -13.15 5.617
5.594 -13.261 5.6
6.878 -13.155 5.593
-3.069 16.841 -4.928
0.557 16.765 -5.001
-3.61 16.798 -4.296
1.538 16.597 -4.384
-3.757 16.768 -3.756
1.679 16.703 -3.756
-3.858 16.831 -3.194
1.645 16.732 -3.14
-3.993 16.8 -2.573
1.35 16.895 -2.567
-4.404 16.774 -1.823
1.275 16.835 -1.986
-8.945 16.802 -1.194
-7.711 16.682 -1.253
-6.341 16.782 -1.182
1.364 16.872 -1.336
-9.592 16.784 -0.561
1.534 16.637 -0.686
-9.855 16.622 0.039
1.355 16.798 -0.026
-9.597 16.711 0.743
1.241 16.831 0.556
-9.429 16.724 1.348
1.288 16.797 1.104
-9.417 16.738 1.973
1.248 16.759 1.777
-9.37 16.699 2.597
0.606 16.847 2.459
-9.041 16.767 3.177
-1.457 16.823 3.058
-8.658 16.731 3.676
-2.072 16.825 3.663
-8.341 16.723 4.355
-4.627 16.785 4.313
-8.054 16.741 4.906
-6.32 16.829 5.01
-8.52 -13.161 2.113
-8.616 -13.105 3.893
-7.815 -13.224 2.117
-8.051 -13.146 4.043
-7.19 -13.204 2.267
-7.45 -13.246 4.225
-6.565 -13.247 2.268
-6.704 -13.215 5.17
-6.005 -13.273 2.087
-6.148 -13.215 5.238
-5.352 -13.25 1.607
-5.535 -13.236 5.327
-4.742 -13.15 0.503
-4.808 -13.207 5.82
-4.124 -13.207 0.253
-4.273 -13.264 6.016
-3.54 -13.271 0.096
-3.599 -13.251 5.899
-2.811 -13.187 -0.245
-2.929 -13.288 5.485
-2.363 -13.184 -0.149
-2.333 -13.25 5.227
-1.559 -13.233 0.244
-1.669 -13.166 5.21
-0.94 -13.247 0.257
-1.044 -13.166 5.246
-0.315 -13.257 0.159
-0.481 -13.215 5.246
0.254 -13.245 0.129
0.04 -13.18 5.469
0.883 -13.277 -0.424
0.793 -13.107 5.804
1.557 -13.243 -2.13
1.427 -13.155 5.743
2.126 -13.254 -2.364
2.073 -13.203 5.323
2.832 -13.344 -2.353
2.727 -13.194 4.714
3.407 -13.371 -2.426
3.331 -13.168 4.566
4.015 -13.229 -2.624
4.001 -13.236 4.668
4.644 -13.169 -2.831
4.638 -13.147 4.927
5.206 -13.232 -2.877
5.194 -13.226 5.295
5.769 -13.294 -2.791
5.974 -13.28 5.805
6.391 -13.287 -2.9
6.515 -13.251 5.828
7.052 -13.247 -3.416
7.074 -13.141 5.389
7.762 -13.282 -4.044
7.726 -13.234 4.638
8.331 -13.311 -4.175
8.369 -13.131 4.292
8.94 -13.31 -4.151
8.949 -13.164 4.147
9.686 -13.213 -3.578
9.56 -13.161 3.489
10.127 -13.198 -3.333
10.252 -13.291 2.794
10.886 -13.199 -2.408
10.847 -13.264 2.332
11.432 -13.128 -1.468
11.458 -13.279 -0.785
-9.803 16.688 -0.205
-9.717 16.786 0.198
-9.259 16.773 -1.016
-9.176 16.872 2.925
-8.632 16.664 -1.377
-8.505 16.786 3.918
-8.005 16.643 -1.354
-7.795 16.845 5.097
-7.352 16.765 -1.002
-7.356 16.706 5.27
-6.791 16.766 -0.958
-6.737 16.722 5.22
-6.066 16.725 -1.468
-6.071 16.768 4.844
-5.523 16.754 -1.622
-5.464 16.768 4.592
-4.906 16.776 -1.63
-4.859 16.626 4.468
-4.231 16.745 -2.158
-4.196 16.824 4.047
-3.439 16.694 -4.542
-3.544 16.743 3.968
-2.768 16.751 -5.078
-2.919 16.724 3.969
-2.231 16.831 -5.194
-2.28 16.63 3.919
-1.731 16.706 -5.181
-1.725 16.836 3.304
-1.155 16.788 -5.126
-1.008 16.846 2.79
-0.523 16.687 -5.071
-0.292 16.681 2.718
0.167 16.649 -5.117
0.304 16.677 2.635
0.759 16.87 -4.83
0.853 16.795 2.288
1.279 16.813 -4.525
1.491 16.733 -2.685
1.44 16.835 -1.001
1.458 16.685 -0.271
8.614 -12.597 -6.296
9.909 -12.608 -6.13
8.497 -12.623 -5.74
9.936 -12.59 -5.527
8.18 -12.595 -5.046
9.741 -12.571 -4.902
6.922 -12.582 -4.418
9.786 -12.593 -4.329
6.826 -12.637 -3.828
10.438 -12.679 -3.59
6.115 -12.596 -3.209
10.718 -12.736 -3.058
1.592 -12.595 -2.533
11.032 -12.635 -2.483
0.948 -12.649 -1.883
11.29 -12.607 -1.911
0.001 -12.525 -1.262
11.484 -12.607 -1.199
-3.796 -12.463 -0.639
-1.925 -12.662 -0.577
-0.875 -12.566 -0.719
11.395 -12.607 -0.545
-4.637 -12.576 -0.049
11.208 -12.607 -0.006
-5.84 -12.568 0.554
11.12 -12.607 0.619
-7.65 -12.592 1.16
11.153 -12.607 1.244
-8.859 -12.545 1.859
11.044 -12.503 1.827
-9.362 -12.53 2.468
10.484 -12.503 2.475
-9.427 -12.593 3.014
9.326 -12.595 3.156
-9.296 -12.573 3.599
8.543 -12.559 3.677
-8.37 -12.638 4.437
7.34 -12.607 4.37
-8.109 -12.554 4.988
3.026 -12.535 5.001
5.52 -12.635 5.062
6.738 -12.618 5.008
-7.737 -12.58 5.692
-2.668 -12.606 5.616
-0.194 -12.717 5.641
2.288 -12.475 5.579
-6.227 -12.548 6.284
-3.263 -12.585 6.254
-5.646 -12.504 6.887
-3.713 -12.642 6.923
-3.048 17.332 -4.945
-1.29 17.437 -4.924
-3.619 17.35 -4.233
1.0 17.272 -4.322
-3.735 17.373 -3.652
1.178 17.349 -3.861
-3.726 17.319 -3.038
1.19 17.351 -3.176
-3.346 17.486 -2.471
1.027 17.316 -2.506
-2.655 17.412 -1.766
1.044 17.376 -1.837
-2.228 17.419 -1.153
1.201 17.393 -1.256
-2.521 17.382 -0.539
1.269 17.323 -0.701
-8.149 17.404 0.148
-7.065 17.352 -0.069
-6.462 17.408 0.049
-5.733 17.364 -0.054
-3.225 17.403 0.081
1.064 17.427 -0.017
-8.369 17.414 0.658
0.938 17.329 0.569
-8.763 17.382 1.381
0.724 17.408 1.184
-8.93 17.414 1.973
0.58 17.357 1.788
-8.936 17.313 2.627
-1.313 17.391 2.488
-8.658 17.254 3.173
-2.036 17.321 3.056
-8.241 17.304 3.847
-4.415 17.362 3.727
-8.092 17.277 4.449
-5.808 17.419 4.298
-7.607 17.307 4.985
-6.809 17.437 4.937
-9.107 -12.699 2.159
-9.086 -12.575 3.891
-8.457 -12.627 1.669
-8.601 -12.604 4.227
-7.957 -12.596 1.397
-7.955 -12.559 5.462
-7.176 -12.593 0.951
-7.289 -12.62 5.994
-6.565 -12.606 0.918
-6.781 -12.641 6.074
-6.028 -12.648 0.776
-5.998 -12.544 6.423
-5.344 -12.595 0.265
-5.361 -12.568 7.117
-4.736 -12.737 0.099
-4.898 -12.602 7.298
-4.18 -12.546 -0.311
-4.215 -12.635 7.238
-3.404 -12.544 -0.787
-3.525 -12.616 6.69
-2.815 -12.549 -0.87
-2.934 -12.591 5.839
-2.212 -12.514 -0.8
-2.382 -12.71 5.489
-1.535 -12.669 -0.482
-1.773 -12.65 5.468
-1.035 -12.673 -0.539
-1.148 -12.635 5.504
-0.446 -12.522 -1.055
-0.503 -12.706 5.542
0.255 -12.545 -1.366
0.211 -12.559 5.885
0.741 -12.638 -1.677
0.894 -12.544 6.067
1.444 -12.67 -2.378
1.456 -12.607 5.979
2.127 -12.554 -2.689
1.961 -12.684 5.755
2.81 -12.589 -2.691
2.69 -12.548 5.198
3.407 -12.697 -2.591
3.305 -12.645 4.872
3.863 -12.543 -2.566
3.956 -12.607 4.826
4.536 -12.618 -2.687
4.581 -12.607 4.846
5.144 -12.669 -2.954
5.224 -12.543 4.917
5.804 -12.694 -3.045
5.956 -12.631 5.186
6.542 -12.702 -3.33
6.527 -12.73 5.226
7.225 -12.621 -4.695
7.085 -12.602 4.632
7.763 -12.62 -4.777
7.776 -12.588 4.088
8.398 -12.623 -5.22
8.398 -12.723 3.926
9.075 -12.604 -6.587
8.974 -12.608 3.381
9.619 -12.588 -6.538
9.662 -12.579 2.966
10.228 -12.572 -3.929
10.213 -12.669 2.639
10.882 -12.575 -2.88
10.822 -12.711 2.194
11.439 -12.503 -1.516
11.457 -12.711 -0.781
-8.608 17.361 1.005
-8.45 17.377 3.322
-7.936 17.373 -0.087
-7.838 17.387 4.728
-7.433 17.345 -0.142
-7.225 17.264 5.088
-6.757 17.406 0.085
-6.503 17.332 4.848
-6.115 17.369 -0.134
-5.984 17.278 4.512
-5.444 17.401 0.25
-5.307 17.39 4.166
-4.898 17.384 0.437
-4.753 17.269 4.057
-4.273 17.375 0.424
-4.036 17.395 3.529
-3.432 17.281 -4.571
-3.543 17.492 -2.759
-3.668 17.387 0.329
-3.44 17.409 3.504
-2.875 17.282 -5.055
-2.86 17.541 -2.078
-2.951 17.367 -0.197
-2.815 17.379 3.541
-2.398 17.344 -5.156
-2.278 17.439 -1.392
-2.364 17.372 -0.854
-2.269 17.258 3.369
-1.736 17.324 -5.133
-1.613 17.263 2.755
-1.004 17.422 -4.788
-0.991 17.47 2.268
-0.523 17.375 -4.635
-0.315 17.34 2.141
0.161 17.287 -4.622
0.285 17.264 2.127
0.779 17.301 -4.447
0.884 17.329 0.822
8.065 -11.909 -6.895
10.31 -11.973 -6.762
5.688 -11.866 -6.259
10.563 -11.932 -6.212
5.485 -11.895 -5.747
10.606 -11.994 -5.527
5.523 -11.915 -5.051
10.662 -12.008 -4.967
5.678 -11.959 -4.444
11.026 -11.928 -4.349
5.63 -11.909 -3.861
11.247 -11.956 -3.712
5.478 -11.911 -3.226
11.213 -11.986 -3.027
1.368 -12.084 -2.456
3.606 -12.03 -2.504
4.789 -11.851 -2.556
11.209 -12.044 -2.444
0.703 -11.912 -1.866
11.342 -12.002 -1.926
-0.767 -11.922 -1.275
11.527 -11.923 -1.223
-4.0 -11.878 -0.687
11.385 -11.959 -0.485
-5.496 -11.958 0.037
11.251 -12.044 0.056
-8.069 -11.868 0.636
11.288 -11.982 0.619
-8.363 -11.927 1.096
11.331 -11.923 1.293
-8.943 -11.88 1.762
11.134 -11.919 1.912
-9.412 -11.982 2.516
10.581 -11.878 2.517
-9.471 -11.982 3.119
8.691 -11.987 3.121
-9.319 -11.982 3.668
7.531 -11.951 3.796
-8.743 -12.04 4.346
6.89 -11.949 4.411
-8.348 -12.082 4.908
3.648 -11.927 4.992
-8.113 -12.023 5.503
2.338 -11.878 5.583
-7.551 -12.057 6.121
-2.714 -11.928 6.207
-6.196 -12.03 6.736
-3.166 -12.014 6.884
-5.642 -12.006 7.352
-3.687 -11.961 7.535
-3.244 18.04 -4.253
-1.245 17.975 -4.52
-3.385 18.074 -3.652
-0.812 18.018 -3.813
-3.342 17.947 -3.007
-0.727 18.028 -3.236
-3.031 17.894 -2.513
-0.763 18.022 -2.631
-1.342 17.985 -1.747
0.403 17.961 -1.91
-1.247 17.977 -1.152
0.984 17.869 -1.273
-1.302 18.014 -0.527
1.0 17.944 -0.644
-1.539 18.055 -0.004
0.638 18.051 -0.057
-2.639 18.031 0.742
-0.631 18.048 0.603
-2.695 18.019 1.348
-0.811 18.007 1.124
-2.473 17.975 1.877
-1.24 17.977 1.86
-7.429 17.996 2.648
-6.362 17.993 2.446
-7.484 18.001 3.166
-5.977 18.008 3.03
-6.976 17.988 3.794
-6.439 18.004 3.624
-9.181 -12.086 2.08
-9.097 -11.937 4.007
-8.51 -12.143 1.429
-8.556 -11.874 4.613
-7.772 -11.922 0.464
-7.826 -11.845 5.928
-7.19 -11.948 0.302
-7.207 -11.853 6.32
-6.565 -11.957 0.296
-6.687 -11.945 6.485
-5.947 -12.02 0.258
-5.999 -11.833 7.026
-5.267 -11.953 -0.043
-5.355 -11.842 7.633
-4.7 -12.023 -0.209
-4.794 -11.939 7.765
-4.184 -12.044 -0.521
-4.172 -11.962 7.715
-3.504 -11.982 -0.948
-3.51 -12.038 7.323
-2.919 -11.982 -1.065
-2.926 -11.967 6.476
-2.294 -11.982 -1.015
-2.286 -11.927 5.904
-1.624 -12.018 -0.939
-1.669 -11.92 5.722
-1.02 -12.084 -1.043
-1.044 -11.906 5.728
-0.274 -12.012 -1.468
-0.419 -12.046 5.787
0.331 -12.018 -1.677
0.115 -11.905 6.081
0.955 -12.054 -2.063
0.786 -11.997 6.162
1.588 -12.055 -2.567
1.456 -11.982 6.067
2.144 -11.919 -2.725
2.011 -12.086 5.83
2.706 -11.982 -2.739
2.685 -12.044 5.291
3.311 -12.027 -2.596
3.208 -12.032 5.048
3.985 -11.866 -2.419
3.91 -11.96 4.929
4.476 -11.998 -2.451
4.581 -11.982 4.788
5.194 -12.118 -2.847
5.206 -11.982 4.769
5.945 -11.965 -6.414
5.831 -12.026 4.894
6.501 -11.949 -6.646
6.469 -12.013 4.768
7.185 -11.989 -6.64
7.115 -11.968 4.175
7.753 -12.0 -6.684
7.782 -11.878 3.583
8.409 -11.892 -7.064
8.38 -12.102 3.429
9.06 -11.955 -7.233
9.047 -11.962 2.981
9.685 -11.921 -7.195
9.644 -11.919 2.852
10.182 -11.864 -6.982
10.153 -12.086 2.692
10.845 -11.91 -4.685
10.823 -12.086 2.278
11.464 -11.943 -1.614
11.458 -12.112 -0.826
-7.296 17.984 2.404
-7.231 18.022 3.546
-6.795 17.987 2.296
-6.634 17.978 3.817
-6.132 18.019 2.788
-6.035 17.999 3.258
-2.953 17.952 -4.668
-2.795 17.982 -2.424
-2.398 18.033 -4.831
-2.249 17.968 -2.236
-2.334 18.001 0.298
-2.149 17.972 2.032
-1.776 18.062 -4.765
-1.633 18.029 -2.113
-1.821 18.038 0.13
-1.599 17.888 2.118
-1.083 18.076 -4.228
-0.981 17.992 1.589
-0.462 18.026 -2.198
-0.28 18.032 0.408
0.062 18.001 -2.036
0.255 18.003 0.24
0.733 18.001 -1.557
0.861 17.962 -0.208
-0.468 -4.605 -13.101
-0.343 -4.13 -13.125
6.07 -11.231 -6.901
10.532 -11.397 -6.75
5.415 -11.312 -6.264
10.836 -11.336 -6.133
5.147 -11.255 -5.655
10.858 -11.281 -5.587
5.163 -11.247 -5.089
10.955 -11.439 -4.922
5.45 -11.461 -4.419
11.268 -11.385 -4.367
5.477 -11.367 -3.756
11.522 -11.349 -3.673
5.352 -11.324 -3.232
11.506 -11.231 -3.119
1.78 -11.393 -2.494
3.607 -11.493 -2.498
4.699 -11.349 -2.579
11.399 -11.505 -2.483
1.039 -11.248 -1.916
11.621 -11.374 -1.846
-0.892 -11.253 -1.284
11.816 -11.224 -1.253
-4.005 -11.253 -0.637
11.595 -11.322 -0.607
-5.147 -11.29 0.015
11.391 -11.385 0.061
-8.291 -11.312 0.662
11.398 -11.379 0.723
-8.7 -11.342 1.3
11.466 -11.369 1.212
-9.015 -11.253 1.8
11.256 -11.304 1.785
-9.377 -11.357 2.529
10.666 -11.253 2.509
-9.438 -11.357 3.119
7.591 -11.268 3.184
-9.342 -11.357 3.681
6.863 -11.284 3.775
-8.887 -11.461 4.352
6.209 -11.289 4.324
-8.31 -11.461 5.04
3.206 -11.316 5.019
-8.059 -11.388 5.558
2.329 -11.253 5.606
-7.212 -11.357 6.273
-2.142 -11.322 6.292
-0.154 -11.445 6.249
1.152 -11.223 6.332
-6.25 -11.461 6.829
-2.667 -11.331 6.907
-5.723 -11.461 7.446
-3.228 -11.321 7.505
-2.484 18.631 -3.664
-1.983 18.629 -3.789
-9.192 -11.461 2.068
-9.175 -11.253 4.058
-8.528 -11.402 1.0
-8.563 -11.253 4.682
-7.858 -11.357 0.306
-7.811 -11.284 5.843
-7.294 -11.357 0.113
-7.382 -11.305 6.173
-6.669 -11.357 0.111
-6.722 -11.312 6.479
-6.044 -11.357 0.187
-6.014 -11.253 7.123
-5.455 -11.371 0.104
-5.363 -11.253 7.727
-4.826 -11.399 -0.138
-4.794 -11.357 7.894
-4.265 -11.461 -0.491
-4.169 -11.357 7.867
-3.536 -11.357 -0.933
-3.573 -11.397 7.656
-2.919 -11.357 -1.071
-2.993 -11.411 7.231
-2.294 -11.357 -1.023
-2.388 -11.364 6.451
-1.669 -11.357 -1.013
-1.769 -11.452 6.047
-1.13 -11.461 -1.175
-1.148 -11.43 5.997
-0.401 -11.357 -1.537
-0.497 -11.469 6.091
0.206 -11.357 -1.668
0.159 -11.362 6.484
0.78 -11.361 -1.815
0.706 -11.367 6.479
1.435 -11.343 -2.254
1.438 -11.393 6.083
2.005 -11.485 -2.588
2.012 -11.461 5.807
2.661 -11.368 -2.628
2.803 -11.422 5.227
3.347 -11.34 -2.6
3.492 -11.417 4.966
4.04 -11.388 -2.442
4.019 -11.294 4.842
4.499 -11.507 -2.467
4.519 -11.419 4.69
5.234 -11.38 -5.925
5.223 -11.252 -4.771
5.113 -11.375 -2.897
5.161 -11.361 4.551
5.888 -11.473 -6.695
5.867 -11.487 4.547
6.573 -11.311 -7.009
6.519 -11.36 4.198
7.185 -11.311 -7.048
7.219 -11.428 3.548
7.829 -11.383 -7.118
7.862 -11.284 3.014
8.394 -11.294 -7.286
8.45 -11.384 2.829
8.956 -11.357 -7.414
9.019 -11.294 2.768
9.581 -11.357 -7.398
9.581 -11.357 2.808
10.152 -11.357 -7.153
10.185 -11.461 2.72
10.797 -11.256 -6.325
10.88 -11.461 2.343
11.445 -11.233 -4.091
11.436 -11.431 -2.919
11.488 -11.315 -2.303
11.459 -11.433 -0.335
11.442 -11.304 0.974
11.435 -11.429 1.387
-2.332 18.619 -3.938
-2.207 18.641 -3.426
-1.123 -5.345 -12.386
-1.015 -3.074 -12.41
-0.551 -5.521 -12.448
-0.315 -2.95 -12.479
0.163 -5.446 -12.429
0.239 -3.047 -12.462
0.775 -4.864 -12.534
0.884 -3.589 -12.491
6.001 -10.628 -6.89
10.438 -10.746 -6.826
5.367 -10.628 -6.297
10.722 -10.802 -6.31
5.12 -10.732 -5.582
10.766 -10.618 -5.688
5.12 -10.669 -5.069
10.943 -10.803 -4.978
5.132 -10.74 -4.509
11.262 -10.794 -4.386
5.063 -10.617 -3.863
11.516 -10.836 -3.708
4.932 -10.75 -3.23
11.557 -10.669 -3.194
2.977 -10.601 -2.517
11.609 -10.808 -2.536
1.62 -10.585 -1.914
11.9 -10.694 -1.811
-0.758 -10.769 -1.255
12.082 -10.674 -1.265
-3.809 -10.787 -0.598
11.886 -10.698 -0.762
-4.458 -10.72 0.062
11.554 -10.699 -0.144
-8.244 -10.732 0.622
11.327 -10.711 0.493
-8.677 -10.71 1.396
11.289 -10.797 1.179
-8.95 -10.669 1.892
11.079 -10.643 1.767
-9.329 -10.732 2.565
10.496 -10.706 2.453
-9.463 -10.732 3.119
7.412 -10.628 3.11
-9.417 -10.732 3.707
6.588 -10.727 3.692
-8.965 -10.836 4.386
5.027 -10.589 4.389
-8.161 -10.848 5.058
3.602 -10.683 5.01
-7.703 -10.711 5.699
2.483 -10.787 5.635
-7.096 -10.841 6.269
1.35 -10.672 6.384
-6.255 -10.836 6.834
1.001 -10.68 6.883
-5.704 -10.836 7.465
-1.326 -10.742 7.515
-0.771 -10.754 7.441
0.545 -10.722 7.467
-9.178 -10.836 2.184
-9.191 -10.628 4.166
-8.484 -10.8 0.956
-8.546 -10.628 4.678
-7.882 -10.732 0.349
-7.911 -10.607 5.287
-7.294 -10.732 0.133
-7.369 -10.737 6.098
-6.731 -10.794 0.11
-6.729 -10.602 6.484
-6.14 -10.694 0.312
-6.022 -10.628 7.086
-5.523 -10.773 0.386
-5.415 -10.669 7.757
-4.93 -10.809 0.258
-4.926 -10.718 7.996
-4.193 -10.85 -0.277
-4.273 -10.792 7.976
-3.562 -10.839 -0.767
-3.648 -10.766 7.856
-3.023 -10.79 -0.879
-3.034 -10.772 7.756
-2.398 -10.785 -0.838
-2.398 -10.708 7.778
-1.773 -10.804 -0.81
-1.732 -10.706 7.716
-1.105 -10.795 -1.021
-1.102 -10.754 7.404
-0.454 -10.824 -1.427
-0.498 -10.635 7.692
0.161 -10.719 -1.512
0.113 -10.621 7.725
0.831 -10.732 -1.605
0.753 -10.737 7.158
1.31 -10.793 -1.802
1.487 -10.848 6.169
2.088 -10.676 -2.229
2.042 -10.802 5.92
2.609 -10.747 -2.411
2.758 -10.769 5.438
3.25 -10.809 -2.634
3.289 -10.762 5.123
3.956 -10.753 -2.756
3.923 -10.786 4.889
4.616 -10.865 -2.848
4.618 -10.832 4.615
5.204 -10.836 -6.026
5.321 -10.737 4.245
5.76 -10.836 -6.741
5.902 -10.778 3.979
6.474 -10.732 -7.045
6.443 -10.852 3.822
7.081 -10.732 -7.155
7.048 -10.777 3.396
7.706 -10.732 -7.281
7.735 -10.794 2.878
8.331 -10.732 -7.336
8.286 -10.747 2.628
8.956 -10.732 -7.393
8.956 -10.798 2.581
9.519 -10.794 -7.391
9.581 -10.786 2.659
10.078 -10.699 -7.138
10.179 -10.867 2.633
10.825 -10.659 -5.218
10.808 -10.743 2.21
11.426 -10.628 -4.035
11.443 -10.811 0.112
12.065 -10.623 -1.379
12.037 -10.748 -1.167
-1.578 -5.238 -11.844
-1.652 -3.04 -11.85
-1.088 -5.616 -11.877
-0.935 -1.839 -11.868
-0.461 -5.821 -11.77
-0.265 -2.135 -11.902
0.091 -5.772 -11.871
0.31 -2.33 -11.886
0.826 -5.367 -11.913
0.854 -2.229 -11.914
1.456 -5.193 -11.816
1.579 -1.617 -11.906
2.081 -5.209 -11.785
2.185 -1.549 -11.872
2.662 -5.22 -11.787
2.665 -1.711 -11.783
3.222 -4.743 -11.863
3.403 -3.513 -11.845
5.174 -7.886 -11.857
5.333 -6.621 -11.892
5.718 -7.955 -11.88
5.886 -6.621 -11.888
6.092 -10.003 -6.889
10.005 -10.067 -6.816
5.354 -10.048 -6.263
10.458 -10.236 -6.288
5.167 -10.065 -5.644
10.513 -10.054 -5.631
5.102 -10.107 -5.006
10.733 -10.197 -5.109
4.873 -10.062 -4.394
11.153 -10.229 -4.442
4.275 -10.032 -3.767
11.523 -10.211 -3.686
3.677 -9.969 -3.21
11.593 -10.107 -3.131
2.959 -10.066 -2.523
11.66 -10.107 -2.506
1.699 -10.003 -1.917
11.818 -10.044 -1.944
0.593 -10.039 -1.24
11.959 -10.155 -1.303
-0.74 -10.088 -0.629
11.756 -10.066 -0.649
-3.693 -10.136 0.148
11.212 -10.106 0.061
-7.761 -10.068 0.583
-6.218 -10.15 0.568
-3.931 -10.087 0.634
10.998 -10.177 0.619
-8.324 -10.09 1.296
-5.568 -10.005 1.25
-4.626 -10.049 1.264
10.934 -10.202 1.211
-8.693 -10.223 1.85
10.614 -10.154 1.843
-9.273 -10.152 2.643
8.087 -9.978 2.515
-9.418 -10.124 3.223
7.419 -10.003 3.107
-9.368 -10.184 3.778
5.647 -9.973 3.785
-8.934 -10.173 4.343
4.938 -10.003 4.404
-8.12 -10.152 4.927
4.318 -9.979 5.023
-7.704 -10.169 5.595
3.072 -10.121 5.65
-7.414 -10.111 6.104
2.411 -10.019 6.239
-6.315 -10.152 6.896
1.309 -10.088 6.912
-5.747 -10.147 7.569
1.019 -10.064 7.513
-5.223 -10.116 8.225
-1.255 -10.097 8.202
-0.222 -10.175 8.082
0.411 -10.037 8.151
-9.086 -10.224 2.298
-9.18 -10.125 4.113
-8.542 -10.193 1.627
-8.524 -10.06 4.581
-7.955 -10.075 0.776
-7.898 -10.003 5.194
-7.398 -10.185 0.376
-7.175 -10.022 6.365
-6.72 -10.198 0.36
-6.691 -10.044 6.68
-6.054 -10.053 0.787
-6.042 -10.048 7.174
-5.341 -10.038 1.328
-5.388 -10.23 7.999
-4.943 -10.024 1.369
-4.791 -10.126 8.404
-4.262 -10.103 0.886
-4.273 -10.113 8.381
-3.546 -10.194 -0.112
-3.648 -10.08 8.304
-3.023 -10.151 -0.277
-3.023 -10.077 8.334
-2.398 -10.141 -0.208
-2.398 -10.114 8.434
-1.773 -10.168 -0.17
-1.777 -10.115 8.365
-1.112 -10.101 -0.331
-0.996 -10.233 8.022
-0.394 -10.067 -0.907
-0.469 -10.209 8.042
0.187 -10.04 -1.132
0.099 -10.073 8.208
0.815 -10.147 -1.414
0.743 -10.116 7.818
1.379 -10.211 -1.687
1.546 -10.13 6.624
2.051 -10.169 -2.162
2.053 -10.059 6.36
2.615 -10.167 -2.378
2.713 -10.095 5.992
3.352 -10.16 -2.763
3.316 -10.16 5.425
4.031 -10.117 -3.464
3.848 -10.187 5.165
4.582 -10.068 -3.992
4.539 -10.22 4.774
5.212 -10.214 -5.913
5.304 -10.215 4.053
5.739 -10.152 -6.674
5.977 -10.073 3.695
6.486 -10.107 -7.008
6.549 -10.148 3.594
7.019 -10.169 -7.153
7.084 -10.169 3.363
7.697 -10.039 -7.354
7.782 -10.22 2.792
8.331 -10.107 -7.351
8.469 -10.073 2.37
8.894 -10.169 -7.293
9.06 -10.069 2.267
9.527 -10.116 -7.139
9.644 -10.109 2.268
10.214 -10.098 -6.637
10.214 -10.164 2.162
10.858 -9.989 -4.786
10.846 -10.183 1.549
11.433 -10.003 -3.991
11.428 -10.045 -0.243
-4.838 -1.591 -11.211
-4.722 -1.045 -11.278
-4.142 -2.27 -11.214
-4.054 0.87 -11.246
-3.648 -2.346 -11.228
-3.44 0.797 -11.227
-3.045 -2.377 -11.257
-2.858 0.866 -11.238
-2.321 -2.988 -11.26
-2.206 1.228 -11.138
-1.538 -5.35 -11.214
-1.571 1.273 -11.164
-0.895 -5.762 -11.248
-0.965 0.994 -11.228
-0.419 -5.845 -11.256
-0.353 0.248 -11.248
0.092 -5.792 -11.325
0.298 -0.826 -11.274
0.75 -5.575 -11.256
0.9 0.004 -11.231
1.333 -5.44 -11.216
1.51 -0.529 -11.236
1.977 -5.452 -11.278
2.216 -0.977 -11.208
2.602 -5.536 -11.312
2.691 -1.243 -11.151
3.204 -5.543 -11.357
3.367 -1.714 -11.194
3.907 -7.198 -11.213
4.106 -5.902 -11.277
3.803 -5.295 -11.283
4.06 -1.849 -11.156
4.633 -8.358 -11.103
4.591 -5.813 -11.286
4.517 -3.577 -11.276
4.635 -1.922 -11.115
5.144 -8.544 -11.243
5.268 -5.58 -11.249
5.754 -8.638 -11.171
5.999 -5.872 -11.225
6.353 -8.418 -11.266
6.477 -6.104 -11.161
7.367 -9.41 -7.554
8.053 -9.492 -7.549
5.932 -9.48 -6.951
9.481 -9.496 -6.938
5.154 -9.402 -6.26
9.901 -9.525 -6.356
5.069 -9.482 -5.631
10.055 -9.392 -5.698
4.969 -9.482 -5.006
10.492 -9.589 -5.084
4.694 -9.419 -4.501
11.201 -9.586 -4.387
3.743 -9.459 -3.695
11.562 -9.586 -3.696
3.434 -9.423 -3.241
11.581 -9.482 -3.131
2.46 -9.344 -2.499
11.543 -9.473 -2.543
1.635 -9.378 -1.938
11.597 -9.569 -1.881
1.053 -9.361 -1.316
11.645 -9.567 -1.263
-0.233 -9.346 -0.651
11.317 -9.497 -0.622
-0.832 -9.347 -0.027
10.519 -9.344 -0.078
-1.426 -9.335 0.627
10.124 -9.363 0.608
-7.469 -9.498 1.395
-6.86 -9.512 1.176
-2.677 -9.453 1.243
9.99 -9.397 1.139
-7.652 -9.469 1.903
-5.664 -9.553 1.756
-3.215 -9.468 1.859
9.725 -9.434 1.715
-8.754 -9.497 2.645
7.947 -9.434 2.487
-8.979 -9.451 3.223
7.335 -9.435 3.09
-8.9 -9.485 3.793
5.537 -9.434 3.756
-8.318 -9.493 4.421
4.943 -9.358 4.333
-7.988 -9.528 4.906
4.447 -9.378 5.036
-7.736 -9.527 5.588
3.494 -9.351 5.591
-7.493 -9.482 6.159
2.856 -9.344 6.167
-6.538 -9.524 6.957
1.639 -9.34 6.931
-6.143 -9.537 7.356
1.24 -9.5 7.503
-5.787 -9.483 8.071
1.075 -9.475 8.163
-5.26 -9.594 8.648
0.972 -9.429 8.693
-3.263 -9.421 9.419
-1.877 -9.505 9.397
-0.151 -9.408 9.405
0.442 -9.464 9.322
-8.556 -9.578 2.374
-8.521 -9.408 4.116
-8.05 -9.521 2.192
-7.901 -9.475 5.1
-7.303 -9.534 1.154
-7.284 -9.419 6.46
-6.67 -9.449 1.356
-6.833 -9.473 6.764
-6.163 -9.469 1.64
-6.044 -9.328 7.647
-5.432 -9.344 1.989
-5.453 -9.458 8.583
-4.856 -9.442 2.026
-4.831 -9.357 8.894
-4.292 -9.393 2.196
-4.231 -9.48 8.94
-3.609 -9.421 2.109
-3.681 -9.416 9.128
-2.928 -9.454 1.548
-2.891 -9.446 9.636
-2.28 -9.433 0.992
-2.346 -9.443 9.646
-1.776 -9.458 0.771
-1.679 -9.524 9.204
-1.135 -9.457 0.237
-1.148 -9.483 8.994
-0.514 -9.47 -0.426
-0.553 -9.476 9.149
0.171 -9.499 -0.909
0.248 -9.417 9.45
0.725 -9.569 -1.133
0.798 -9.435 9.008
1.361 -9.601 -1.666
1.429 -9.533 7.052
2.134 -9.587 -2.296
2.044 -9.508 6.571
2.818 -9.552 -2.623
2.58 -9.553 6.308
3.26 -9.527 -2.99
3.223 -9.472 5.799
4.074 -9.563 -3.951
3.903 -9.593 5.325
4.505 -9.523 -4.256
4.626 -9.586 4.857
5.35 -9.535 -6.447
5.242 -9.598 4.031
5.8 -9.605 -6.806
5.853 -9.437 3.619
6.378 -9.482 -7.103
6.394 -9.544 3.557
7.062 -9.554 -7.316
6.996 -9.538 3.344
7.62 -9.348 -7.703
7.663 -9.491 2.742
8.396 -9.472 -7.427
8.335 -9.437 2.311
8.99 -9.527 -7.219
8.894 -9.544 2.175
9.614 -9.337 -6.739
9.544 -9.585 1.979
10.216 -9.383 -5.281
10.294 -9.453 0.374
10.766 -9.35 -4.733
10.941 -9.581 -0.258
11.424 -9.378 -4.065
11.511 -9.534 -0.796
-7.248 -2.164 -10.528
-7.203 -1.069 -10.623
-6.773 -2.413 -10.616
-6.647 -0.551 -10.541
-6.148 -2.438 -10.667
-5.993 -0.425 -10.619
-5.464 -2.345 -10.593
-5.465 0.201 -10.598
-4.75 -2.38 -10.549
-4.771 1.394 -10.591
-4.06 -2.64 -10.483
-4.065 1.583 -10.692
-3.606 -2.737 -10.601
-3.44 1.511 -10.652
-3.055 -2.993 -10.573
-2.786 1.402 -10.684
-2.285 -4.719 -10.54
-2.225 1.523 -10.536
-1.744 -5.367 -10.547
-1.669 1.469 -10.631
-1.197 -5.636 -10.597
-1.019 1.312 -10.599
-0.452 -5.773 -10.661
-0.313 0.94 -10.692
0.308 -5.687 -10.711
0.31 0.927 -10.665
0.772 -5.666 -10.602
0.935 0.966 -10.662
1.365 -5.827 -10.498
1.469 0.902 -10.571
1.94 -6.012 -10.547
2.103 0.279 -10.566
2.77 -7.821 -10.601
2.669 -1.032 -10.644
3.227 -7.999 -10.617
3.43 -1.456 -10.633
3.802 -8.107 -10.675
3.99 -1.504 -10.604
4.538 -8.537 -10.541
4.581 -1.612 -10.631
5.246 -8.769 -10.634
5.131 -1.865 -10.593
5.777 -8.873 -10.582
5.829 -4.29 -10.529
6.401 -8.615 -10.641
6.48 -5.844 -10.673
7.075 -7.933 -10.686
7.108 -6.552 -10.597
5.467 -8.842 -10.654
5.979 -8.84 -10.529
7.306 -8.909 -8.155
8.053 -8.895 -8.066
6.652 -8.892 -7.626
8.668 -8.845 -7.57
5.068 -8.866 -6.768
9.402 -8.961 -6.935
4.874 -8.857 -6.256
9.78 -8.961 -6.24
4.802 -8.817 -5.645
9.875 -8.794 -5.694
4.733 -8.876 -5.027
10.101 -8.859 -5.161
4.296 -8.784 -4.376
11.111 -8.915 -4.287
3.567 -8.857 -3.687
11.498 -9.009 -3.69
3.182 -8.717 -3.178
11.493 -8.951 -3.174
2.366 -8.753 -2.529
11.118 -8.813 -2.562
1.63 -8.753 -1.933
10.624 -8.714 -1.833
1.064 -8.753 -1.311
10.667 -8.813 -1.319
-0.197 -8.753 -0.646
10.522 -8.808 -0.679
-0.767 -8.761 0.061
10.276 -8.86 -0.131
-1.163 -8.848 0.675
9.846 -8.876 0.627
-2.01 -8.722 1.261
9.706 -8.903 1.219
-2.714 -8.727 1.842
9.277 -8.81 1.843
-6.961 -8.843 2.503
-4.528 -8.922 2.469
-3.401 -8.703 2.45
7.461 -8.844 2.502
-7.654 -8.819 3.15
6.79 -8.794 3.065
-8.073 -8.959 3.905
5.064 -8.817 3.81
-8.001 -8.995 4.458
4.777 -8.761 4.297
-7.851 -8.896 5.03
4.396 -8.711 5.004
-7.77 -8.819 5.598
3.602 -8.801 5.612
-7.625 -8.827 6.288
2.881 -8.753 6.218
-7.025 -8.857 6.965
1.877 -8.767 6.969
-6.361 -9.0 7.412
1.582 -8.875 7.494
-5.9 -8.919 8.104
1.556 -8.772 8.119
-5.531 -8.925 8.605
1.577 -8.723 8.775
-3.779 -8.899 9.353
1.251 -8.896 9.409
-3.126 -8.902 9.863
-2.055 -8.717 9.984
-0.269 -8.962 9.894
0.58 -8.787 10.004
-7.905 -8.859 3.532
-7.902 -8.835 4.716
-7.299 -8.823 2.831
-7.251 -8.969 6.702
-6.639 -8.822 2.26
-6.684 -8.873 7.149
-5.999 -8.87 2.15
-6.136 -8.741 7.86
-5.419 -8.857 2.235
-5.284 -8.836 8.807
-4.871 -8.885 2.343
-4.731 -8.794 9.023
-4.202 -8.725 2.589
-4.171 -8.902 9.149
-3.666 -8.818 2.527
-3.516 -8.736 9.635
-3.025 -8.829 2.133
-2.836 -8.711 10.029
-2.375 -8.852 1.46
-2.396 -8.826 10.037
-1.681 -8.912 1.022
-1.65 -8.816 9.827
-1.045 -9.005 0.454
-1.106 -8.891 9.727
-0.459 -8.961 -0.416
-0.586 -8.834 9.876
0.232 -8.857 -0.895
0.147 -8.729 10.079
0.76 -8.961 -1.114
0.854 -8.876 9.781
1.4 -8.961 -1.679
1.395 -8.904 9.15
2.049 -8.961 -2.305
2.127 -8.871 6.671
2.794 -8.985 -2.74
2.615 -8.961 6.362
3.357 -8.911 -3.31
3.315 -8.902 5.822
3.982 -8.886 -4.094
3.965 -8.967 5.358
4.532 -8.816 -4.638
4.619 -8.969 4.742
5.243 -8.81 -7.09
5.337 -8.921 3.615
5.85 -8.824 -10.784
5.725 -8.858 -10.28
5.922 -8.985 -7.301
5.831 -8.805 3.344
6.51 -8.991 -7.441
6.486 -8.991 3.297
7.112 -8.991 -7.908
7.086 -8.848 2.872
7.741 -8.837 -8.312
7.757 -8.81 2.278
8.374 -8.822 -7.872
8.394 -8.822 2.155
8.956 -8.812 -7.305
8.984 -9.002 2.068
9.574 -8.753 -6.665
9.51 -8.833 1.574
10.276 -8.807 -4.897
10.126 -8.895 0.112
10.709 -8.783 -4.56
10.81 -8.785 -2.185
11.414 -8.928 -3.924
11.357 -8.843 -2.929
-7.234 -2.799 -9.868
-7.187 -0.388 -10.074
-6.669 -2.978 -9.968
-6.647 0.122 -9.959
-6.044 -2.955 -9.998
-5.986 0.348 -10.121
-5.432 -2.754 -9.974
-5.306 1.396 -10.077
-4.805 -2.554 -10.031
-4.747 2.844 -10.03
-4.261 -2.577 -9.961
-4.162 3.245 -9.914
-3.564 -2.859 -10.006
-3.584 3.21 -9.893
-2.928 -3.554 -9.938
-2.769 2.19 -9.991
-2.248 -5.354 -9.974
-2.326 1.977 -9.9
-1.742 -5.657 -10.004
-1.652 1.681 -10.074
-1.036 -5.791 -9.938
-1.024 1.523 -9.979
-0.383 -5.776 -10.069
-0.374 1.288 -10.001
0.29 -5.715 -10.051
0.31 1.308 -9.971
0.934 -5.845 -9.932
0.935 1.363 -9.972
0.795 9.653 -9.982
0.949 10.938 -10.025
1.473 -6.122 -10.006
1.46 1.27 -9.913
1.329 9.619 -9.99
1.501 10.903 -10.007
2.066 -7.907 -9.866
2.068 0.803 -9.951
2.728 -8.482 -9.877
2.701 -0.469 -9.908
3.331 -8.58 -9.971
3.421 -1.091 -9.98
4.001 -8.574 -10.041
4.002 -1.235 -9.906
3.981 9.098 -9.89
3.994 10.033 -9.966
4.644 -8.698 -9.944
4.614 -1.458 -9.962
5.206 -8.763 -10.006
5.224 -1.768 -9.966
5.881 -8.786 -10.048
5.815 -2.322 -9.9
6.519 -8.598 -9.944
6.558 -5.327 -10.041
7.028 -8.332 -10.01
7.124 -6.038 -10.041
4.467 -8.11 -11.24
6.67 -8.233 -11.154
4.117 -8.166 -10.797
6.92 -8.2 -10.635
2.337 -8.161 -9.995
7.249 -8.142 -9.969
2.216 -8.263 -9.486
8.046 -8.228 -9.304
2.261 -8.242 -8.801
8.494 -8.18 -8.734
2.587 -8.211 -8.255
8.632 -8.262 -8.112
4.327 -8.168 -7.455
8.854 -8.232 -7.585
4.716 -8.362 -6.858
9.339 -8.277 -6.863
4.68 -8.302 -6.272
9.663 -8.368 -6.209
4.48 -8.11 -5.699
9.725 -8.238 -5.587
4.362 -8.183 -5.1
9.908 -8.232 -4.963
3.838 -8.215 -4.357
10.465 -8.238 -4.277
3.19 -8.191 -3.7
10.944 -8.358 -3.818
2.954 -8.222 -3.235
11.01 -8.351 -3.247
2.219 -8.195 -2.566
10.406 -8.252 -2.55
1.624 -8.179 -1.915
10.02 -8.123 -1.889
1.02 -8.194 -1.301
10.315 -8.372 -1.273
-0.17 -8.128 -0.624
10.069 -8.197 -0.646
-0.665 -8.169 -0.002
9.803 -8.292 -0.133
-0.915 -8.181 0.511
9.366 -8.23 0.565
-1.839 -8.208 1.27
9.285 -8.289 1.163
-2.642 -8.128 1.903
7.33 -8.233 1.893
-6.511 -8.092 2.472
-4.93 -8.288 2.479
-3.233 -8.128 2.5
6.691 -8.25 2.479
-7.131 -8.092 3.074
5.638 -8.089 3.129
-7.519 -8.217 3.791
4.876 -8.17 3.862
-7.725 -8.266 4.4
4.554 -8.215 4.521
-7.831 -8.187 4.978
4.458 -8.183 5.056
-7.987 -8.117 5.597
4.168 -8.246 5.499
-8.062 -8.118 6.194
3.027 -8.28 6.258
-7.755 -8.266 6.9
2.276 -8.186 6.91
-7.096 -8.339 7.397
1.84 -8.314 7.548
-5.806 -8.286 8.274
1.817 -8.201 8.225
-5.338 -8.323 8.777
1.767 -8.232 8.744
-3.88 -8.336 9.39
1.62 -8.176 9.272
-3.106 -8.374 9.944
-2.078 -8.207 9.983
-0.785 -8.292 10.011
1.079 -8.112 9.955
-7.901 -8.242 5.357
-7.957 -8.183 6.713
-7.363 -8.248 3.353
-7.348 -8.283 7.305
-6.776 -8.209 2.661
-6.702 -8.199 7.682
-6.082 -8.246 2.321
-6.139 -8.133 7.984
-5.35 -8.239 2.356
-5.476 -8.268 8.649
-4.668 -8.183 2.578
-4.87 -8.176 9.041
-4.106 -8.169 2.707
-4.214 -8.232 9.239
-3.62 -8.336 2.628
-3.459 -8.13 9.656
-2.962 -8.336 2.209
-2.809 -8.252 10.03
-2.256 -8.277 1.506
-2.357 -8.368 10.045
-1.606 -8.264 1.134
-1.679 -8.187 9.911
-1.145 -8.328 0.778
-1.069 -8.277 9.934
-0.439 -8.336 -0.379
-0.355 -8.185 10.169
0.181 -8.294 -0.874
0.269 -8.169 10.232
0.726 -8.294 -1.115
0.727 -8.32 10.108
1.377 -8.238 -1.658
1.372 -8.26 9.651
1.998 -8.248 -2.319
2.05 -8.282 7.063
2.754 -8.155 -10.327
2.714 -8.108 -8.068
2.629 -8.257 -2.894
2.661 -8.323 6.528
3.435 -8.28 -10.437
3.241 -8.113 -7.899
3.356 -8.204 -3.93
3.307 -8.333 6.06
3.959 -8.299 -10.549
3.836 -8.178 -7.826
4.084 -8.305 -4.515
3.854 -8.239 5.762
4.703 -8.213 -11.361
4.564 -8.226 -7.125
4.611 -8.274 -5.849
4.628 -8.269 4.286
5.251 -8.214 -11.642
5.299 -8.333 3.431
5.957 -8.174 -11.685
5.944 -8.232 2.973
6.471 -8.126 -11.474
6.453 -8.302 2.712
7.085 -8.149 -10.218
7.076 -8.242 2.105
7.763 -8.08 -9.573
7.722 -8.149 1.724
8.325 -8.151 -9.119
8.376 -8.17 1.665
9.007 -8.128 -7.301
9.017 -8.336 1.629
9.56 -8.207 -6.466
9.64 -8.35 0.197
10.227 -8.264 -4.557
10.214 -8.234 -2.262
10.133 -8.184 -1.486
10.241 -8.297 -0.827
10.78 -8.272 -3.97
10.784 -8.249 -2.939
-7.893 -2.127 -9.307
-7.91 -1.113 -9.432
-7.24 -2.897 -9.277
-7.202 0.326 -9.491
-7.383 2.582 -9.356
-7.171 3.732 -9.336
-6.669 -3.114 -9.381
-6.691 3.922 -9.253
-6.044 -3.123 -9.381
-5.891 3.507 -9.399
-5.419 -2.911 -9.381
-5.315 3.423 -9.421
-4.846 -2.666 -9.386
-4.729 3.506 -9.488
-4.315 -2.597 -9.486
-4.114 3.761 -9.266
-3.634 -2.882 -9.288
-3.55 3.7 -9.263
-2.897 -4.722 -9.242
-2.955 3.269 -9.311
-2.297 -5.571 -9.337
-2.239 2.557 -9.223
-1.605 -5.882 -9.334
-1.603 2.139 -9.417
-1.044 -5.9 -9.381
-1.016 1.979 -9.337
-0.509 -5.778 -9.447
-0.395 1.595 -9.452
0.24 -5.62 -9.327
0.206 1.553 -9.461
0.26 9.065 -9.265
0.302 11.424 -9.407
0.949 -5.814 -9.367
0.831 1.63 -9.458
0.727 8.909 -9.36
0.876 11.651 -9.418
1.364 -6.122 -9.39
1.398 1.516 -9.41
1.352 8.895 -9.429
1.56 11.647 -9.445
2.04 -8.089 -9.277
2.096 0.881 -9.277
1.977 8.998 -9.397
2.185 11.541 -9.391
2.713 -8.613 -9.277
2.67 0.027 -9.235
2.583 8.931 -9.377
2.707 11.258 -9.371
3.331 -8.749 -9.381
3.331 -0.559 -9.301
3.308 8.489 -9.341
3.436 10.975 -9.422
3.305 13.564 -9.342
3.452 14.66 -9.383
3.956 -8.726 -9.381
3.951 -0.927 -9.415
3.942 8.371 -9.28
4.06 10.878 -9.356
3.892 13.833 -9.384
3.973 14.559 -9.349
4.581 -8.74 -9.381
4.703 -1.418 -9.326
4.524 8.854 -9.519
4.527 10.707 -9.264
5.206 -8.71 -9.381
5.206 -1.696 -9.381
5.831 -8.624 -9.381
5.838 -1.895 -9.329
6.456 -8.593 -9.381
6.463 -2.215 -9.394
7.081 -8.527 -9.381
7.235 -4.682 -9.358
7.02 -4.116 -9.423
7.135 -2.761 -9.331
7.64 -8.379 -9.391
7.656 -4.924 -9.274
8.243 -7.907 -9.373
8.371 -7.144 -9.322
4.911 -7.48 -11.872
6.206 -7.65 -11.879
4.165 -7.622 -11.229
6.915 -7.725 -11.214
2.544 -7.529 -10.566
7.21 -7.693 -10.521
1.967 -7.511 -9.992
7.482 -7.607 -10.056
1.84 -7.578 -9.486
8.436 -7.628 -9.232
1.866 -7.598 -8.87
8.69 -7.669 -8.694
2.271 -7.734 -8.201
8.793 -7.607 -8.131
3.207 -7.555 -7.511
8.898 -7.645 -7.587
4.213 -7.705 -6.964
9.303 -7.635 -6.906
4.288 -7.679 -6.301
9.533 -7.683 -6.271
4.083 -7.688 -5.683
9.555 -7.636 -5.721
3.12 -7.518 -4.999
9.701 -7.631 -5.115
2.945 -7.644 -4.467
10.028 -7.592 -4.45
2.425 -7.604 -3.813
10.317 -7.722 -3.838
2.276 -7.673 -3.227
10.348 -7.719 -3.255
1.873 -7.583 -2.491
9.855 -7.603 -2.506
1.262 -7.582 -1.856
9.36 -7.518 -1.865
0.511 -7.515 -1.253
8.623 -7.572 -1.305
-0.063 -7.479 -0.674
8.044 -7.595 -0.672
-0.596 -7.607 0.074
7.896 -7.616 -0.111
-0.856 -7.503 0.541
7.879 -7.637 0.514
-1.491 -7.483 1.182
7.842 -7.644 1.091
-2.528 -7.648 1.976
6.851 -7.551 1.903
-6.494 -7.503 2.477
-4.716 -7.635 2.523
-3.098 -7.625 2.576
6.099 -7.493 2.48
-7.103 -7.482 3.164
5.508 -7.491 3.17
-7.395 -7.571 3.882
5.007 -7.524 3.849
-7.646 -7.669 4.431
4.709 -7.634 4.369
-7.823 -7.503 4.905
4.661 -7.514 4.994
-8.145 -7.607 5.634
4.692 -7.462 5.64
-8.27 -7.544 6.181
4.317 -7.603 6.234
-8.146 -7.649 6.761
3.072 -7.59 7.01
-7.689 -7.7 7.392
2.847 -7.557 7.418
-6.127 -7.613 8.083
2.307 -7.575 8.073
-5.643 -7.642 8.6
1.908 -7.632 8.824
-3.753 -7.755 9.379
1.651 -7.544 9.375
-0.797 -7.711 10.02
1.104 -7.503 9.971
-7.939 -7.711 5.171
-7.932 -7.499 7.222
-7.291 -7.721 3.508
-7.22 -7.556 7.692
-6.737 -7.711 2.648
-6.572 -7.607 7.885
-6.028 -7.607 2.314
-5.97 -7.455 8.238
-5.481 -7.669 2.292
-5.305 -7.543 8.912
-4.931 -7.538 2.442
-4.731 -7.544 9.157
-4.301 -7.574 2.691
-4.134 -7.6 9.252
-3.64 -7.621 2.766
-3.427 -7.547 9.469
-2.888 -7.76 2.348
-2.874 -7.622 9.775
-2.234 -7.645 1.68
-2.186 -7.634 9.901
-1.774 -7.691 1.35
-1.606 -7.544 9.869
-1.15 -7.724 0.894
-1.082 -7.607 9.928
-0.405 -7.711 -0.232
-0.353 -7.503 10.155
0.273 -7.72 -0.977
0.206 -7.607 10.238
0.839 -7.598 -1.482
0.767 -7.711 10.132
1.486 -7.579 -2.075
1.421 -7.711 9.66
2.187 -7.683 -10.203
2.045 -7.494 -8.35
2.053 -7.617 -2.818
2.111 -7.619 8.344
2.853 -7.553 -10.712
2.72 -7.562 -7.801
2.794 -7.72 -4.145
2.667 -7.552 7.659
3.394 -7.65 -10.818
3.37 -7.502 -7.354
3.375 -7.528 -5.244
3.31 -7.665 6.677
3.872 -7.621 -11.011
3.823 -7.577 -7.219
3.945 -7.692 -5.45
3.896 -7.589 6.486
4.612 -7.668 -11.609
4.504 -7.612 5.957
5.336 -7.568 -11.982
5.227 -7.732 3.499
5.875 -7.525 -11.991
5.901 -7.733 2.716
6.479 -7.562 -11.721
6.516 -7.701 2.259
7.097 -7.484 -11.029
7.18 -7.698 1.693
7.733 -7.544 -9.799
7.709 -7.67 1.401
8.199 -7.539 -9.483
8.38 -7.616 -1.02
8.996 -7.664 -7.348
9.033 -7.583 -1.486
9.591 -7.536 -5.392
9.622 -7.573 -2.106
10.191 -7.562 -4.058
10.174 -7.641 -2.964
-7.974 2.158 -8.731
-7.894 3.406 -8.831
-7.192 -2.804 -8.676
-7.317 4.07 -8.816
-6.669 -3.042 -8.756
-6.628 4.349 -8.62
-6.044 -3.086 -8.756
-5.929 4.053 -8.821
-5.419 -2.951 -8.756
-5.315 3.909 -8.736
-4.794 -2.757 -8.756
-4.694 3.877 -8.807
-4.166 -2.728 -8.831
-4.106 3.995 -8.732
-3.475 -3.0 -8.664
-3.579 3.926 -8.772
-2.875 -4.631 -8.75
-2.872 3.478 -8.719
-2.233 -5.541 -8.635
-2.183 2.823 -8.747
-1.591 -5.862 -8.727
-1.624 2.574 -8.746
-1.006 -5.873 -8.878
-0.94 2.551 -8.703
-0.377 -5.629 -8.777
-0.315 2.534 -8.737
-0.417 9.583 -8.681
-0.415 10.872 -8.8
0.206 -5.345 -8.709
0.225 2.637 -8.767
0.152 3.385 -8.714
0.361 5.048 -8.729
0.183 8.453 -8.68
0.237 11.647 -8.928
0.906 -5.346 -8.733
0.935 5.28 -8.792
0.87 7.151 -8.75
0.833 12.06 -8.766
1.455 -5.556 -8.642
1.56 5.305 -8.756
1.34 7.115 -8.754
1.471 12.26 -8.823
2.073 -7.994 -8.706
2.094 0.915 -8.697
2.091 3.316 -8.665
2.075 5.143 -8.669
2.067 7.512 -8.785
2.097 12.846 -8.795
2.763 -8.533 -8.652
2.706 0.159 -8.708
2.574 7.564 -8.771
2.662 15.25 -8.689
3.331 -8.688 -8.756
3.435 -0.333 -8.662
3.319 7.264 -8.621
3.402 15.591 -8.627
3.956 -8.659 -8.756
3.972 -0.584 -8.697
3.88 7.706 -8.753
4.125 15.386 -8.714
4.581 -8.671 -8.756
4.567 -1.085 -8.755
4.555 8.181 -8.907
4.625 11.348 -8.678
4.518 13.293 -8.783
4.572 15.1 -8.646
5.206 -8.645 -8.756
5.254 -1.532 -8.728
5.198 7.911 -8.708
5.256 10.792 -8.784
5.831 -8.545 -8.756
5.831 -1.678 -8.756
5.723 7.78 -8.715
5.853 10.672 -8.722
6.456 -8.573 -8.756
6.494 -1.799 -8.73
6.507 8.16 -8.684
6.513 9.053 -8.699
7.019 -8.684 -8.819
7.11 -2.177 -8.789
7.63 -8.708 -8.693
7.622 -4.195 -8.79
8.216 -8.429 -8.838
8.348 -5.256 -8.712
4.934 -6.939 -11.866
6.252 -7.096 -11.901
3.807 -6.841 -11.214
6.932 -7.027 -11.278
2.466 -6.878 -10.608
7.249 -7.037 -10.571
1.874 -6.982 -9.962
7.499 -7.044 -10.031
1.707 -6.982 -9.381
8.216 -6.989 -9.424
1.798 -6.982 -8.77
8.634 -7.077 -8.799
2.246 -7.027 -8.033
8.815 -7.014 -8.109
2.843 -6.982 -7.43
9.197 -6.973 -7.419
3.128 -7.051 -6.985
9.628 -6.976 -6.764
3.124 -6.904 -6.361
9.695 -6.935 -6.256
2.937 -6.961 -5.724
9.654 -6.996 -5.606
1.98 -6.858 -4.983
9.711 -6.953 -5.041
1.671 -6.909 -4.501
9.87 -6.9 -4.381
1.601 -7.036 -3.861
10.061 -7.068 -3.838
1.647 -7.089 -3.213
9.945 -6.968 -3.21
1.222 -6.961 -2.468
9.419 -6.936 -2.438
0.489 -6.978 -1.85
8.075 -6.837 -1.893
0.107 -6.924 -1.265
7.593 -6.87 -1.272
-0.132 -6.878 -0.689
7.423 -6.925 -0.736
-0.7 -6.985 0.083
7.364 -6.959 -0.111
-0.962 -6.98 0.498
7.405 -6.965 0.514
-1.548 -6.92 1.197
7.355 -6.927 1.176
-1.958 -6.884 1.832
6.844 -6.878 1.92
-6.375 -6.943 2.507
-4.955 -7.017 2.476
-2.168 -6.824 2.501
6.096 -6.878 2.512
-6.982 -6.919 3.13
-3.944 -7.061 3.099
-2.589 -6.897 3.098
5.569 -6.919 3.109
-7.174 -6.898 3.72
5.346 -6.888 3.719
-7.46 -7.008 4.456
4.988 -6.99 4.45
-7.758 -6.919 4.997
4.881 -7.044 5.056
-8.174 -6.982 5.673
4.999 -6.933 5.619
-8.256 -6.982 6.244
4.846 -7.033 6.225
-8.136 -6.982 6.837
4.151 -6.936 6.919
-7.648 -7.089 7.502
3.542 -6.955 7.538
-6.177 -7.129 8.081
3.039 -6.979 8.183
-5.636 -7.086 8.634
2.417 -6.981 8.815
-3.306 -7.035 9.384
1.826 -7.077 9.329
-0.542 -7.071 10.0
1.237 -6.955 10.018
-7.958 -7.086 5.208
-7.837 -6.85 7.254
-7.309 -7.036 3.989
-7.222 -6.88 7.676
-6.667 -7.027 2.71
-6.628 -6.974 7.853
-6.078 -7.068 2.365
-5.991 -7.047 8.22
-5.469 -7.057 2.347
-5.3 -6.903 8.879
-4.799 -6.918 2.615
-4.794 -6.982 9.097
-4.243 -6.978 2.977
-4.169 -6.982 9.18
-3.583 -6.86 3.372
-3.602 -6.974 9.267
-2.947 -6.91 3.285
-2.977 -6.982 9.6
-2.385 -6.964 2.737
-2.398 -6.963 9.88
-1.764 -7.104 1.432
-1.773 -7.056 9.94
-1.16 -7.018 0.776
-1.089 -6.977 9.952
-0.431 -7.027 -0.218
-0.311 -6.93 10.047
0.305 -7.07 -1.436
0.206 -6.982 10.194
0.858 -6.976 -2.182
0.831 -7.027 10.166
1.462 -6.981 -2.759
1.494 -7.075 9.739
2.131 -7.086 -10.306
2.041 -6.878 -8.279
2.205 -6.953 -5.093
2.083 -7.054 9.079
2.783 -6.982 -10.758
2.654 -6.92 -7.634
2.712 -7.036 -5.353
2.665 -7.029 8.451
3.37 -7.084 -10.965
3.265 -7.011 7.858
4.1 -6.995 -11.354
3.862 -6.976 7.103
4.629 -6.982 -11.684
4.505 -7.013 6.635
5.201 -7.064 -11.98
5.174 -7.02 3.988
5.721 -7.008 -12.004
5.81 -7.086 2.725
6.423 -6.856 -11.738
6.451 -7.086 2.244
7.084 -6.934 -11.01
7.156 -7.113 1.607
7.767 -6.937 -9.719
7.801 -6.946 -1.537
8.348 -6.832 -9.235
8.436 -6.963 -2.009
8.966 -6.864 -7.785
8.995 -7.007 -2.148
9.526 -6.832 -7.042
9.621 -6.944 -2.671
-9.192 1.351 -8.15
-9.23 2.773 -8.089
-8.628 0.906 -8.001
-8.4 3.859 -8.162
-7.972 0.178 -7.993
-7.853 4.144 -8.254
-7.287 -2.375 -7.999
-7.233 4.422 -8.115
-6.676 -2.836 -8.087
-6.669 4.528 -8.131
-6.044 -2.989 -8.131
-6.044 4.571 -8.126
-5.419 -2.951 -8.131
-5.315 4.468 -8.074
-4.856 -2.805 -8.194
-4.69 4.41 -8.086
-4.214 -2.677 -8.161
-4.065 4.504 -8.122
-3.544 -2.728 -8.188
-3.511 4.553 -8.066
-2.994 -2.953 -8.105
-2.9 3.899 -8.133
-2.179 -5.272 -8.141
-2.205 3.296 -8.149
-1.624 -5.53 -8.125
-1.565 3.237 -8.081
-0.917 -5.545 -8.167
-1.01 3.307 -8.131
-0.346 -5.313 -8.236
-0.478 4.547 -8.082
-0.514 8.959 -8.044
-0.429 10.934 -8.236
0.268 -4.935 -8.047
0.285 5.749 -8.14
0.208 7.12 -8.131
0.317 12.047 -8.224
0.931 -4.932 -8.054
0.825 13.872 -8.041
1.454 -5.233 -8.177
1.501 14.454 -8.044
2.096 -6.019 -8.047
2.11 1.343 -8.041
2.058 2.742 -8.206
2.217 15.11 -8.173
2.829 -8.299 -8.173
2.696 0.72 -8.135
2.703 3.384 -8.122
2.705 5.043 -8.143
2.69 6.384 -8.15
2.857 15.622 -8.154
3.331 -8.422 -8.197
3.342 0.055 -8.166
3.296 6.574 -8.033
3.394 15.765 -8.069
3.987 -8.408 -8.112
3.996 -0.238 -8.202
3.866 7.036 -8.254
3.937 15.694 -8.13
4.581 -8.489 -8.131
4.527 -0.557 -8.102
4.477 7.095 -8.146
4.578 15.348 -8.087
5.206 -8.588 -8.131
5.182 -1.093 -8.124
5.065 7.045 -8.136
5.295 11.606 -8.199
5.831 -8.593 -8.131
5.872 -1.478 -8.118
5.752 5.145 -8.116
5.927 11.511 -8.052
6.394 -8.606 -8.194
6.394 -1.659 -8.194
6.535 4.661 -8.03
6.471 11.311 -8.026
6.967 -8.796 -8.168
6.941 -1.893 -8.093
7.059 4.726 -8.056
7.107 7.698 -8.069
6.99 8.348 -8.234
7.059 8.881 -8.114
7.776 -9.057 -8.002
7.689 -3.022 -8.078
7.639 5.139 -8.145
7.689 6.921 -7.976
8.255 -8.628 -8.263
8.257 -4.935 -8.022
3.849 -6.297 -11.232
6.712 -6.454 -11.281
2.358 -6.317 -10.646
6.939 -6.329 -10.682
1.708 -6.41 -9.99
7.306 -6.47 -10.074
1.552 -6.384 -9.337
8.02 -6.461 -9.4
1.808 -6.357 -8.667
8.56 -6.461 -8.728
2.191 -6.384 -8.042
8.765 -6.312 -8.128
2.586 -6.357 -7.557
9.235 -6.374 -7.406
2.895 -6.457 -6.926
9.676 -6.415 -6.769
2.854 -6.39 -6.282
9.739 -6.419 -6.194
2.39 -6.281 -5.642
9.638 -6.342 -5.702
1.646 -6.384 -4.996
9.397 -6.267 -5.015
1.272 -6.264 -4.469
9.445 -6.305 -4.529
1.199 -6.337 -3.861
9.742 -6.485 -3.794
1.117 -6.348 -3.185
9.476 -6.366 -3.085
0.6 -6.288 -2.492
8.701 -6.285 -2.528
0.062 -6.333 -1.836
7.823 -6.352 -1.975
-0.12 -6.357 -1.256
7.432 -6.354 -1.299
-0.327 -6.299 -0.754
7.239 -6.357 -0.631
-1.144 -6.236 0.018
7.197 -6.357 -0.006
-1.408 -6.334 0.529
7.275 -6.357 0.619
-1.713 -6.287 1.243
7.245 -6.253 1.223
-1.815 -6.357 1.869
6.923 -6.253 1.94
-1.894 -6.294 2.431
6.24 -6.253 2.544
-6.782 -6.439 3.273
-4.537 -6.465 3.141
-2.159 -6.285 3.006
5.622 -6.357 3.182
-6.889 -6.373 3.806
5.446 -6.294 3.681
-7.044 -6.418 4.361
-4.324 -6.33 4.333
-3.266 -6.331 4.491
5.301 -6.286 4.357
-7.502 -6.45 5.031
-4.011 -6.363 4.93
-3.383 -6.327 4.921
5.15 -6.51 5.026
-8.018 -6.437 5.767
5.479 -6.361 5.605
-8.072 -6.441 6.348
5.987 -6.278 6.319
-7.972 -6.48 6.853
6.007 -6.311 6.837
-7.145 -6.408 7.527
5.536 -6.35 7.478
-5.62 -6.427 8.169
4.298 -6.277 8.266
-5.133 -6.437 8.739
4.142 -6.247 8.827
-3.258 -6.461 9.393
3.687 -6.284 9.378
-2.489 -6.392 9.966
-0.847 -6.293 10.011
-0.336 -6.478 10.019
1.816 -6.278 9.997
-7.896 -6.508 5.428
-7.795 -6.368 6.985
-7.284 -6.453 4.762
-7.342 -6.357 7.366
-6.649 -6.48 3.014
-6.665 -6.436 7.617
-6.164 -6.436 2.732
-6.057 -6.429 7.795
-5.464 -6.379 2.702
-5.34 -6.363 8.453
-4.834 -6.42 2.946
-4.767 -6.423 8.878
-4.157 -6.441 3.466
-4.028 -6.356 4.077
-4.243 -6.336 4.781
-4.147 -6.334 8.968
-3.606 -6.403 3.664
-3.511 -6.341 4.074
-3.584 -6.302 5.068
-3.596 -6.357 9.191
-2.964 -6.365 3.57
-2.864 -6.312 9.71
-2.417 -6.43 3.259
-2.23 -6.23 10.086
-1.594 -6.432 1.09
-1.669 -6.327 10.116
-0.904 -6.412 -0.109
-1.094 -6.3 10.037
-0.489 -6.403 -0.482
-0.549 -6.49 9.987
0.298 -6.438 -2.131
0.131 -6.315 10.233
0.925 -6.433 -2.715
0.831 -6.357 10.363
1.465 -6.433 -4.719
1.419 -6.383 10.206
2.091 -6.48 -10.403
2.046 -6.327 -8.263
2.106 -6.384 -5.38
2.11 -6.318 9.751
2.716 -6.312 -10.83
2.717 -6.246 -7.318
2.651 -6.317 -5.92
2.706 -6.287 9.537
3.365 -6.402 -11.029
3.307 -6.269 9.495
4.004 -6.422 -11.296
3.883 -6.361 9.118
4.536 -6.316 -11.45
4.549 -6.363 7.81
5.124 -6.425 -11.726
5.188 -6.432 4.712
5.235 -6.39 5.161
5.142 -6.311 7.666
5.786 -6.301 -11.704
5.847 -6.461 2.827
5.796 -6.33 5.994
5.822 -6.322 7.209
6.36 -6.334 -11.517
6.491 -6.461 2.325
7.095 -6.321 -10.351
7.097 -6.461 1.684
7.624 -6.237 -9.63
7.709 -6.509 -1.724
8.3 -6.253 -9.087
8.324 -6.386 -2.318
8.957 -6.302 -7.736
9.006 -6.336 -2.667
9.548 -6.381 -7.085
9.524 -6.313 -5.397
9.528 -6.31 -4.204
9.636 -6.407 -3.259
-9.856 1.431 -7.474
-9.684 2.699 -7.595
-9.159 0.839 -7.45
-9.033 4.572 -7.523
-8.598 0.618 -7.444
-8.44 4.724 -7.565
-8.008 0.047 -7.402
-7.818 4.663 -7.589
-7.289 -2.297 -7.402
-7.231 4.698 -7.528
-6.629 -2.815 -7.402
-6.669 4.787 -7.664
-6.044 -2.951 -7.506
-5.999 5.157 -7.418
-5.481 -2.925 -7.569
-5.356 5.121 -7.489
-4.825 -2.73 -7.597
-4.749 5.121 -7.424
-4.115 -2.407 -7.447
-4.065 5.172 -7.517
-3.44 -2.355 -7.459
-3.484 5.165 -7.523
-2.853 -2.488 -7.376
-2.849 4.724 -7.537
-2.343 -2.963 -7.48
-2.202 4.017 -7.562
-1.533 -4.811 -7.416
-1.617 3.978 -7.509
-1.73 7.667 -7.494
-1.603 8.423 -7.523
-0.94 -5.039 -7.431
-1.02 4.49 -7.491
-1.092 7.184 -7.485
-1.099 9.091 -7.524
-0.312 -4.978 -7.531
-0.505 5.13 -7.484
-0.558 7.025 -7.507
-0.423 10.955 -7.653
0.269 -4.799 -7.444
0.307 14.008 -7.589
0.831 -4.814 -7.506
0.874 14.573 -7.518
1.386 -4.984 -7.5
1.465 14.774 -7.617
2.063 -5.509 -7.437
2.106 15.188 -7.506
2.735 -6.485 -7.452
2.789 1.524 -7.569
2.645 2.156 -7.538
2.785 15.6 -7.53
3.486 -7.735 -7.55
3.359 1.535 -7.53
3.283 3.228 -7.63
3.269 15.743 -7.569
3.965 -7.865 -7.454
4.007 2.214 -7.521
3.912 3.794 -7.541
4.083 5.198 -7.503
3.891 6.305 -7.645
3.849 15.703 -7.466
4.616 -8.374 -7.483
4.636 2.479 -7.471
4.541 4.662 -7.5
4.591 5.308 -7.536
4.507 5.934 -7.508
4.519 15.339 -7.376
5.144 -8.61 -7.581
5.212 -0.325 -7.529
5.178 0.663 -7.543
5.273 2.129 -7.493
5.102 4.66 -7.475
5.203 12.561 -7.358
5.727 -8.753 -7.56
5.792 -1.198 -7.449
5.698 4.489 -7.525
5.748 11.896 -7.364
6.368 -8.805 -7.633
6.438 -1.744 -7.566
6.476 4.14 -7.383
6.46 11.508 -7.463
6.99 -9.166 -7.545
7.108 -2.199 -7.48
7.058 4.421 -7.541
7.177 10.931 -7.528
7.662 -9.623 -7.482
7.688 -4.315 -7.462
7.601 4.683 -7.592
7.784 7.213 -7.492
8.278 -9.21 -7.635
8.204 -4.966 -7.398
8.295 5.781 -7.562
8.337 6.347 -7.354
9.027 -7.349 -7.475
9.026 -5.897 -7.465
-0.841 -5.729 -11.976
0.357 -5.682 -11.802
-1.118 -5.683 -11.369
0.367 -5.715 -11.227
4.816 -5.655 -11.252
5.655 -5.781 -11.316
-0.862 -5.731 -10.708
-0.008 -5.736 -10.503
1.098 -5.697 -10.659
6.29 -5.636 -10.67
-1.419 -5.727 -10.085
0.006 -5.729 -9.902
0.584 -5.734 -10.028
6.812 -5.758 -10.141
-2.037 -5.743 -9.44
-0.275 -5.717 -9.348
0.66 -5.731 -9.517
7.99 -5.777 -9.31
-2.05 -5.75 -8.876
-0.654 -5.735 -8.676
1.588 -5.873 -8.817
8.463 -5.78 -8.662
1.875 -5.733 -8.154
8.617 -5.732 -8.131
2.286 -5.846 -7.582
8.789 -5.698 -7.598
2.518 -5.784 -7.015
9.334 -5.773 -7.004
2.467 -5.742 -6.326
9.618 -5.878 -6.313
1.946 -5.732 -5.641
9.365 -5.79 -5.681
1.207 -5.768 -4.981
8.713 -5.638 -5.014
1.031 -5.791 -4.381
8.655 -5.647 -4.426
1.016 -5.773 -3.756
8.774 -5.704 -3.819
0.927 -5.727 -3.239
8.644 -5.681 -3.195
0.402 -5.698 -2.564
7.952 -5.72 -2.507
-0.03 -5.707 -1.912
7.47 -5.684 -1.914
-0.249 -5.687 -1.251
7.26 -5.693 -1.289
-0.665 -5.622 -0.633
7.148 -5.775 -0.631
-1.385 -5.687 0.042
7.124 -5.82 -0.006
-1.73 -5.703 0.683
7.201 -5.751 0.663
-1.782 -5.732 1.244
7.192 -5.652 1.335
-1.759 -5.732 1.869
6.961 -5.769 1.919
-1.871 -5.732 2.494
6.305 -5.778 2.534
-2.146 -5.641 3.023
5.672 -5.704 3.259
-2.628 -5.658 3.711
5.474 -5.794 3.806
-2.531 -5.628 4.424
5.464 -5.669 4.306
-2.659 -5.638 5.085
5.582 -5.768 4.927
-6.994 -5.738 5.711
-6.446 -5.764 5.614
-3.146 -5.667 5.63
6.156 -5.679 5.631
-7.382 -5.782 6.3
-6.247 -5.726 6.138
-4.526 -5.625 6.378
6.511 -5.649 6.282
-4.665 -5.69 6.931
6.547 -5.587 6.893
-4.511 -5.664 7.538
6.227 -5.753 7.516
-4.385 -5.763 8.149
5.523 -5.643 8.115
-3.893 -5.705 8.702
4.46 -5.727 8.791
-3.207 -5.836 9.377
4.164 -5.714 9.303
-2.591 -5.836 9.964
2.235 -5.584 9.992
-7.327 -5.779 5.977
-7.142 -5.731 6.508
-6.739 -5.767 5.533
-6.609 -5.721 6.632
-4.154 -5.672 5.914
-4.131 -5.682 8.395
-3.561 -5.662 5.753
-3.569 -5.687 9.012
-2.968 -5.766 5.419
-2.927 -5.628 9.689
-2.397 -5.848 3.341
-2.308 -5.669 10.168
-1.646 -5.755 -9.861
-1.716 -5.727 -8.424
-1.634 -5.759 0.42
-1.797 -5.7 10.315
-0.981 -5.745 -11.726
-1.085 -5.678 -11.102
-1.008 -5.734 -10.293
-1.156 -5.744 -8.381
-0.957 -5.861 -0.339
-1.089 -5.706 10.25
-0.312 -5.711 -12.188
-0.486 -5.747 -9.027
-0.421 -5.787 -0.864
-0.418 -5.808 10.196
0.14 -5.703 -12.075
0.14 -5.738 -10.924
0.219 -5.86 -2.275
0.269 -5.669 10.393
0.874 -5.741 -10.299
0.824 -5.678 -9.143
0.751 -5.758 -2.92
0.831 -5.732 10.482
1.573 -5.702 -10.784
1.31 -5.733 -8.944
1.544 -5.841 -5.301
1.456 -5.732 10.373
2.195 -5.807 -10.866
2.09 -5.747 -7.8
2.195 -5.807 -5.783
1.957 -5.792 10.08
2.769 -5.778 -11.092
2.664 -5.739 9.828
3.331 -5.788 -11.179
3.331 -5.732 9.74
3.954 -5.698 -11.236
3.848 -5.818 9.551
4.537 -5.632 -11.239
4.656 -5.765 8.544
5.161 -5.855 -11.387
5.176 -5.677 8.232
5.79 -5.588 -11.109
5.922 -5.819 2.85
5.843 -5.717 5.308
5.841 -5.724 7.881
6.49 -5.619 -10.383
6.563 -5.824 2.319
6.433 -5.617 5.974
6.388 -5.765 7.229
7.107 -5.631 -9.814
7.098 -5.861 1.683
7.671 -5.669 -9.523
7.751 -5.833 -2.259
8.304 -5.674 -8.969
8.352 -5.728 -2.771
8.944 -5.637 -7.288
8.968 -5.721 -5.301
9.508 -5.708 -6.585
9.566 -5.834 -6.01
-10.455 0.924 -6.856
-10.414 2.183 -6.961
-9.839 0.779 -6.929
-9.762 3.892 -6.906
-9.231 0.646 -6.875
-9.032 5.167 -6.921
-8.699 0.562 -6.949
-8.44 5.262 -6.917
-7.988 0.021 -6.914
-7.815 5.148 -6.855
-7.291 -2.359 -6.777
-7.187 5.125 -6.814
-6.633 -2.875 -6.777
-6.617 5.186 -6.986
-6.044 -3.004 -6.881
-6.044 5.41 -6.847
-5.376 -2.904 -6.992
-5.414 5.417 -7.016
-4.652 -2.516 -6.903
-4.79 5.66 -6.831
-4.106 -2.233 -6.819
-4.153 5.875 -6.911
-4.251 7.024 -6.854
-4.143 8.892 -6.816
-3.544 -2.183 -6.881
-3.44 9.117 -6.947
-2.919 -2.315 -6.881
-2.834 5.821 -6.87
-2.921 6.312 -6.916
-2.815 9.138 -6.93
-2.372 -2.526 -6.842
-2.168 4.744 -6.992
-2.398 6.577 -6.885
-2.249 9.136 -6.913
-1.652 -3.373 -6.846
-1.576 4.704 -6.969
-1.773 6.502 -6.866
-1.631 9.426 -6.837
-1.629 12.712 -6.861
-1.713 14.026 -6.814
-1.101 -4.816 -6.881
-0.932 5.134 -6.967
-1.194 6.325 -6.904
-1.133 9.651 -6.915
-1.01 12.206 -6.852
-1.019 14.359 -6.782
-0.516 -4.968 -6.841
-0.374 14.43 -6.81
0.102 -4.878 -6.889
0.288 14.631 -6.964
0.727 -4.874 -6.886
0.965 15.091 -6.872
1.32 -5.003 -6.884
1.575 15.186 -6.886
2.032 -5.321 -6.748
2.144 15.319 -6.819
2.712 -5.979 -6.777
2.686 15.395 -6.901
3.438 -7.236 -6.818
3.312 15.576 -7.033
3.957 -7.439 -6.793
3.947 15.391 -6.838
4.535 -8.056 -6.805
4.443 15.062 -6.82
5.258 -9.088 -6.773
5.216 12.728 -6.833
5.676 -9.326 -6.887
5.804 -1.244 -6.872
5.76 0.283 -6.889
5.778 11.898 -6.777
6.409 -11.637 -6.87
6.458 -2.262 -6.806
6.493 3.224 -6.811
6.481 11.603 -6.777
6.977 -11.688 -6.875
7.013 -2.867 -6.85
6.998 4.037 -6.985
7.081 11.441 -6.946
7.589 -11.725 -6.878
7.831 -4.67 -6.818
7.691 4.538 -6.948
7.768 11.441 -6.748
8.266 -12.164 -6.769
8.3 -5.035 -6.819
8.344 5.142 -6.979
8.397 6.629 -6.878
8.385 9.421 -6.826
8.334 11.239 -6.759
8.834 -12.389 -6.814
9.015 -5.401 -6.763
9.536 -12.371 -6.859
9.655 -9.676 -6.838
9.475 -7.153 -6.94
9.551 -5.984 -6.872
10.087 -12.109 -6.864
10.24 -10.316 -6.828
-1.363 -4.974 -12.531
0.622 -5.146 -12.456
-1.738 -4.991 -11.898
2.94 -5.124 -11.793
-1.805 -5.022 -11.361
4.057 -5.113 -11.253
-1.977 -5.009 -10.745
6.049 -5.169 -10.647
-2.482 -4.981 -10.078
6.355 -5.112 -10.175
-2.703 -5.049 -9.485
7.792 -5.158 -9.29
-2.675 -5.076 -8.801
8.185 -5.11 -8.814
-2.425 -5.109 -8.247
-0.171 -5.096 -8.069
1.241 -5.104 -8.226
8.437 -5.235 -8.172
1.653 -5.187 -7.604
8.405 -5.155 -7.569
1.697 -5.138 -6.986
8.502 -5.21 -7.011
-0.577 -5.069 -6.263
8.58 -5.123 -6.361
-0.74 -5.088 -5.739
8.521 -5.17 -5.726
-0.244 -5.129 -5.05
8.117 -5.004 -5.005
0.496 -5.125 -4.422
8.18 -5.0 -4.403
0.605 -5.101 -3.861
8.452 -5.237 -3.785
0.513 -5.157 -3.231
8.191 -5.021 -3.144
-0.007 -5.073 -2.44
7.589 -5.055 -2.442
-0.128 -5.169 -1.819
7.203 -5.101 -1.949
-0.26 -5.003 -1.326
6.987 -5.003 -1.347
-0.691 -5.003 -0.636
6.904 -5.046 -0.736
-1.403 -4.992 0.075
6.87 -5.091 -0.111
-1.75 -5.137 0.753
6.948 -5.077 0.492
-1.783 -5.129 1.348
7.163 -5.181 1.169
-1.783 -5.074 1.979
7.226 -5.035 1.85
-2.011 -5.067 2.623
6.767 -5.092 2.549
-2.354 -5.034 3.251
6.051 -5.09 3.173
-2.43 -5.159 3.847
5.715 -5.226 3.812
-2.291 -4.982 4.419
5.703 -5.214 4.454
-2.424 -5.107 4.932
6.098 -5.09 5.095
-2.753 -5.045 5.493
6.523 -5.108 5.695
-3.935 -4.983 6.332
6.658 -5.107 6.244
-4.297 -5.24 6.915
6.689 -5.044 6.806
-4.098 -5.049 7.511
6.539 -5.039 7.373
-3.915 -5.139 8.14
5.933 -5.014 8.069
-3.654 -5.107 8.671
4.68 -5.076 8.71
-3.232 -5.152 9.403
4.207 -5.115 9.288
-2.704 -5.165 10.084
2.409 -5.003 10.017
-2.064 -5.182 10.6
-0.745 -5.027 10.63
-4.198 -5.184 6.591
-4.157 -5.044 7.1
-3.574 -5.126 5.956
-3.509 -5.003 8.946
-3.029 -5.191 5.716
-2.954 -5.081 9.798
-2.218 -5.106 -10.312
-2.276 -4.994 -8.006
-2.249 -5.13 3.022
-2.31 -4.951 4.238
-2.321 -5.107 4.59
-2.272 -5.227 10.447
-1.583 -5.082 -12.156
-1.773 -5.042 -7.753
-1.644 -5.233 0.367
-1.708 -4.982 10.827
-0.952 -5.12 -12.723
-1.148 -5.168 -7.658
-1.046 -5.211 -0.332
-1.077 -5.025 10.734
-0.359 -5.01 -12.898
-0.555 -5.156 -7.832
-0.272 -5.073 -6.394
-0.513 -5.106 -5.211
-0.429 -5.211 -0.936
-0.448 -5.139 10.48
0.296 -5.012 -12.757
0.168 -5.131 -8.379
0.31 -5.06 -6.382
0.127 -5.091 -4.771
0.281 -5.22 -2.81
0.206 -5.107 10.43
0.97 -5.022 -12.27
0.722 -5.105 -8.456
0.935 -5.078 -6.376
0.831 -5.107 10.483
1.56 -5.009 -12.017
1.405 -5.075 -7.969
1.481 -5.115 -6.45
1.456 -5.107 10.434
2.185 -5.011 -12.003
2.011 -5.211 10.199
2.766 -4.966 -11.956
2.741 -5.107 9.879
3.432 -5.032 -11.557
3.269 -5.169 9.801
3.918 -4.988 -11.304
3.858 -5.159 9.587
4.554 -5.062 -11.199
4.51 -5.085 8.869
5.212 -5.174 -11.117
5.077 -5.147 8.447
5.789 -5.044 -10.842
5.826 -5.185 3.408
5.897 -5.076 4.757
5.677 -5.13 8.181
6.544 -5.06 -9.928
6.387 -5.134 2.789
6.444 -5.011 5.426
6.312 -5.048 7.707
7.027 -5.01 -9.598
7.105 -5.17 -1.609
7.067 -4.973 0.939
7.004 -5.153 2.224
7.551 -5.166 -9.453
7.823 -5.159 -2.623
8.298 -5.036 -8.54
8.321 -5.114 -5.382
8.33 -5.099 -4.082
8.369 -5.157 -3.285
-10.996 0.334 -6.113
-10.957 2.73 -6.23
-10.419 0.206 -6.198
-10.331 3.152 -6.263
-9.794 0.261 -6.215
-9.646 6.366 -6.248
-9.169 0.354 -6.199
-9.065 6.572 -6.289
-8.569 0.254 -6.22
-8.485 6.511 -6.271
-7.885 -0.315 -6.122
-7.766 5.962 -6.238
-7.254 -2.24 -6.226
-7.311 5.739 -6.15
-6.545 -2.781 -6.171
-6.626 5.429 -6.4
-6.106 -2.932 -6.319
-6.022 5.702 -6.214
-5.474 -2.839 -6.31
-5.338 5.853 -6.363
-4.759 -2.503 -6.212
-4.775 8.87 -6.228
-4.169 -2.274 -6.256
-4.038 9.505 -6.265
-3.544 -2.184 -6.256
-3.44 9.603 -6.3
-2.981 -2.262 -6.319
-2.815 9.617 -6.296
-2.421 -2.473 -6.221
-2.172 9.592 -6.355
-2.345 12.701 -6.225
-2.18 13.983 -6.325
-1.715 -3.098 -6.298
-1.61 9.772 -6.392
-1.751 12.108 -6.257
-1.641 14.536 -6.244
-0.998 -4.846 -6.212
-0.947 14.692 -6.339
-0.358 -5.146 -6.105
-0.43 15.07 -6.157
0.206 -5.146 -6.16
0.252 15.635 -6.179
0.831 -5.161 -6.157
0.892 15.841 -6.137
1.456 -5.169 -6.259
1.505 15.691 -6.153
2.008 -5.414 -6.156
2.116 15.398 -6.212
2.701 -6.034 -6.294
2.644 15.251 -6.319
3.383 -7.17 -6.152
3.27 15.178 -6.296
3.883 -7.38 -6.256
3.914 15.006 -6.307
4.562 -8.022 -6.212
4.488 14.567 -6.15
5.218 -9.689 -6.153
5.21 13.398 -6.184
5.894 -12.134 -6.11
5.837 -1.676 -6.144
5.845 0.112 -6.366
5.902 11.98 -6.152
6.456 -12.295 -6.199
6.481 -3.435 -6.107
6.474 2.605 -6.362
6.546 11.691 -6.284
7.081 -12.293 -6.225
7.177 -4.001 -6.113
7.049 3.397 -6.269
7.092 11.672 -6.39
7.751 -12.275 -6.27
7.816 -4.605 -6.193
7.724 4.357 -6.374
7.744 11.816 -6.109
8.353 -12.474 -6.256
8.256 -4.96 -6.256
8.284 4.557 -6.295
8.313 11.588 -6.282
8.978 -12.721 -6.133
8.928 -5.271 -6.194
8.924 4.722 -6.201
8.964 6.454 -6.26
8.893 9.513 -6.37
8.99 11.007 -6.232
9.494 -12.705 -6.269
9.589 -7.98 -6.117
9.575 -7.351 -6.361
9.432 -5.632 -6.224
10.133 -12.379 -6.371
10.204 -9.869 -6.199
10.781 -11.448 -6.258
10.829 -11.001 -6.101
-0.586 -4.374 -13.12
-0.187 -4.499 -13.106
-1.533 -4.378 -12.58
1.03 -4.521 -12.489
-1.881 -4.482 -11.876
3.441 -4.497 -11.808
-2.066 -4.437 -11.253
4.19 -4.586 -11.252
-2.384 -4.438 -10.575
5.945 -4.571 -10.512
-2.703 -4.437 -9.996
6.271 -4.544 -10.043
-2.947 -4.382 -9.367
7.004 -4.505 -9.438
-2.941 -4.409 -8.908
7.824 -4.555 -8.768
-2.616 -4.58 -8.23
7.995 -4.575 -8.231
-1.856 -4.516 -7.534
7.835 -4.466 -7.653
-1.442 -4.49 -6.923
7.619 -4.381 -6.964
-1.341 -4.438 -6.361
7.567 -4.36 -6.381
-1.372 -4.448 -5.736
7.862 -4.577 -5.672
-1.252 -4.402 -5.077
7.618 -4.449 -5.021
-0.784 -4.429 -4.359
7.595 -4.446 -4.537
-0.566 -4.445 -3.819
7.996 -4.587 -3.8
-0.667 -4.342 -3.19
7.87 -4.516 -3.241
-0.514 -4.392 -2.549
7.285 -4.571 -2.535
-0.295 -4.551 -1.874
6.872 -4.469 -1.917
-0.377 -4.419 -1.263
6.78 -4.482 -1.256
-0.668 -4.384 -0.554
6.803 -4.482 -0.631
-1.189 -4.478 0.108
6.823 -4.482 -0.006
-1.459 -4.47 0.663
6.917 -4.482 0.584
-1.521 -4.408 1.348
7.228 -4.586 1.313
-1.543 -4.436 1.827
7.534 -4.469 1.869
-1.849 -4.462 2.54
7.53 -4.533 2.538
-2.177 -4.429 3.122
7.327 -4.441 3.061
-2.34 -4.624 3.723
6.85 -4.492 3.862
-2.217 -4.419 4.404
6.863 -4.491 4.473
-2.478 -4.455 5.119
6.79 -4.484 5.149
-2.84 -4.419 5.56
6.743 -4.544 5.681
-3.756 -4.419 6.263
6.779 -4.482 6.244
-4.017 -4.553 6.843
6.741 -4.482 6.869
-4.002 -4.482 7.494
6.582 -4.378 7.418
-3.797 -4.482 8.119
5.679 -4.332 8.143
-3.604 -4.514 8.66
4.501 -4.488 8.808
-3.336 -4.482 9.285
3.793 -4.334 9.378
-3.09 -4.508 9.873
2.441 -4.378 10.012
-2.722 -4.56 10.528
-0.171 -4.356 10.633
-3.491 -4.482 6.0
-3.514 -4.458 8.876
-2.89 -4.507 -9.572
-2.876 -4.336 -8.604
-3.011 -4.586 5.702
-2.935 -4.356 10.342
-2.241 -4.492 -10.792
-2.236 -4.437 -7.816
-2.301 -4.533 3.269
-2.267 -4.464 4.032
-2.308 -4.607 4.668
-2.277 -4.477 10.917
-1.673 -4.586 -12.355
-1.673 -4.354 -7.27
-1.635 -4.48 2.119
-1.684 -4.379 11.148
-0.96 -4.529 -12.942
-1.038 -4.399 -4.686
-1.023 -4.628 -0.192
-1.044 -4.482 11.017
-0.403 -4.425 -13.142
-0.429 -4.405 -2.262
-0.441 -4.586 -1.055
-0.539 -4.564 10.75
0.149 -4.407 -12.993
0.177 -4.508 10.52
0.763 -4.462 -12.665
0.769 -4.544 10.516
1.442 -4.437 -12.351
1.385 -4.431 10.528
2.081 -4.482 -12.297
2.041 -4.586 10.273
2.706 -4.482 -12.226
2.77 -4.482 9.805
3.243 -4.442 -11.977
3.372 -4.578 9.594
3.869 -4.437 -11.436
4.101 -4.489 9.228
4.62 -4.378 -11.13
4.716 -4.532 8.631
5.144 -4.544 -11.013
5.307 -4.54 8.319
5.673 -4.481 -10.732
5.968 -4.487 7.997
6.58 -4.413 -9.733
6.406 -4.544 7.631
7.186 -4.379 -9.286
7.069 -4.59 -2.255
7.098 -4.378 1.001
7.077 -4.458 3.359
7.592 -4.531 -9.027
7.764 -4.547 -7.249
7.65 -4.415 -6.065
7.801 -4.582 -5.222
7.674 -4.442 -4.25
7.723 -4.631 -2.9
-11.679 0.775 -5.519
-11.689 2.203 -5.69
-11.023 0.162 -5.527
-11.072 2.873 -5.781
-10.419 -0.005 -5.631
-10.503 3.408 -5.696
-10.434 5.124 -5.565
-10.386 5.934 -5.706
-9.794 0.021 -5.631
-9.688 6.923 -5.647
-9.169 0.144 -5.631
-9.124 7.127 -5.631
-8.569 0.112 -5.631
-8.44 7.13 -5.64
-7.818 -0.317 -5.516
-7.908 6.914 -5.585
-7.921 9.175 -5.569
-7.785 10.809 -5.632
-7.239 -1.09 -5.571
-7.263 6.358 -5.612
-7.404 9.059 -5.588
-7.19 10.905 -5.625
-6.627 -2.395 -5.681
-6.608 5.96 -5.761
-6.676 9.393 -5.654
-6.647 10.734 -5.607
-5.99 -2.673 -5.774
-5.984 6.435 -5.646
-6.165 9.536 -5.636
-5.986 10.367 -5.638
-5.283 -2.441 -5.608
-5.388 7.761 -5.704
-5.5 8.865 -5.629
-5.284 10.731 -5.602
-4.731 -2.437 -5.569
-4.757 10.71 -5.611
-4.231 -2.4 -5.694
-4.034 10.28 -5.66
-3.664 -2.39 -5.608
-3.44 10.255 -5.667
-3.564 11.6 -5.606
-3.517 13.236 -5.569
-2.972 -2.438 -5.72
-2.864 10.356 -5.66
-3.023 11.471 -5.628
-2.925 13.431 -5.714
-2.324 -2.763 -5.484
-2.232 10.753 -5.662
-2.444 11.348 -5.644
-2.266 14.495 -5.593
-1.672 -3.527 -5.507
-1.522 15.06 -5.622
-0.983 -4.903 -5.5
-0.946 15.208 -5.698
-0.341 -5.204 -5.53
-0.251 15.704 -5.695
0.206 -5.253 -5.631
0.278 15.982 -5.735
0.769 -5.301 -5.694
0.931 16.216 -5.5
1.395 -5.452 -5.651
1.438 15.98 -5.647
2.119 -5.917 -5.607
2.139 15.455 -5.569
2.633 -6.698 -5.619
2.633 15.105 -5.655
3.35 -7.331 -5.645
3.307 14.783 -5.488
3.801 -7.517 -5.692
4.001 14.667 -5.63
4.601 -8.381 -5.491
4.551 14.428 -5.569
5.243 -11.587 -5.506
5.17 13.774 -5.558
5.877 -12.269 -5.527
5.856 -1.557 -5.618
5.81 -0.257 -5.668
5.837 12.171 -5.569
6.456 -12.469 -5.631
6.429 -3.691 -5.572
6.532 0.771 -5.597
6.38 11.88 -5.624
7.081 -12.494 -5.631
6.988 -4.04 -5.53
7.115 3.121 -5.751
7.13 11.834 -5.649
7.644 -12.447 -5.694
7.576 -4.344 -5.588
7.621 3.409 -5.603
7.706 11.877 -5.631
8.2 -12.541 -5.591
8.224 -4.946 -5.741
8.346 3.962 -5.535
8.176 11.799 -5.591
8.918 -12.736 -5.501
9.004 -5.458 -5.718
8.948 4.391 -5.684
8.969 8.352 -5.497
8.949 9.095 -5.68
8.909 11.289 -5.7
9.544 -12.728 -5.736
9.596 -7.876 -5.596
9.593 -7.279 -5.758
9.56 -6.095 -5.677
9.456 4.708 -5.706
9.562 6.411 -5.567
10.241 -12.406 -5.736
10.251 -9.699 -5.599
10.802 -11.581 -5.736
10.837 -10.847 -5.586
-1.502 -3.753 -12.501
1.055 -3.989 -12.506
-1.902 -3.857 -11.828
3.505 -3.977 -11.818
-2.148 -3.753 -11.344
4.255 -3.987 -11.258
-2.504 -3.857 -10.615
5.564 -3.918 -10.617
-2.78 -3.775 -10.106
6.123 -3.99 -10.081
-2.986 -3.831 -9.402
7.211 -3.903 -9.279
-3.022 -3.857 -8.838
7.547 -3.773 -8.85
-2.613 -3.961 -8.161
7.743 -3.921 -8.16
-1.911 -3.902 -7.469
7.597 -3.85 -7.466
-1.548 -3.904 -6.8
7.381 -3.812 -6.875
-1.508 -3.919 -6.194
6.906 -3.743 -6.202
-1.562 -3.837 -5.659
6.68 -3.824 -5.738
-1.449 -3.799 -5.006
6.373 -3.745 -5.061
-1.149 -3.868 -4.442
6.304 -3.731 -4.43
-0.925 -3.991 -3.814
6.563 -3.895 -3.761
-1.099 -3.718 -3.174
6.776 -3.82 -3.176
-0.869 -3.89 -2.527
6.834 -3.917 -2.506
-0.576 -3.888 -1.919
6.701 -3.857 -1.881
-0.406 -3.955 -1.319
6.746 -3.857 -1.256
-0.482 -3.762 -0.693
6.896 -3.851 -0.587
-0.724 -3.854 -0.051
6.968 -3.937 0.098
-0.842 -3.752 0.663
7.025 -3.974 0.616
-0.91 -3.827 1.348
7.428 -3.926 1.256
-0.881 -3.849 1.922
7.982 -3.889 1.992
-1.283 -3.873 2.583
8.043 -3.863 2.598
-1.863 -3.929 3.149
7.898 -3.822 3.075
-2.003 -3.982 3.803
7.557 -3.929 3.871
-1.875 -3.899 4.431
7.546 -3.911 4.473
-2.07 -3.888 4.963
7.393 -3.875 5.055
-2.69 -3.877 5.554
7.001 -3.978 5.707
-3.746 -3.821 6.369
6.954 -3.936 6.348
-3.977 -3.919 6.931
6.919 -3.923 6.973
-3.955 -3.857 7.494
6.787 -3.824 7.491
-3.742 -3.887 8.145
5.608 -3.804 8.132
-3.419 -3.884 8.778
4.802 -3.727 8.735
-3.211 -3.857 9.369
3.697 -3.818 9.368
-3.093 -3.857 9.968
2.393 -3.753 9.972
-2.754 -3.961 10.666
-0.115 -3.795 10.636
1.138 -3.952 10.612
1.562 -3.827 10.573
-1.839 -3.94 11.227
-1.373 -3.815 11.229
-3.473 -3.868 6.034
-3.555 -3.774 8.432
-2.899 -3.983 -9.695
-2.919 -3.753 -8.505
-2.958 -3.902 5.724
-2.919 -3.753 10.425
-2.287 -3.961 -11.029
-2.304 -3.753 -7.812
-2.336 -3.906 5.248
-2.21 -3.803 11.046
-1.71 -3.961 -12.322
-1.679 -3.798 -7.148
-1.656 -3.939 2.799
-1.637 -3.882 11.259
-1.039 -3.857 -12.865
-1.065 -3.794 -4.125
-0.999 -3.912 -3.415
-1.046 -3.778 -2.772
-1.097 -3.898 2.325
-1.144 -3.888 11.157
-0.393 -3.899 -13.049
-0.44 -3.787 -1.387
-0.439 -3.97 -0.892
-0.506 -3.902 10.848
0.206 -3.857 -12.948
0.208 -3.812 10.54
0.69 -3.836 -12.666
0.877 -3.89 10.552
1.426 -3.747 -12.373
1.403 -3.898 10.627
2.081 -3.857 -12.366
1.976 -3.923 10.341
2.644 -3.919 -12.329
2.767 -3.857 9.706
3.204 -3.826 -12.051
3.345 -3.902 9.465
3.941 -3.732 -11.479
4.024 -3.877 9.266
4.684 -3.779 -11.142
4.486 -3.935 8.95
5.201 -3.902 -10.892
5.194 -3.916 8.376
5.818 -3.752 -10.286
5.906 -3.865 8.029
6.501 -3.753 -9.785
6.531 -3.87 -5.208
6.401 -3.804 -3.906
6.437 -3.902 7.781
6.994 -3.817 -9.478
7.101 -3.805 -6.362
7.132 -3.849 0.79
7.091 -3.956 5.427
7.697 -3.735 -8.477
7.699 -3.911 -7.825
7.794 -3.726 1.522
7.71 -3.867 3.414
-11.663 0.819 -4.96
-11.704 2.225 -5.119
-10.99 0.191 -4.902
-10.94 3.366 -5.125
-10.419 -0.025 -5.006
-10.408 6.39 -5.066
-9.856 -0.048 -5.069
-9.735 7.126 -5.12
-9.745 9.087 -4.901
-9.787 10.921 -4.991
-9.284 -0.019 -4.976
-9.136 7.838 -5.047
-9.296 8.958 -4.976
-9.113 11.049 -5.041
-8.658 -0.002 -5.031
-8.509 11.292 -4.95
-7.981 -0.195 -4.91
-7.815 11.485 -5.061
-7.353 -0.384 -5.008
-7.19 11.558 -5.041
-6.643 0.102 -4.926
-6.565 11.456 -4.974
-5.988 0.117 -4.998
-5.94 11.363 -4.965
-5.353 -1.68 -4.949
-5.381 -1.079 -4.926
-5.352 -0.342 -4.955
-5.365 11.479 -5.002
-4.769 -2.254 -4.978
-4.831 11.983 -4.951
-4.193 -2.488 -5.051
-4.172 13.362 -4.989
-3.52 -2.708 -4.875
-3.534 13.905 -4.93
-2.874 -2.725 -5.006
-2.818 14.558 -5.088
-2.89 16.495 -4.992
-2.885 17.583 -4.928
-2.205 -2.922 -4.938
-2.19 17.804 -5.018
-1.635 -3.43 -4.987
-1.641 17.761 -4.942
-0.931 -4.725 -4.932
-0.913 17.063 -4.966
-0.412 -5.015 -4.949
-0.315 16.902 -4.938
0.239 -5.226 -4.991
0.245 16.871 -4.96
0.823 -5.468 -5.051
0.831 16.59 -5.05
1.423 -6.083 -4.956
1.36 16.329 -4.972
2.144 -7.097 -4.851
2.145 15.325 -4.962
2.659 -7.301 -4.94
2.749 14.746 -4.986
3.337 -7.663 -4.892
3.254 14.537 -4.911
3.856 -7.872 -4.925
3.852 14.525 -5.026
4.588 -8.483 -5.037
4.432 14.371 -5.059
5.26 -11.492 -4.997
5.178 13.398 -4.937
5.898 -12.226 -4.902
5.797 11.936 -5.089
6.394 -12.448 -5.069
6.581 -3.942 -4.919
6.542 0.1 -4.988
6.414 11.569 -4.887
6.981 -12.536 -4.988
7.181 -4.235 -5.006
6.978 0.893 -5.096
7.127 1.534 -4.943
7.128 2.172 -4.962
7.05 11.641 -4.936
7.658 -12.537 -5.101
7.785 -4.606 -4.862
7.676 2.796 -4.884
7.654 11.804 -5.148
8.367 -12.712 -4.914
8.375 -5.312 -4.889
8.208 3.422 -5.097
8.359 11.55 -4.98
9.019 -12.8 -4.944
9.008 -5.922 -4.87
8.889 4.021 -5.125
8.978 8.421 -4.902
8.979 9.429 -5.048
8.977 10.954 -4.974
9.516 -12.666 -5.111
9.608 -6.573 -4.89
9.501 4.528 -5.151
9.622 6.592 -4.981
10.259 -12.328 -5.051
10.294 -9.056 -5.008
10.814 -11.706 -5.13
10.861 -10.461 -4.943
-1.274 -3.296 -12.448
0.557 -3.31 -12.523
-1.824 -3.351 -11.761
3.225 -3.251 -11.924
-2.161 -3.213 -11.363
4.873 -3.263 -11.239
-2.738 -3.27 -10.639
5.496 -3.336 -10.615
-3.095 -3.26 -9.978
6.088 -3.336 -10.008
-3.224 -3.274 -9.381
7.274 -3.281 -9.26
-3.267 -3.29 -8.803
7.6 -3.232 -8.711
-2.682 -3.282 -8.041
7.725 -3.327 -8.172
-2.095 -3.265 -7.443
7.559 -3.211 -7.53
-1.788 -3.234 -6.946
7.225 -3.15 -6.988
-1.618 -3.36 -6.325
6.357 -3.118 -6.23
-1.878 -3.149 -5.62
6.172 -3.232 -5.676
-1.875 -3.206 -5.147
6.084 -3.232 -5.006
-1.414 -3.328 -4.47
6.021 -3.169 -4.444
-1.289 -3.289 -3.784
6.102 -3.276 -3.849
-1.263 -3.232 -3.131
6.26 -3.201 -3.271
-1.169 -3.259 -2.649
6.627 -3.34 -2.536
-0.767 -3.316 -1.973
6.652 -3.232 -1.881
-0.51 -3.278 -1.296
6.805 -3.24 -1.216
-0.509 -3.232 -0.631
7.103 -3.223 -0.512
-0.543 -3.233 0.037
7.171 -3.208 -0.006
-0.339 -3.2 0.742
7.306 -3.271 0.627
0.002 -3.207 1.207
7.628 -3.281 1.16
0.393 -3.153 1.884
8.653 -3.238 1.956
0.422 -3.121 2.41
9.037 -3.188 2.565
0.125 -3.255 3.189
8.6 -3.225 3.17
0.577 -3.248 3.784
8.137 -3.307 3.87
1.133 -3.212 4.483
8.213 -3.296 4.38
1.081 -3.209 4.961
8.598 -3.188 5.107
0.648 -3.235 5.753
8.516 -3.185 5.557
-3.34 -3.2 6.213
-1.403 -3.261 6.188
0.476 -3.196 6.197
7.577 -3.282 6.397
-3.771 -3.321 6.921
7.483 -3.176 6.973
-3.759 -3.313 7.594
7.308 -3.137 7.521
-3.414 -3.254 8.218
6.181 -3.178 8.139
-3.124 -3.307 8.848
4.948 -3.128 8.797
-3.033 -3.311 9.473
4.176 -3.096 9.351
-2.988 -3.344 10.007
2.204 -3.226 9.91
-2.65 -3.33 10.594
-0.608 -3.119 10.642
-3.521 -3.237 6.404
-3.573 -3.197 7.942
-2.908 -3.304 -10.275
-3.006 -3.253 -8.368
-3.015 -3.315 5.962
-2.895 -3.294 10.246
-2.382 -3.26 -11.135
-2.323 -3.282 -7.704
-2.424 -3.277 5.85
-2.205 -3.198 10.863
-1.608 -3.354 -12.077
-1.707 -3.161 -6.669
-1.745 -3.204 -5.965
-1.719 -3.192 -4.785
-1.802 -3.216 5.985
-1.601 -3.305 11.053
-1.055 -3.345 -12.642
-1.047 -3.107 -2.282
-1.078 -3.21 6.509
-0.94 -3.294 10.932
-0.523 -3.301 -12.777
-0.405 -3.076 0.462
-0.523 -3.26 6.647
-0.338 -3.193 10.482
0.14 -3.331 -12.711
0.242 -3.172 1.463
0.256 -3.172 2.881
0.302 -3.229 3.448
0.135 -3.213 6.496
0.269 -3.238 10.297
0.852 -3.163 -12.331
0.903 -3.218 3.992
0.844 -3.244 5.332
0.831 -3.278 10.322
1.519 -3.169 -12.239
1.501 -3.355 10.358
2.081 -3.232 -12.246
2.058 -3.351 10.099
2.729 -3.277 -12.158
2.69 -3.187 9.62
3.444 -3.156 -11.774
3.331 -3.232 9.471
4.019 -3.169 -11.545
3.834 -3.304 9.406
4.548 -3.206 -11.392
4.5 -3.338 9.12
5.176 -3.187 -11.014
5.254 -3.232 8.508
5.806 -3.128 -10.222
5.787 -3.239 8.215
6.429 -3.169 -9.825
6.606 -3.293 -6.363
6.43 -3.097 -2.875
6.435 -3.282 8.055
6.956 -3.191 -9.544
7.008 -3.254 -6.71
7.03 -3.085 -0.766
6.972 -3.309 7.782
7.693 -3.202 -8.42
7.692 -3.364 -7.861
7.828 -3.245 1.319
7.704 -3.297 6.115
8.301 -3.25 1.626
8.281 -3.285 3.439
8.416 -3.213 4.615
8.252 -3.187 5.816
8.987 -3.185 2.287
8.863 -3.236 2.806
-10.911 0.397 -4.322
-11.044 4.057 -4.477
-10.481 0.148 -4.444
-10.448 6.437 -4.426
-10.46 9.441 -4.272
-10.32 10.925 -4.465
-9.86 -0.018 -4.394
-9.828 7.136 -4.486
-9.783 8.484 -4.238
-9.714 11.362 -4.428
-9.194 -0.189 -4.231
-9.162 11.605 -4.429
-8.499 -0.175 -4.358
-8.506 13.17 -4.306
-7.835 -0.217 -4.459
-7.815 13.481 -4.412
-7.184 0.235 -4.428
-7.244 13.424 -4.389
-6.576 0.77 -4.388
-6.517 12.192 -4.391
-5.999 0.955 -4.353
-5.94 11.994 -4.377
-5.411 0.899 -4.316
-5.347 12.089 -4.468
-4.803 -1.706 -4.389
-4.891 -0.982 -4.481
-4.767 0.32 -4.324
-4.716 13.216 -4.363
-4.169 -2.444 -4.31
-4.052 13.756 -4.457
-3.472 -2.721 -4.353
-3.605 14.136 -4.432
-3.535 16.447 -4.284
-3.421 17.641 -4.417
-2.919 -2.712 -4.422
-2.828 18.255 -4.408
-2.276 -2.727 -4.355
-2.224 18.446 -4.304
-1.714 -2.978 -4.365
-1.568 18.323 -4.311
-1.011 -4.057 -4.341
-0.932 17.839 -4.379
-0.402 -4.696 -4.337
-0.315 17.608 -4.31
0.172 -4.924 -4.363
0.31 17.53 -4.294
0.786 -5.405 -4.337
0.811 17.433 -4.257
1.431 -6.728 -4.261
1.412 16.927 -4.228
2.036 -7.294 -4.319
2.06 15.095 -4.353
2.558 -7.508 -4.378
2.749 14.482 -4.478
3.404 -7.844 -4.444
3.372 14.134 -4.346
4.006 -8.399 -4.345
3.852 14.058 -4.341
4.507 -9.231 -4.368
4.435 13.867 -4.4
5.252 -10.943 -4.269
5.198 11.623 -4.341
5.907 -12.145 -4.277
5.786 11.399 -4.417
6.474 -12.369 -4.426
6.552 -3.97 -4.281
6.508 -0.347 -4.372
6.394 11.29 -4.367
7.107 -12.701 -4.293
7.125 -4.241 -4.381
7.073 0.171 -4.371
6.977 11.341 -4.426
7.64 -12.839 -4.365
7.79 -4.55 -4.38
7.599 2.237 -4.478
7.586 11.38 -4.472
8.269 -13.007 -4.391
8.363 -5.262 -4.353
8.238 2.743 -4.491
8.367 10.961 -4.349
8.911 -13.049 -4.407
9.056 -5.991 -4.285
8.827 2.783 -4.381
9.005 8.422 -4.277
9.541 -12.705 -4.426
9.627 -6.465 -4.371
9.489 3.451 -4.382
9.668 7.236 -4.353
10.211 -12.426 -4.389
10.217 -7.927 -4.303
10.729 -12.167 -4.453
10.816 -8.536 -4.286
-1.399 -2.498 -11.868
3.048 -2.711 -11.906
-2.583 -2.627 -11.26
4.966 -2.711 -11.262
-4.301 -2.522 -10.623
5.506 -2.652 -10.584
-7.453 -2.464 -10.077
-4.997 -2.622 -9.916
-4.062 -2.63 -10.014
6.027 -2.643 -9.917
-7.648 -2.492 -9.442
-4.582 -2.619 -9.319
-4.024 -2.646 -9.533
6.967 -2.538 -9.323
-7.514 -2.549 -8.78
7.38 -2.617 -8.799
-7.096 -2.631 -8.16
7.569 -2.72 -8.159
-7.0 -2.595 -7.611
-4.601 -2.591 -7.465
-2.716 -2.716 -7.585
7.354 -2.571 -7.536
-7.062 -2.606 -6.986
-4.918 -2.655 -6.75
-2.157 -2.739 -6.946
6.819 -2.527 -6.881
-6.971 -2.558 -6.27
-5.043 -2.618 -6.207
-2.029 -2.744 -6.363
6.217 -2.575 -6.277
-6.256 -2.609 -5.716
-5.764 -2.535 -5.593
-2.477 -2.584 -5.675
5.987 -2.607 -5.631
-3.876 -2.588 -5.037
5.967 -2.607 -5.006
-3.95 -2.62 -4.495
5.964 -2.607 -4.381
-2.045 -2.628 -3.8
5.982 -2.607 -3.756
-1.518 -2.751 -3.144
6.148 -2.562 -3.119
-1.411 -2.689 -2.556
6.499 -2.694 -2.405
-0.87 -2.751 -1.827
6.59 -2.669 -1.819
-0.687 -2.605 -1.212
6.758 -2.607 -1.262
-0.56 -2.669 -0.569
7.108 -2.711 -0.532
-0.479 -2.634 -0.051
7.255 -2.607 -0.006
-0.129 -2.676 0.645
7.571 -2.677 0.625
0.461 -2.699 1.339
9.138 -2.553 1.357
0.705 -2.62 1.913
9.679 -2.58 1.982
0.708 -2.707 2.564
9.791 -2.536 2.494
1.013 -2.513 3.153
9.723 -2.441 3.133
1.51 -2.586 3.867
9.264 -2.504 3.849
1.67 -2.563 4.369
9.091 -2.592 4.431
1.665 -2.476 5.024
9.122 -2.546 4.994
1.201 -2.544 5.746
9.066 -2.466 5.562
0.933 -2.495 6.252
8.554 -2.465 6.214
-3.108 -2.649 7.01
-1.912 -2.615 6.81
0.529 -2.48 6.939
7.883 -2.475 6.845
-3.083 -2.649 7.519
-1.494 -2.621 7.442
-0.091 -2.594 7.621
7.493 -2.562 7.479
-2.176 -2.593 8.274
-0.865 -2.616 8.088
0.013 -2.621 8.138
6.85 -2.501 8.127
-2.177 -2.589 8.768
-0.805 -2.611 8.639
0.705 -2.632 8.763
5.031 -2.641 8.853
-2.501 -2.67 9.493
-0.675 -2.602 9.264
1.231 -2.637 9.377
4.355 -2.587 9.398
-2.445 -2.674 10.017
-0.682 -2.641 9.936
-7.152 -2.6 -10.267
-7.325 -2.546 -8.399
-6.565 -2.67 -10.464
-6.64 -2.608 -5.899
-5.94 -2.627 -10.469
-6.079 -2.458 -5.547
-5.372 -2.591 -10.271
-5.475 -2.626 -5.821
-4.742 -2.604 -9.537
-4.845 -2.651 -7.157
-4.117 -2.503 -10.806
-4.225 -2.583 -10.231
-4.157 -2.643 -9.29
-4.218 -2.598 -7.885
-3.44 -2.618 -10.926
-3.648 -2.573 -7.925
-3.424 -2.596 -5.287
-3.597 -2.612 -4.022
-2.876 -2.731 -11.048
-3.061 -2.611 -7.738
-2.868 -2.611 -5.38
-3.023 -2.615 -4.005
-2.933 -2.658 6.678
-2.777 -2.605 7.776
-2.229 -2.592 -11.41
-2.392 -2.628 -7.142
-2.193 -2.705 -5.829
-2.429 -2.605 -4.01
-2.407 -2.625 6.565
-2.293 -2.583 8.014
-2.364 -2.646 9.054
-2.149 -2.602 10.265
-1.716 -2.6 -11.694
-1.761 -2.612 -3.408
-1.733 -2.597 7.196
-1.565 -2.582 10.448
-1.081 -2.652 -12.074
-1.136 -2.636 -2.118
-1.139 -2.611 7.781
-0.959 -2.705 10.426
-0.51 -2.534 -12.142
-0.383 -2.577 0.171
0.161 -2.65 -12.107
0.233 -2.491 0.95
0.142 -2.627 7.198
0.312 -2.617 8.401
0.831 -2.563 -12.075
0.844 -2.539 2.833
0.747 -2.592 6.523
0.936 -2.613 8.932
1.456 -2.607 -12.184
1.407 -2.452 3.611
1.397 -2.663 5.396
1.596 -2.659 9.526
2.081 -2.607 -12.182
2.174 -2.707 9.548
2.641 -2.607 -12.063
2.781 -2.533 9.435
3.37 -2.503 -11.685
3.331 -2.607 9.446
3.956 -2.607 -11.534
3.951 -2.652 9.459
4.52 -2.607 -11.438
4.604 -2.746 9.196
5.181 -2.503 -11.041
5.287 -2.652 8.665
5.776 -2.587 -10.147
5.831 -2.607 8.407
6.527 -2.685 -9.663
6.557 -2.729 -6.576
6.406 -2.604 -2.629
6.371 -2.71 8.243
7.128 -2.546 -9.209
7.048 -2.546 -7.09
7.02 -2.503 -0.744
7.038 -2.74 7.966
7.842 -2.555 0.8
7.682 -2.636 7.078
8.435 -2.517 1.066
8.234 -2.591 6.439
8.948 -2.482 1.198
8.859 -2.58 5.88
9.56 -2.458 1.66
9.496 -2.586 3.408
-10.965 1.002 -3.745
-10.908 6.26 -3.81
-10.39 0.323 -3.81
-10.472 6.587 -3.778
-10.442 9.404 -3.652
-10.428 10.877 -3.868
-9.677 -0.199 -3.681
-9.902 7.162 -3.802
-9.806 8.346 -3.728
-9.752 11.494 -3.887
-9.106 -0.399 -3.694
-9.05 13.266 -3.811
-8.544 -0.368 -3.756
-8.577 13.979 -3.677
-7.978 -0.212 -3.861
-7.84 14.31 -3.621
-7.326 0.369 -3.861
-7.145 14.126 -3.775
-6.643 1.009 -3.878
-6.703 13.971 -3.661
-5.937 1.243 -3.709
-5.928 13.382 -3.674
-5.452 1.195 -3.655
-5.29 13.254 -3.779
-4.768 0.772 -3.673
-4.749 13.385 -3.819
-4.065 -2.222 -3.749
-4.053 13.845 -3.889
-3.485 -2.425 -3.708
-3.535 14.454 -3.824
-3.549 15.974 -3.613
-3.542 17.831 -3.861
-2.815 -2.446 -3.693
-2.837 18.453 -3.81
-2.221 -2.504 -3.637
-2.264 18.663 -3.719
-1.712 -2.807 -3.771
-1.716 18.54 -3.684
-1.065 -3.719 -3.712
-1.097 18.226 -3.752
-0.337 -4.598 -3.652
-0.419 17.848 -3.712
0.165 -4.824 -3.756
0.206 17.708 -3.756
0.817 -5.356 -3.652
0.794 17.578 -3.756
1.414 -6.828 -3.652
1.461 17.123 -3.652
2.074 -7.426 -3.712
2.075 14.598 -3.701
2.707 -7.808 -3.648
2.627 13.956 -3.755
3.354 -8.421 -3.642
3.29 11.28 -3.703
3.946 -9.843 -3.681
3.892 10.692 -3.802
4.544 -10.32 -3.616
4.511 10.444 -3.623
5.227 -10.873 -3.652
5.22 10.782 -3.699
5.833 -12.223 -3.694
5.831 11.043 -3.69
6.32 -12.397 -3.723
6.437 -3.718 -3.604
6.533 -0.545 -3.756
6.456 11.079 -3.692
7.141 -12.886 -3.841
7.065 -4.122 -3.712
7.019 -0.211 -3.76
7.081 10.998 -3.696
7.715 -14.847 -3.755
7.64 -4.332 -3.755
7.629 0.105 -3.877
7.63 10.812 -3.711
8.439 -15.323 -3.621
8.302 -4.95 -3.737
8.212 0.159 -3.774
8.284 10.109 -3.716
8.9 -14.917 -3.768
8.975 -5.883 -3.694
9.028 1.359 -3.683
9.044 8.416 -3.653
9.512 -13.008 -3.892
9.457 -6.2 -3.705
9.629 1.871 -3.752
9.649 7.853 -3.734
10.043 -12.752 -3.801
10.187 -7.393 -3.63
10.09 2.2 -3.747
10.205 7.231 -3.776
10.76 -12.365 -3.853
10.725 -8.12 -3.675
11.443 -11.631 -3.798
11.356 -8.735 -3.673
-1.21 -1.966 -11.85
-0.556 -2.031 -11.912
1.131 -1.905 -11.876
2.905 -2.034 -11.783
-4.53 -1.975 -11.215
4.739 -2.137 -11.23
-7.358 -1.93 -10.531
5.31 -2.096 -10.637
-7.728 -1.937 -10.021
5.496 -2.078 -10.109
-7.953 -1.873 -9.417
5.994 -2.08 -9.477
-7.811 -2.048 -8.822
6.873 -2.032 -8.882
-7.582 -2.012 -8.241
7.207 -2.118 -8.182
-7.493 -1.936 -7.611
6.9 -2.019 -7.506
-7.503 -1.938 -6.986
6.216 -1.933 -6.897
-7.441 -1.94 -6.387
5.977 -1.966 -6.294
-7.025 -2.041 -5.742
5.946 -1.98 -5.587
-5.128 -1.959 -4.942
6.021 -2.044 -4.944
-4.631 -1.978 -4.349
6.023 -1.982 -4.381
-4.366 -2.002 -3.861
5.959 -1.982 -3.756
-3.237 -1.957 -3.083
5.993 -1.919 -3.194
-2.657 -1.989 -2.55
6.262 -2.024 -2.619
-2.415 -1.886 -1.92
6.531 -2.114 -1.902
-1.292 -1.973 -1.345
6.751 -1.982 -1.259
-0.651 -2.088 -0.637
7.15 -2.086 -0.53
-0.256 -2.061 0.088
7.395 -2.01 0.033
0.059 -2.017 0.553
7.884 -2.039 0.641
0.629 -2.096 1.249
9.379 -2.086 1.267
0.961 -1.945 1.889
9.876 -2.086 1.917
0.986 -2.015 2.524
10.017 -1.982 2.494
1.21 -1.992 3.095
9.951 -1.919 3.056
1.695 -1.997 3.804
9.66 -1.896 3.613
1.903 -1.944 4.479
9.286 -2.027 4.328
1.842 -1.982 4.994
9.203 -1.982 4.994
1.594 -1.917 5.494
9.107 -1.878 5.545
1.076 -1.937 6.174
8.664 -1.848 6.158
0.726 -1.919 6.884
7.959 -1.878 6.867
0.611 -1.976 7.439
7.514 -1.878 7.544
1.069 -1.952 8.216
6.776 -1.878 8.118
1.78 -1.988 8.819
5.681 -1.93 8.909
2.927 -2.018 9.375
5.337 -1.859 9.361
-7.888 -1.998 -9.665
-7.926 -1.839 -8.993
-7.138 -1.925 -10.684
-7.298 -1.851 -5.956
-6.565 -1.971 -10.839
-6.598 -1.922 -5.419
-5.94 -1.951 -10.857
-6.044 -1.982 -5.273
-5.356 -1.992 -10.841
-5.557 -2.0 -5.204
-4.779 -2.026 -10.981
-4.828 -1.983 -4.652
-4.109 -1.899 -11.48
-4.167 -1.883 -3.564
-3.44 -1.945 -11.521
-3.674 -1.937 -3.333
-2.804 -2.011 -11.407
-2.923 -1.972 -2.88
-2.231 -1.919 -11.46
-2.218 -1.92 -1.769
-1.661 -2.027 -11.669
-1.783 -1.924 -1.614
-0.984 -2.125 -11.934
-1.076 -1.833 -1.058
-0.421 -1.838 -11.809
-0.391 -1.853 -0.273
0.206 -1.916 -11.71
0.251 -2.034 0.804
0.798 -1.938 -11.764
0.876 -1.935 1.491
0.825 -2.086 6.637
0.849 -1.838 7.902
1.371 -2.074 -12.061
1.449 -1.997 3.451
1.407 -2.016 5.735
1.513 -1.819 8.554
1.977 -2.004 -12.115
2.19 -1.911 9.043
2.558 -2.025 -11.991
2.693 -1.893 9.279
3.344 -2.03 -11.5
3.268 -1.982 9.473
3.852 -2.061 -11.357
3.859 -1.944 9.662
4.427 -2.08 -11.307
4.527 -1.989 9.667
5.093 -2.032 -10.891
5.085 -1.964 9.469
5.741 -1.999 -9.599
5.829 -2.063 8.636
6.394 -1.968 -9.172
6.569 -2.081 -7.102
6.454 -1.875 -2.222
6.421 -2.086 8.296
7.015 -1.959 -8.53
7.109 -2.051 -7.777
7.065 -1.878 -0.78
7.126 -2.086 7.913
7.771 -1.844 0.439
7.711 -2.086 7.249
8.375 -1.949 0.795
8.301 -2.086 6.476
8.947 -1.982 1.001
8.923 -2.087 5.926
9.639 -1.878 1.432
9.519 -1.986 3.818
-11.641 4.728 -2.983
-11.654 5.925 -3.216
-11.046 2.646 -2.987
-11.024 6.543 -3.187
-10.446 0.702 -3.106
-10.313 7.055 -3.192
-10.432 9.403 -3.106
-10.448 10.399 -3.141
-9.694 -0.23 -3.04
-9.815 11.494 -3.244
-9.169 -0.423 -3.131
-9.023 13.845 -3.162
-8.606 -0.457 -3.194
-8.374 14.358 -3.143
-8.028 -0.261 -3.184
-7.856 14.506 -3.069
-7.426 0.356 -3.173
-7.249 14.465 -3.13
-6.817 0.99 -3.186
-6.615 14.372 -2.991
-6.081 1.257 -3.087
-6.085 13.833 -3.103
-5.504 1.198 -3.131
-5.411 13.487 -3.201
-4.775 0.913 -3.027
-4.835 13.514 -3.274
-4.24 0.614 -3.081
-4.136 13.962 -3.26
-3.516 -1.698 -3.056
-3.532 15.108 -3.199
-3.63 15.742 -3.149
-3.566 17.768 -3.246
-2.877 -2.129 -3.118
-2.905 18.341 -3.131
-2.294 -2.264 -3.131
-2.271 18.551 -3.176
-1.75 -2.506 -3.094
-1.606 18.442 -3.069
-0.994 -3.958 -3.066
-1.103 18.219 -3.131
-0.379 -4.602 -3.069
-0.374 17.901 -3.027
0.079 -4.88 -3.11
0.206 17.735 -3.131
0.8 -5.489 -3.188
0.769 17.592 -3.131
1.423 -6.849 -3.157
1.45 17.068 -3.08
2.026 -7.466 -3.171
2.072 12.687 -3.124
2.67 -7.981 -3.182
2.65 11.926 -3.19
3.265 -9.252 -3.089
3.283 10.725 -3.026
3.986 -10.32 -3.143
3.941 7.228 -3.088
3.982 8.295 -3.071
4.011 10.273 -3.084
4.491 -10.546 -3.13
4.451 7.149 -3.117
4.626 8.333 -3.125
4.644 10.19 -3.069
5.193 -11.032 -3.179
5.076 10.387 -3.207
5.814 -12.449 -3.209
5.797 10.808 -3.152
6.394 -12.804 -3.118
6.495 -3.487 -3.111
6.546 -0.662 -3.172
6.456 10.966 -3.131
7.063 -14.933 -3.157
7.093 -4.087 -3.069
7.081 -0.443 -3.131
7.019 10.912 -3.194
7.641 -15.556 -3.191
7.544 -4.363 -3.121
7.666 -0.352 -3.165
7.545 10.634 -3.125
8.291 -15.847 -3.006
8.368 -5.304 -3.096
8.331 -0.344 -3.106
8.32 8.907 -3.067
8.941 -15.542 -3.282
9.05 -6.037 -3.199
8.834 -0.166 -3.121
8.868 8.354 -3.052
9.436 -15.336 -3.153
9.632 -6.514 -3.055
9.616 1.358 -3.159
9.439 8.113 -3.086
10.134 -13.501 -3.156
10.18 -7.499 -3.209
10.155 1.898 -3.307
10.114 7.646 -3.064
10.865 -12.441 -3.267
10.763 -8.128 -3.193
11.439 -11.571 -3.273
11.392 -8.737 -3.195
-4.873 -1.291 -11.218
2.853 -1.471 -11.324
-7.428 -1.343 -10.485
3.055 -1.313 -10.656
-7.799 -1.275 -9.942
4.315 -1.364 -10.031
-7.969 -1.446 -9.322
4.464 -1.27 -9.418
-7.857 -1.402 -8.725
4.828 -1.298 -8.725
-7.738 -1.357 -8.131
5.583 -1.309 -8.09
-7.664 -1.357 -7.506
5.982 -1.436 -7.491
-7.612 -1.357 -6.881
5.902 -1.444 -6.926
-7.518 -1.312 -6.243
5.725 -1.279 -6.353
-7.12 -1.49 -5.618
5.759 -1.302 -5.776
-5.549 -1.427 -5.024
5.999 -1.46 -5.041
-4.99 -1.407 -4.545
6.052 -1.357 -4.381
-4.54 -1.42 -3.867
6.023 -1.357 -3.756
-3.761 -1.4 -3.143
6.101 -1.357 -3.131
-3.309 -1.43 -2.589
6.344 -1.393 -2.574
-3.124 -1.31 -2.015
6.7 -1.425 -1.854
-2.542 -1.387 -1.383
6.921 -1.464 -1.235
-0.587 -1.506 -0.656
7.411 -1.474 -0.527
0.039 -1.517 0.034
7.624 -1.479 -0.01
0.689 -1.441 0.632
8.712 -1.428 0.633
1.2 -1.459 1.352
9.428 -1.475 1.145
1.256 -1.43 1.973
9.98 -1.351 1.902
1.283 -1.455 2.584
10.092 -1.419 2.556
1.701 -1.339 3.221
9.956 -1.357 3.119
2.21 -1.318 3.895
9.661 -1.293 3.624
2.194 -1.314 4.398
9.265 -1.347 4.327
1.879 -1.381 5.07
9.097 -1.312 5.006
1.529 -1.294 5.56
8.86 -1.305 5.686
1.017 -1.253 6.186
8.475 -1.294 6.116
0.758 -1.357 6.912
7.951 -1.251 6.865
0.779 -1.362 7.438
7.588 -1.325 7.532
1.148 -1.402 8.077
6.75 -1.253 8.135
2.167 -1.362 8.82
6.048 -1.244 8.807
2.966 -1.461 9.384
5.684 -1.384 9.349
3.809 -1.366 9.931
4.939 -1.219 10.008
-7.917 -1.483 -9.753
-7.915 -1.321 -8.972
-7.195 -1.392 -10.688
-7.327 -1.329 -5.789
-6.669 -1.357 -10.853
-6.707 -1.247 -5.311
-6.044 -1.357 -10.905
-5.974 -1.376 -5.149
-5.343 -1.41 -10.993
-5.366 -1.366 -4.894
-4.647 -1.399 -11.342
-4.773 -1.295 -4.251
-4.106 -1.294 -11.624
-4.115 -1.312 -3.408
-3.544 -1.357 -11.671
-3.56 -1.237 -2.861
-2.919 -1.357 -11.537
-2.926 -1.22 -1.592
-2.294 -1.357 -11.472
-2.252 -1.211 -1.144
-1.669 -1.357 -11.585
-1.624 -1.342 -1.076
-1.013 -1.425 -11.712
-0.947 -1.298 -0.903
-0.419 -1.357 -11.637
-0.309 -1.406 -0.441
0.15 -1.283 -11.455
0.321 -1.392 0.238
0.831 -1.357 -11.482
0.938 -1.391 0.815
0.846 -1.461 6.549
0.866 -1.3 7.65
1.371 -1.425 -11.693
1.512 -1.317 2.914
1.39 -1.461 5.744
1.52 -1.253 8.384
1.968 -1.255 -11.674
2.096 -1.297 3.588
2.061 -1.405 4.641
1.993 -1.309 8.684
2.559 -1.355 -11.502
2.621 -1.312 9.167
3.376 -1.341 -10.391
3.38 -1.312 9.663
3.839 -1.348 -10.266
4.025 -1.208 10.047
4.608 -1.329 -9.204
4.496 -1.326 10.065
5.212 -1.359 -8.404
5.189 -1.41 9.769
5.825 -1.35 -7.882
5.835 -1.451 -6.646
5.846 -1.217 -5.431
5.841 -1.448 9.102
6.473 -1.411 -2.336
6.377 -1.488 8.358
7.164 -1.38 -0.949
7.149 -1.402 7.893
7.828 -1.383 0.119
7.727 -1.487 7.31
8.322 -1.388 0.442
8.302 -1.503 6.405
8.942 -1.473 0.769
8.99 -1.357 5.508
9.632 -1.418 1.342
9.527 -1.501 3.868
-11.659 4.58 -2.445
-11.535 6.287 -2.576
-11.048 2.749 -2.402
-11.066 6.662 -2.569
-10.393 1.602 -2.456
-10.456 7.171 -2.611
-10.412 8.981 -2.381
-10.427 10.304 -2.611
-9.797 0.126 -2.413
-9.769 11.967 -2.566
-9.159 -0.281 -2.557
-9.207 13.885 -2.515
-8.506 -0.305 -2.625
-8.565 14.505 -2.468
-7.898 0.103 -2.497
-7.919 14.678 -2.562
-7.285 0.865 -2.51
-7.294 14.695 -2.573
-6.605 1.314 -2.488
-6.669 14.721 -2.596
-5.981 1.339 -2.444
-6.066 14.588 -2.563
-5.411 1.216 -2.484
-5.384 14.096 -2.585
-4.721 1.05 -2.487
-4.682 14.474 -2.499
-4.225 0.866 -2.516
-4.242 16.516 -2.484
-3.551 0.151 -2.417
-3.589 17.241 -2.426
-2.919 -1.777 -2.448
-2.908 18.09 -2.631
-2.275 -2.117 -2.462
-2.398 18.246 -2.591
-1.654 -2.398 -2.471
-1.714 18.227 -2.509
-1.008 -3.548 -2.456
-1.03 18.129 -2.479
-0.323 -4.604 -2.549
-0.337 17.933 -2.475
0.18 -5.436 -2.457
0.216 17.789 -2.466
0.862 -6.658 -2.495
0.753 17.547 -2.506
1.452 -12.425 -2.509
1.432 -11.719 -2.419
1.502 -7.179 -2.461
1.401 12.565 -2.466
1.48 14.449 -2.52
1.462 16.579 -2.359
2.021 -13.004 -2.524
2.102 -11.148 -2.446
2.08 -7.892 -2.529
2.057 12.051 -2.506
2.602 -13.083 -2.541
2.734 -10.994 -2.522
2.653 -9.717 -2.485
2.626 11.483 -2.384
3.199 -13.041 -2.527
3.4 6.577 -2.467
3.417 8.482 -2.62
3.268 10.661 -2.402
3.862 -13.647 -2.51
4.071 -12.353 -2.506
3.915 -11.167 -2.528
3.852 6.357 -2.504
3.959 8.991 -2.505
3.933 10.119 -2.473
4.584 -14.206 -2.516
4.601 -12.245 -2.547
4.431 -11.194 -2.547
4.477 6.325 -2.56
4.685 9.082 -2.556
4.477 10.0 -2.579
5.102 -14.224 -2.512
5.192 6.427 -2.446
5.234 8.915 -2.492
5.126 10.112 -2.631
5.716 -14.214 -2.493
5.861 7.068 -2.427
5.871 8.229 -2.446
5.844 10.583 -2.63
6.417 -14.66 -2.359
6.442 -2.404 -2.413
6.548 -1.097 -2.49
6.352 10.714 -2.589
7.102 -15.401 -2.4
7.096 -4.337 -2.548
7.079 -0.681 -2.585
7.007 10.663 -2.614
7.799 -15.892 -2.457
7.695 -5.297 -2.428
7.706 -0.545 -2.506
7.61 10.167 -2.538
8.394 -16.039 -2.444
8.337 -6.129 -2.527
8.331 -0.468 -2.506
8.319 8.453 -2.439
8.903 -15.962 -2.61
8.941 -6.506 -2.462
8.865 -0.255 -2.611
8.931 8.124 -2.493
9.483 -16.009 -2.439
9.609 -7.15 -2.445
9.563 0.968 -2.553
9.603 7.894 -2.427
10.102 -16.043 -2.475
10.168 -8.041 -2.567
10.113 1.611 -2.609
10.161 7.539 -2.444
10.81 -16.051 -2.417
10.78 -13.632 -2.542
10.837 -12.929 -2.599
10.804 -8.546 -2.512
10.818 2.838 -2.6
10.817 3.222 -2.475
11.474 -11.275 -2.598
11.354 -9.238 -2.377
-4.609 -0.607 -11.275
-0.044 -0.738 -11.282
0.631 -0.581 -11.252
1.791 -0.797 -11.301
-6.962 -0.768 -10.615
2.403 -0.674 -10.629
-7.55 -0.707 -9.966
2.897 -0.763 -9.988
-7.787 -0.84 -9.339
3.632 -0.773 -9.44
-7.752 -0.732 -8.756
4.22 -0.816 -8.844
-7.775 -0.732 -8.131
4.762 -0.75 -8.112
-7.733 -0.732 -7.506
5.48 -0.761 -7.528
-7.667 -0.732 -6.881
5.674 -0.819 -6.881
-7.694 -0.643 -6.33
5.652 -0.732 -6.256
-7.511 -0.78 -5.748
5.723 -0.736 -5.697
-5.24 -0.733 -4.896
6.031 -0.777 -5.018
-4.707 -0.804 -4.273
6.237 -0.742 -4.337
-4.426 -0.732 -3.809
6.297 -0.819 -3.652
-3.799 -0.836 -3.126
6.368 -0.868 -3.068
-3.436 -0.836 -2.449
6.94 -0.795 -2.492
-3.265 -0.732 -1.915
7.465 -0.752 -1.836
-2.736 -0.836 -1.259
8.692 -0.733 -1.178
1.03 -0.725 -0.543
9.164 -0.69 -0.512
1.902 -0.747 -0.032
9.207 -0.729 0.098
2.409 -0.742 0.665
9.355 -0.805 0.657
2.455 -0.744 1.348
9.88 -0.727 1.268
2.381 -0.735 1.973
10.304 -0.592 1.943
2.413 -0.746 2.511
10.113 -0.764 2.581
3.053 -0.74 3.182
9.825 -0.732 3.174
3.551 -0.709 3.886
9.448 -0.72 3.799
3.599 -0.727 4.427
9.22 -0.732 4.369
3.109 -0.675 5.061
9.076 -0.628 4.933
1.667 -0.733 5.542
8.645 -0.687 5.646
1.018 -0.623 6.286
8.114 -0.721 6.285
0.787 -0.818 6.991
7.913 -0.669 6.806
0.923 -0.736 7.542
7.753 -0.696 7.334
1.237 -0.745 8.05
6.779 -0.67 8.139
2.33 -0.845 8.805
6.169 -0.628 8.661
2.981 -0.777 9.347
5.885 -0.698 9.215
3.681 -0.841 9.963
5.047 -0.628 9.998
-7.245 -0.779 -10.417
-7.216 -0.707 -5.306
-6.744 -0.86 -10.715
-6.606 -0.669 -5.192
-6.089 -0.752 -10.752
-6.106 -0.794 -5.196
-5.419 -0.732 -10.869
-5.55 -0.671 -5.072
-4.89 -0.815 -11.125
-4.907 -0.577 -4.566
-4.205 -0.759 -11.5
-4.138 -0.628 -3.481
-3.544 -0.732 -11.617
-3.572 -0.628 -2.754
-2.919 -0.732 -11.586
-2.969 -0.628 -1.426
-2.294 -0.732 -11.585
-2.279 -0.628 -1.022
-1.669 -0.732 -11.641
-1.669 -0.732 -0.966
-1.044 -0.732 -11.586
-1.106 -0.794 -0.987
-0.428 -0.777 -11.408
-0.419 -0.758 -1.019
0.187 -0.613 -11.244
0.334 -0.651 -1.021
0.774 -0.789 -11.297
0.885 -0.606 -0.747
0.837 -0.866 6.546
0.843 -0.648 7.292
1.372 -0.761 -11.361
1.453 -0.721 -0.334
1.43 -0.777 5.742
1.553 -0.64 8.297
2.001 -0.6 -11.039
2.128 -0.765 0.166
2.069 -0.771 5.283
2.094 -0.695 8.589
2.67 -0.692 -10.204
2.761 -0.731 2.769
2.596 -0.667 5.169
2.697 -0.68 9.035
3.309 -0.766 -9.628
3.38 -0.698 3.536
3.299 -0.753 4.85
3.404 -0.602 9.745
3.888 -0.718 -9.145
4.041 -0.633 10.082
4.481 -0.755 -8.33
4.562 -0.836 10.114
5.164 -0.72 -7.811
5.246 -0.794 9.905
5.838 -0.674 -5.392
5.692 -0.787 9.499
6.572 -0.769 -2.877
6.455 -0.837 8.367
7.18 -0.746 -2.314
7.037 -0.732 8.007
7.843 -0.719 -1.507
7.568 -0.785 7.614
8.366 -0.71 -1.354
8.345 -0.782 5.963
9.008 -0.702 -0.975
8.947 -0.836 5.271
9.586 -0.756 0.966
9.602 -0.78 3.533
10.218 -0.644 1.637
10.185 -0.786 2.245
-11.697 4.038 -1.816
-11.66 5.869 -1.926
-11.139 2.642 -1.769
-11.14 6.559 -2.002
-10.386 2.03 -1.764
-10.477 7.151 -1.992
-10.417 8.886 -1.825
-10.425 10.258 -2.004
-9.707 0.948 -1.884
-9.649 13.881 -1.898
-9.098 0.233 -1.95
-9.153 14.415 -1.848
-8.458 0.261 -1.958
-8.417 15.285 -1.925
-7.831 0.96 -1.969
-7.815 15.303 -1.918
-7.178 1.512 -1.973
-7.24 15.286 -1.899
-6.57 1.593 -1.811
-6.585 15.769 -1.884
-6.044 1.492 -1.881
-6.025 16.413 -1.824
-5.419 1.413 -1.881
-5.315 16.537 -1.906
-4.749 1.308 -1.868
-4.698 16.624 -1.973
-4.099 1.237 -1.749
-4.09 16.881 -1.861
-3.58 0.809 -1.859
-3.481 17.125 -1.819
-2.833 -1.581 -1.854
-2.993 17.321 -1.887
-2.171 -2.013 -1.92
-2.281 17.626 -1.818
-1.633 -2.131 -1.866
-1.758 17.861 -1.884
-1.104 -2.434 -1.84
-1.021 0.937 -1.784
-0.952 2.051 -1.872
-1.063 18.118 -1.9
-0.425 -4.201 -1.809
-0.523 0.741 -1.865
-0.398 2.566 -1.786
-0.374 18.153 -1.859
0.209 -6.716 -1.796
0.081 0.798 -1.894
0.218 2.504 -1.834
0.27 18.102 -1.749
0.76 -12.358 -1.862
0.928 -11.525 -1.976
0.853 -7.255 -1.863
0.765 17.724 -1.9
1.444 -13.442 -1.782
1.518 -10.929 -1.995
1.471 -7.81 -1.861
1.429 12.054 -1.768
1.434 14.607 -1.986
1.479 16.477 -1.777
1.968 -13.665 -1.835
2.127 11.617 -1.843
2.592 -13.698 -1.943
2.707 6.508 -1.736
2.731 7.819 -1.963
2.611 11.307 -1.788
3.269 -13.975 -1.769
3.306 5.961 -1.782
3.441 8.966 -1.967
3.281 10.638 -1.934
3.806 -14.308 -1.83
3.835 5.82 -1.811
4.542 -14.664 -1.767
4.536 5.849 -1.842
5.206 -14.642 -1.845
5.205 5.937 -1.848
5.876 -14.616 -1.888
5.862 6.318 -1.912
6.497 -14.812 -1.819
6.368 7.053 -1.984
6.538 9.135 -1.894
6.413 9.558 -1.898
7.182 -15.394 -1.759
7.055 -4.944 -1.852
7.08 -0.948 -1.925
7.077 8.785 -1.885
7.793 -15.883 -1.79
7.648 -6.21 -1.862
7.635 -0.671 -2.0
7.771 8.521 -1.843
8.269 -16.072 -1.944
8.262 -7.135 -1.75
8.286 -0.582 -1.852
8.46 8.276 -1.871
8.901 -16.213 -1.897
8.832 -7.317 -1.779
8.942 -0.34 -1.926
9.106 7.993 -1.925
9.572 -16.459 -1.727
9.608 -7.767 -1.704
9.53 0.388 -1.902
9.674 7.913 -1.798
10.206 -16.617 -1.818
10.25 -8.345 -1.814
10.243 1.436 -1.897
10.154 7.612 -1.881
10.826 -16.579 -1.842
10.949 -9.005 -1.805
11.408 -16.145 -2.016
11.484 -14.103 -1.831
11.457 -11.602 -1.957
11.42 -9.361 -1.819
-4.561 -0.003 -11.264
-0.213 -0.225 -11.262
0.674 -0.097 -11.234
1.139 -0.207 -11.254
-5.635 -0.125 -10.602
2.224 -0.126 -10.576
-6.959 -0.12 -9.979
2.51 -0.141 -10.025
-7.499 -0.113 -9.32
2.792 -0.237 -9.443
-7.676 -0.169 -8.694
2.945 -0.098 -8.764
-7.825 -0.089 -8.146
3.696 -0.127 -8.203
-7.854 -0.187 -7.506
5.027 -0.168 -7.629
-7.838 -0.2 -6.903
5.615 -0.191 -6.88
-8.124 -0.024 -6.28
5.746 -0.203 -6.158
-8.134 -0.083 -5.736
5.956 -0.11 -5.568
-8.15 -0.096 -5.118
-6.927 -0.137 -4.976
-5.578 -0.15 -5.023
6.305 -0.165 -4.998
-9.473 -0.097 -4.421
-7.557 -0.048 -4.25
-4.647 -0.162 -4.265
6.775 -0.1 -4.376
-9.946 -0.015 -3.721
-7.691 -0.029 -3.652
-4.381 -0.169 -3.771
7.267 -0.096 -3.748
-9.966 -0.018 -3.145
-7.723 -0.05 -3.145
-3.819 -0.152 -3.079
9.019 -0.06 -3.011
-9.582 -0.055 -2.45
-8.119 -0.127 -2.479
-3.477 -0.186 -2.399
9.118 -0.032 -2.506
-3.232 -0.107 -1.79
9.305 -0.034 -1.898
-2.75 -0.214 -1.224
-0.817 -0.053 -1.288
0.6 -0.19 -1.255
9.702 -0.043 -1.221
1.931 -0.195 -0.587
9.866 -0.029 -0.587
2.498 -0.083 -0.04
9.866 -0.102 0.098
2.966 -0.093 0.688
10.029 -0.16 0.634
3.671 -0.134 1.309
10.539 -0.174 1.326
4.382 -0.118 1.844
10.695 -0.046 1.971
4.693 0.033 2.532
10.434 -0.097 2.455
4.392 -0.052 3.269
9.868 -0.062 3.097
4.229 -0.119 3.806
9.437 -0.107 3.809
4.279 -0.036 4.413
9.325 -0.107 4.369
4.143 -0.079 5.038
9.168 -0.003 4.947
3.657 -0.068 5.671
8.631 -0.003 5.604
1.238 -0.099 6.339
7.96 -0.117 6.306
1.046 -0.196 6.945
7.772 -0.163 6.835
1.172 -0.194 7.588
7.487 -0.105 7.428
1.634 -0.121 8.091
6.329 -0.086 8.17
2.892 -0.148 8.896
5.961 -0.166 8.717
3.158 -0.208 9.368
5.564 -0.039 9.36
4.129 -0.168 10.008
4.808 -0.1 9.932
-9.712 -0.111 -4.042
-9.839 -0.049 -2.71
-9.042 -0.098 -4.594
-9.154 -0.089 -2.228
-8.493 -0.105 -4.634
-8.595 -0.083 -2.23
-7.994 -0.069 -6.565
-7.91 -0.082 -2.718
-7.252 -0.124 -9.726
-7.279 -0.108 -4.688
-6.696 -0.166 -10.167
-6.738 -0.231 -5.096
-6.097 -0.102 -10.354
-6.093 -0.207 -5.115
-5.427 -0.162 -10.762
-5.424 -0.049 -4.885
-4.87 -0.211 -11.09
-4.894 -0.015 -4.55
-4.141 -0.107 -11.404
-4.183 -0.003 -3.464
-3.544 -0.107 -11.497
-3.588 -0.093 -2.673
-2.919 -0.107 -11.557
-2.947 -0.048 -1.374
-2.294 -0.107 -11.709
-2.33 0.024 -1.059
-1.669 -0.107 -11.782
-1.731 -0.169 -0.981
-1.106 -0.169 -11.661
-1.07 -0.191 -1.111
-0.551 -0.074 -11.374
-0.36 -0.031 -1.456
0.201 -0.039 -11.194
0.303 -0.02 -1.424
0.884 -0.255 -11.269
0.876 -0.091 -1.122
1.429 -0.089 -11.129
1.497 -0.082 -0.815
1.442 -0.207 5.975
1.43 -0.081 7.904
1.975 -0.022 -10.806
2.143 -0.097 -0.49
1.949 -0.14 5.736
2.093 -0.158 8.327
2.658 -0.088 -9.565
2.744 0.019 0.25
2.602 -0.017 5.732
2.662 -0.091 8.6
3.331 -0.128 -8.347
3.396 0.032 1.048
3.208 -0.036 5.761
3.466 -0.035 9.561
3.946 0.033 -8.013
3.983 -0.126 1.474
3.89 -0.122 5.405
3.963 -0.061 9.861
4.575 -0.056 -7.801
4.613 -0.043 2.084
4.511 -0.131 2.858
4.554 -0.257 10.039
5.323 0.054 -7.364
5.23 -0.139 9.707
5.859 -0.035 -5.851
5.753 -0.083 9.063
6.483 -0.131 -4.793
6.623 -0.133 8.004
7.051 -0.073 -3.939
7.17 -0.215 7.782
7.815 -0.13 -3.562
7.694 -0.206 7.169
8.452 -0.029 -3.533
8.288 -0.152 5.889
8.932 0.016 -3.252
8.927 -0.211 5.308
9.56 0.002 -1.542
9.599 -0.211 3.434
10.242 -0.132 0.852
10.187 -0.158 2.746
-11.589 2.815 -1.23
-11.645 5.829 -1.371
-11.146 2.485 -1.2
-11.158 6.601 -1.302
-10.52 2.231 -1.2
-10.493 7.54 -1.21
-10.461 8.408 -1.182
-10.424 9.552 -1.279
-10.433 12.024 -1.13
-10.399 13.315 -1.289
-9.794 2.128 -1.245
-9.682 14.471 -1.333
-9.065 2.1 -1.244
-9.231 16.566 -1.22
-8.521 2.194 -1.28
-8.485 16.916 -1.132
-7.858 2.594 -1.156
-7.863 16.839 -1.127
-7.202 2.597 -1.162
-7.186 16.521 -1.259
-6.565 2.141 -1.28
-6.583 16.57 -1.333
-5.997 1.706 -1.347
-5.97 16.908 -1.168
-5.419 1.656 -1.345
-5.315 16.972 -1.218
-4.794 1.65 -1.307
-4.667 16.942 -1.282
-4.167 1.512 -1.215
-4.106 17.01 -1.194
-3.538 1.24 -1.19
-3.544 17.058 -1.256
-2.847 0.311 -1.239
-2.981 17.154 -1.319
-2.175 -1.575 -1.355
-2.461 17.348 -1.272
-1.619 -1.704 -1.265
-1.771 17.643 -1.297
-1.041 -2.143 -1.297
-1.123 0.229 -1.256
-0.953 2.763 -1.351
-0.972 18.168 -1.256
-0.399 -12.347 -1.262
-0.403 -10.435 -1.21
-0.424 -3.536 -1.144
-0.461 -0.406 -1.243
-0.375 4.045 -1.266
-0.419 18.391 -1.256
0.204 -12.738 -1.109
0.246 -10.272 -1.286
0.212 -7.214 -1.175
0.095 -0.459 -1.26
0.26 5.237 -1.276
0.206 18.375 -1.256
0.74 -13.008 -1.201
0.891 -9.817 -1.301
0.764 -7.854 -1.228
0.768 0.13 -1.279
0.84 5.894 -1.228
0.846 12.783 -1.21
0.871 13.745 -1.333
0.754 18.149 -1.223
1.469 -13.643 -1.212
1.353 0.93 -1.241
1.56 5.932 -1.236
1.421 11.972 -1.152
1.444 14.542 -1.361
1.492 16.631 -1.243
2.135 -13.949 -1.132
2.092 1.306 -1.228
2.142 3.802 -1.218
2.03 4.474 -1.286
2.088 5.688 -1.177
2.128 11.446 -1.212
2.751 -14.034 -1.271
2.582 1.651 -1.231
2.776 2.773 -1.214
2.62 6.314 -1.185
2.717 8.227 -1.317
2.724 10.971 -1.111
3.36 -14.268 -1.256
3.299 5.738 -1.323
3.354 9.494 -1.326
3.271 10.101 -1.231
4.025 -14.658 -1.2
3.912 5.365 -1.228
4.644 -14.791 -1.194
4.556 5.295 -1.153
5.206 -14.738 -1.256
5.191 5.706 -1.299
5.831 -14.658 -1.256
5.745 5.981 -1.359
6.445 -14.772 -1.256
6.366 6.614 -1.346
7.131 -15.208 -1.194
7.085 -5.289 -1.138
7.14 -1.166 -1.288
7.125 7.711 -1.229
7.571 -15.609 -1.188
7.774 -7.141 -1.22
7.69 -0.85 -1.27
7.678 7.926 -1.186
8.326 -16.116 -1.211
8.277 -7.472 -1.241
8.308 -0.763 -1.17
8.307 8.191 -1.281
9.096 -16.405 -1.2
8.969 -7.668 -1.17
8.936 -0.601 -1.29
9.001 8.184 -1.263
9.644 -16.605 -1.194
9.581 -7.818 -1.256
9.459 -0.273 -1.325
9.674 8.141 -1.163
10.206 -16.766 -1.256
10.07 -8.124 -1.183
10.25 0.817 -1.204
10.209 7.88 -1.299
10.831 -16.745 -1.256
10.854 -9.003 -1.194
10.765 1.392 -1.373
10.871 2.862 -1.228
10.795 6.454 -1.311
10.838 7.119 -1.182
11.364 -16.524 -1.354
11.331 -9.301 -1.218
12.066 -15.41 -1.287
12.07 -14.916 -1.162
12.041 -10.801 -1.326
12.061 -10.433 -1.201
-4.52 0.564 -11.253
-0.585 0.584 -11.195
-5.233 0.645 -10.647
1.898 0.555 -10.564
-5.869 0.666 -10.039
2.273 0.423 -10.098
-7.174 0.666 -9.431
2.393 0.439 -9.479
-7.657 0.518 -8.791
2.432 0.549 -8.765
-8.187 0.589 -8.103
2.889 0.4 -8.223
-8.363 0.481 -7.611
5.087 0.365 -7.54
-8.399 0.397 -6.988
5.938 0.52 -6.767
-11.237 0.63 -6.26
6.106 0.484 -6.216
-11.474 0.58 -5.758
6.328 0.449 -5.621
-11.46 0.529 -5.051
6.849 0.496 -5.028
-11.184 0.581 -4.426
-6.983 0.565 -4.247
-4.962 0.558 -4.321
7.356 0.554 -4.392
-10.659 0.592 -3.714
-7.15 0.613 -3.652
-4.554 0.395 -3.822
8.668 0.475 -3.745
-10.31 0.466 -3.14
-7.208 0.591 -3.2
-4.078 0.395 -3.11
9.233 0.414 -3.073
-10.086 0.48 -2.529
-7.548 0.488 -2.514
-3.811 0.491 -2.526
9.412 0.51 -2.462
-9.553 0.451 -1.988
-8.155 0.605 -1.88
-3.397 0.458 -1.895
9.646 0.517 -1.807
-3.046 0.463 -1.367
-1.361 0.669 -1.352
0.999 0.473 -1.231
9.979 0.488 -1.231
2.308 0.42 -0.535
10.347 0.572 -0.561
2.643 0.476 -0.091
10.439 0.517 0.098
3.066 0.429 0.549
10.632 0.462 0.655
4.343 0.477 1.304
10.935 0.549 1.274
4.822 0.48 1.893
10.973 0.631 1.861
4.982 0.581 2.431
10.68 0.582 2.558
4.824 0.571 3.111
9.982 0.489 3.169
4.509 0.387 3.821
9.512 0.464 3.891
4.63 0.6 4.417
9.419 0.549 4.489
4.712 0.596 4.994
9.21 0.581 5.011
4.809 0.592 5.603
8.629 0.622 5.598
5.618 0.54 6.237
7.463 0.606 6.27
1.819 0.49 6.988
3.07 0.519 6.764
3.496 0.524 6.93
4.114 0.485 6.864
6.145 0.503 6.916
6.941 0.562 6.84
1.963 0.455 7.497
4.719 0.494 7.465
3.473 0.548 8.259
5.36 0.489 8.092
3.538 0.503 8.848
5.447 0.437 8.661
3.733 0.42 9.332
4.985 0.474 9.349
-10.936 0.531 -6.422
-11.011 0.631 -4.15
-10.374 0.56 -6.616
-10.437 0.505 -3.349
-9.69 0.516 -6.587
-9.809 0.588 -2.087
-9.065 0.502 -6.542
-9.195 0.677 -1.77
-8.501 0.395 -6.701
-8.562 0.578 -1.78
-7.96 0.539 -8.34
-7.902 0.518 -2.106
-7.346 0.508 -9.3
-7.309 0.546 -2.937
-6.668 0.576 -9.758
-6.701 0.474 -4.615
-6.162 0.525 -9.954
-6.089 0.474 -4.773
-5.527 0.535 -10.376
-5.427 0.491 -4.659
-4.844 0.457 -11.074
-4.778 0.537 -4.168
-4.197 0.439 -11.343
-4.269 0.488 -3.308
-3.648 0.471 -11.342
-3.557 0.491 -2.129
-2.964 0.509 -11.39
-2.825 0.605 -1.145
-2.294 0.518 -11.623
-2.231 0.581 -1.047
-1.731 0.456 -11.767
-1.651 0.405 -1.124
-1.095 0.515 -11.578
-0.922 0.453 -1.525
-0.305 0.49 -11.129
-0.356 0.489 -1.743
0.144 0.55 -10.979
0.233 0.534 -1.677
0.781 0.429 -11.048
0.837 0.575 -1.372
1.445 0.494 -10.89
1.472 0.559 -1.047
2.094 0.531 -10.397
2.038 0.524 -0.788
2.05 0.502 6.543
2.233 0.469 7.617
2.688 0.483 -8.358
2.757 0.455 0.116
2.59 0.52 6.509
2.81 0.502 7.662
3.339 0.577 -7.875
3.426 0.612 0.799
3.262 0.532 6.939
3.337 0.543 7.905
4.019 0.581 -7.793
3.985 0.571 1.08
3.846 0.498 6.791
4.001 0.425 9.475
4.624 0.521 -7.718
4.595 0.583 1.451
4.592 0.415 3.498
4.594 0.584 4.159
4.465 0.506 7.298
4.579 0.352 9.613
5.339 0.573 -7.439
5.2 0.559 5.994
5.098 0.515 7.798
5.293 0.414 9.13
5.762 0.56 -7.072
5.908 0.52 6.484
6.502 0.475 -5.4
6.541 0.513 7.117
7.095 0.588 -4.77
7.192 0.542 6.663
7.8 0.586 -4.071
7.796 0.549 6.065
8.364 0.6 -3.885
8.328 0.456 5.779
8.956 0.563 -3.549
8.943 0.414 5.341
9.57 0.632 -2.072
9.657 0.424 3.532
10.192 0.543 -0.919
10.228 0.395 2.926
10.84 0.573 0.924
10.843 0.466 2.288
-11.569 2.788 -0.652
-11.541 6.387 -0.711
-10.889 2.37 -0.715
-10.94 7.664 -0.722
-10.351 2.331 -0.747
-10.4 9.463 -0.736
-10.433 11.89 -0.572
-10.424 13.433 -0.736
-9.736 2.496 -0.536
-9.697 16.566 -0.712
-9.065 2.503 -0.579
-9.108 17.042 -0.625
-8.438 2.59 -0.659
-8.544 17.206 -0.631
-7.856 2.829 -0.569
-7.964 17.176 -0.593
-7.294 2.852 -0.631
-7.242 17.028 -0.594
-6.669 2.69 -0.679
-6.583 16.983 -0.708
-5.999 2.614 -0.546
-6.017 17.17 -0.507
-5.37 2.56 -0.604
-5.419 17.128 -0.631
-4.649 2.187 -0.63
-4.794 17.131 -0.631
-4.223 1.956 -0.516
-4.169 17.175 -0.631
-3.613 -12.793 -0.508
-3.519 -10.528 -0.536
-3.531 1.491 -0.591
-3.606 17.14 -0.694
-3.05 -12.938 -0.544
-2.815 -10.405 -0.604
-2.919 1.302 -0.658
-2.924 17.205 -0.691
-2.345 -12.88 -0.523
-2.19 -10.462 -0.568
-2.316 1.489 -0.6
-2.22 17.52 -0.605
-1.695 -12.5 -0.672
-1.565 -10.502 -0.599
-1.765 2.063 -0.62
-1.638 17.745 -0.694
-1.193 -12.481 -0.689
-0.967 -10.339 -0.715
-1.005 4.67 -0.699
-0.966 18.183 -0.631
-0.413 -12.856 -0.577
-0.478 -9.757 -0.595
-0.5 -6.133 -0.625
-0.374 -1.233 -0.632
-0.274 5.748 -0.65
-0.419 18.419 -0.631
0.206 -12.972 -0.631
0.206 -0.998 -0.601
0.264 6.021 -0.76
0.144 18.471 -0.694
0.689 -13.147 -0.62
0.781 -0.802 -0.567
0.88 6.382 -0.568
0.702 18.226 -0.598
1.394 -13.594 -0.53
1.496 -0.505 -0.539
1.56 6.389 -0.581
1.476 12.102 -0.597
1.476 14.501 -0.736
1.435 16.891 -0.583
2.163 -13.961 -0.527
2.031 0.054 -0.663
2.057 6.334 -0.569
2.093 11.523 -0.58
2.706 -14.157 -0.631
2.7 1.321 -0.687
2.726 8.177 -0.783
2.673 10.737 -0.617
3.233 -14.383 -0.631
3.35 2.115 -0.566
3.962 -14.774 -0.527
3.911 2.59 -0.645
4.581 -14.899 -0.631
4.574 2.691 -0.548
5.144 -14.857 -0.694
5.245 3.194 -0.554
5.258 4.649 -0.568
5.136 5.305 -0.76
5.714 -14.82 -0.591
5.732 5.968 -0.78
6.342 -14.867 -0.649
6.522 6.895 -0.641
7.072 -15.322 -0.564
7.048 -5.488 -0.527
7.036 -3.393 -0.637
7.163 7.474 -0.631
7.794 -15.858 -0.552
7.725 -7.378 -0.587
7.687 -1.139 -0.659
7.706 7.751 -0.631
8.394 -16.118 -0.569
8.403 -7.726 -0.571
8.331 -0.896 -0.631
8.204 7.959 -0.703
8.909 -16.287 -0.597
9.019 -7.809 -0.569
8.843 -0.791 -0.72
8.916 8.251 -0.648
9.585 -16.522 -0.587
9.585 -7.927 -0.676
9.488 -0.427 -0.752
9.581 8.304 -0.631
10.206 -16.712 -0.631
10.19 -8.41 -0.487
10.16 0.4 -0.658
10.148 8.167 -0.622
10.769 -16.725 -0.694
10.882 -9.208 -0.654
10.746 0.906 -0.725
10.842 3.295 -0.513
10.824 5.896 -0.679
10.791 7.628 -0.573
11.347 -16.497 -0.704
11.43 -13.656 -0.575
11.47 -11.699 -0.677
11.499 -9.663 -0.584
-2.489 1.132 -11.164
-1.206 1.092 -11.311
-5.068 1.097 -10.606
-0.722 1.095 -10.75
-5.628 1.158 -9.979
1.715 1.059 -10.085
-7.102 1.247 -9.388
1.801 1.188 -9.426
-7.691 1.247 -8.81
1.884 1.205 -8.759
-8.956 1.199 -8.16
2.263 1.128 -8.106
-9.586 1.193 -7.57
5.489 1.085 -7.504
-10.74 1.28 -6.89
6.109 1.039 -6.822
-11.505 1.188 -6.277
6.346 1.111 -6.233
-11.804 1.223 -5.68
6.683 1.192 -5.503
-11.81 1.173 -5.124
7.179 1.112 -4.86
-11.504 1.055 -4.447
7.495 1.081 -4.397
-11.149 1.141 -3.927
-6.489 1.164 -3.637
-5.228 1.051 -3.828
8.775 1.007 -3.765
-10.694 1.145 -3.188
-6.572 1.168 -3.101
-5.23 1.105 -3.236
9.404 1.041 -3.149
-10.293 1.097 -2.521
-7.0 1.174 -2.443
-5.198 1.123 -2.637
9.705 1.121 -2.419
-9.91 1.09 -1.999
-7.717 1.242 -1.905
-3.93 1.044 -1.958
-1.142 1.19 -1.782
0.508 1.104 -1.861
9.912 1.039 -1.798
-3.36 0.989 -1.322
-1.529 1.247 -1.346
1.649 1.086 -1.222
10.596 1.131 -1.267
2.549 0.979 -0.578
11.079 1.202 -0.621
2.954 1.14 -0.001
11.109 1.196 -0.006
3.482 1.153 0.594
11.007 1.119 0.644
4.704 1.138 1.298
10.998 1.143 1.244
5.05 1.217 1.92
10.983 1.247 1.857
5.081 1.081 2.556
10.748 1.206 2.543
4.963 1.206 3.056
10.375 1.216 3.029
4.728 1.069 3.741
9.883 1.193 3.795
4.747 1.143 4.369
9.797 1.248 4.287
4.906 1.129 5.029
9.408 1.032 4.956
5.639 1.079 5.674
8.641 1.188 5.614
-11.67 1.098 -6.014
-11.687 1.263 -4.628
-10.988 1.037 -6.678
-11.019 1.297 -3.603
-10.33 1.142 -6.993
-10.44 1.203 -2.73
-9.832 1.151 -7.283
-9.691 1.231 -1.801
-9.215 1.204 -7.973
-9.106 1.206 -1.644
-8.466 1.172 -8.31
-8.544 1.143 -1.676
-7.94 1.081 -8.584
-7.977 1.135 -1.838
-7.352 1.039 -9.195
-7.382 1.15 -2.155
-6.658 1.143 -9.635
-6.754 1.124 -2.792
-6.052 1.098 -9.831
-6.103 1.145 -4.066
-5.394 1.038 -10.239
-5.561 1.134 -4.016
-4.81 1.044 -10.884
-4.846 1.153 -2.239
-4.294 1.1 -11.076
-4.308 1.131 -2.069
-3.648 1.176 -11.011
-3.64 1.123 -1.532
-3.024 1.133 -10.979
-2.973 1.1 -0.905
-2.347 1.011 -11.327
-2.339 1.126 -0.876
-1.719 1.021 -11.464
-1.749 1.039 -1.158
-1.079 1.175 -11.099
-0.89 1.199 -1.937
-0.446 1.159 -10.344
-0.315 1.171 -2.059
0.102 1.133 -10.325
0.233 1.229 -2.015
0.727 1.15 -10.422
0.85 1.188 -1.67
1.322 1.149 -10.313
1.466 1.192 -1.369
2.035 1.179 -8.27
2.087 1.055 -1.032
2.771 1.082 -7.778
2.72 1.09 -0.407
3.331 1.207 -7.655
3.288 1.192 0.427
3.956 1.143 -7.723
3.964 1.115 0.84
4.581 1.143 -7.754
4.487 1.184 1.078
5.162 1.146 -7.652
5.294 1.272 5.43
5.796 1.188 -7.266
5.976 1.13 5.776
6.462 1.262 -5.901
6.552 1.235 5.895
7.031 1.225 -5.09
7.207 1.125 6.011
7.78 1.247 -4.173
7.769 1.206 5.875
8.367 1.16 -3.913
8.322 1.098 5.722
9.011 1.095 -3.633
9.002 1.051 5.375
9.58 1.143 -2.893
9.621 1.138 4.69
10.22 1.143 -1.538
10.114 1.136 3.338
10.874 1.192 -1.07
10.859 1.039 2.346
-11.654 3.336 0.046
-11.615 8.438 -0.05
-11.022 2.582 -0.038
-11.124 8.912 0.011
-10.432 2.46 -0.011
-10.502 9.656 -0.055
-10.397 11.571 0.112
-10.439 13.456 -0.137
-9.856 2.524 0.031
-9.649 16.85 -0.05
-9.214 2.522 0.031
-9.106 17.186 0.056
-8.544 2.616 -0.006
-8.511 17.33 -0.098
-7.919 2.832 -0.006
-7.777 17.435 0.091
-7.294 2.959 -0.006
-7.225 17.44 0.098
-6.641 2.897 -0.109
-6.642 17.304 -0.146
-5.908 3.182 0.054
-6.006 17.443 0.138
-5.347 -12.198 0.02
-5.344 -11.583 -0.015
-5.315 3.244 0.057
-5.388 17.296 -0.042
-4.945 -12.436 -0.002
-4.735 -11.048 -0.013
-4.726 3.162 0.112
-4.794 17.244 -0.023
-4.164 -12.904 -0.059
-4.096 -10.473 0.021
-4.144 2.578 0.054
-4.169 17.274 -0.037
-3.593 -13.14 -0.088
-3.39 -10.052 0.07
-3.576 1.902 -0.032
-3.516 17.289 -0.123
-2.961 -13.348 0.111
-2.815 -9.969 0.061
-2.893 1.658 -0.153
-2.852 17.514 -0.016
-2.34 -13.293 0.071
-2.19 -9.981 0.082
-2.199 2.068 -0.091
-2.294 17.823 0.015
-1.737 -12.977 -0.135
-1.606 -9.984 0.023
-1.682 4.074 -0.106
-1.733 17.92 -0.16
-1.089 -13.006 -0.095
-1.032 -9.724 -0.054
-1.043 -6.527 0.147
-0.984 -4.303 -0.017
-1.054 5.324 -0.118
-1.108 18.155 -0.006
-0.481 -13.152 -0.037
-0.437 -2.27 -0.081
-0.348 6.351 0.065
-0.523 18.234 0.027
0.151 -13.156 -0.127
0.202 -1.276 -0.084
0.3 6.474 -0.048
0.152 18.259 -0.087
0.861 -13.301 0.051
0.831 -1.04 -0.006
0.894 6.513 0.056
0.749 17.79 0.136
1.56 -13.519 0.048
1.41 -0.898 -0.031
1.456 6.512 -0.006
1.46 13.224 0.082
1.474 14.586 -0.139
1.451 16.415 0.053
2.202 -13.915 0.048
2.132 -0.568 -0.041
2.044 6.527 -0.111
2.074 11.98 0.008
2.706 -14.171 -0.006
2.788 0.747 0.006
2.668 7.221 -0.026
2.74 9.152 0.149
3.274 -14.395 -0.006
3.305 1.544 0.014
4.003 -14.755 0.098
3.88 2.03 -0.124
4.519 -14.931 -0.069
4.547 2.085 0.074
5.121 -15.016 -0.039
5.261 2.552 -0.041
5.86 -15.228 0.045
5.733 3.36 -0.097
5.798 4.628 0.003
5.845 6.42 -0.049
6.411 -15.331 -0.014
6.514 7.111 -0.111
6.959 -15.624 -0.04
7.061 -5.581 0.098
7.069 -3.602 -0.111
7.179 7.441 -0.006
7.664 -16.001 0.084
7.665 -7.432 0.098
7.74 -1.289 -0.127
7.706 7.634 -0.006
8.269 -16.095 -0.069
8.349 -7.841 0.098
8.286 -1.097 -0.013
8.301 7.888 -0.051
8.85 -16.236 0.035
8.894 -7.944 -0.069
8.883 -0.885 -0.111
8.973 8.204 -0.012
9.569 -16.457 0.124
9.436 -8.11 0.0
9.551 -0.378 -0.111
9.519 8.299 -0.069
10.144 -16.56 -0.069
10.14 -8.7 -0.084
10.166 0.291 -0.111
10.064 8.167 0.022
10.803 -16.484 -0.1
10.757 -9.755 0.145
10.797 0.851 -0.111
10.826 3.242 0.028
10.83 5.877 -0.133
10.8 7.614 -0.045
11.355 -16.068 -0.014
11.41 -14.307 0.013
11.47 -11.147 -0.086
11.432 -10.461 0.051
-5.141 1.885 -10.006
-2.053 1.827 -9.965
-7.023 1.872 -9.387
-0.777 1.743 -9.451
-7.733 1.809 -8.793
1.642 1.696 -8.837
-9.46 1.82 -8.104
1.856 1.725 -8.245
-10.014 1.913 -7.423
2.5 1.695 -7.635
3.656 1.852 -7.511
5.517 1.651 -7.502
-10.744 1.826 -6.89
6.134 1.664 -6.847
-11.541 1.902 -6.224
6.353 1.768 -6.299
-11.829 1.766 -5.524
6.589 1.706 -5.62
-11.815 1.703 -4.97
6.955 1.741 -5.14
-11.534 1.723 -4.356
7.461 1.7 -4.514
-11.23 1.768 -3.824
9.432 1.679 -3.707
-10.873 1.706 -3.15
10.076 1.709 -3.127
-10.571 1.802 -2.592
10.36 1.843 -2.504
-10.182 1.645 -1.987
-1.176 1.782 -1.735
0.612 1.664 -1.895
10.576 1.808 -1.904
-6.265 1.796 -1.356
-1.556 1.852 -1.193
2.767 1.774 -1.133
11.068 1.675 -1.165
-4.019 1.776 -0.549
-1.956 1.77 -0.64
3.071 1.799 -0.65
11.319 1.768 -0.631
-3.342 1.733 -0.07
-2.626 1.849 -0.002
3.57 1.785 0.003
11.327 1.768 -0.006
4.748 1.726 0.73
11.137 1.768 0.619
5.092 1.66 1.3
11.025 1.768 1.244
-10.569 1.796 1.827
-10.091 1.773 1.952
5.285 1.901 1.941
10.979 1.868 1.909
5.07 1.755 2.551
10.721 1.778 2.641
4.838 1.706 3.181
10.388 1.822 3.216
4.662 1.82 3.778
10.131 1.665 3.87
4.733 1.706 4.431
10.234 1.94 4.396
4.957 1.768 4.951
9.954 1.775 4.979
6.623 1.765 5.66
9.315 1.847 5.618
-11.696 1.664 -6.073
-11.682 1.828 -4.636
-11.051 1.723 -6.718
-11.057 1.872 -3.404
-10.355 1.645 -7.108
-10.442 1.846 -2.281
-10.321 1.781 1.696
-10.446 1.787 2.144
-9.72 1.681 -7.762
-9.837 1.766 -1.618
-9.048 1.731 -8.331
-9.273 1.722 -1.499
-8.544 1.768 -8.474
-8.589 1.776 -1.51
-8.025 1.708 -8.616
-7.919 1.768 -1.723
-7.369 1.723 -9.131
-7.396 1.704 -1.798
-6.633 1.768 -9.511
-6.773 1.868 -1.608
-6.044 1.768 -9.622
-6.049 1.935 -1.14
-5.514 1.676 -9.82
-5.481 1.818 -1.125
-4.77 1.802 -10.309
-4.893 1.885 -1.045
-4.169 1.836 -10.513
-4.323 1.791 -0.803
-3.606 1.801 -10.472
-3.6 1.73 -0.191
-3.014 1.85 -10.311
-2.982 1.903 0.082
-2.433 1.761 -10.188
-2.298 1.785 -0.269
-1.644 1.819 -9.85
-1.771 1.635 -1.017
-1.177 1.795 -9.653
-0.946 1.732 -1.932
-0.443 1.905 -9.157
-0.419 1.768 -2.081
0.206 1.84 -9.156
0.156 1.768 -2.069
0.831 1.85 -9.229
0.885 1.872 -1.811
1.373 1.848 -9.087
1.456 1.768 -1.691
2.177 1.897 -7.831
2.126 1.774 -1.52
2.811 1.901 -7.482
2.661 1.891 -1.314
3.302 1.832 -7.463
3.322 1.804 -0.272
3.931 1.739 -7.629
4.074 1.785 0.309
4.519 1.706 -7.726
4.515 1.803 0.47
5.076 1.802 -7.646
5.31 1.86 1.424
5.183 1.74 2.092
5.271 1.872 5.266
5.762 1.891 -7.26
5.876 1.775 5.523
6.47 1.872 -5.915
6.46 1.89 5.6
7.135 1.799 -4.903
7.084 1.813 5.756
7.802 1.866 -4.249
7.706 1.768 5.813
8.331 1.768 -4.029
8.331 1.768 5.768
8.997 1.787 -3.92
8.904 1.755 5.701
9.7 1.718 -3.558
9.594 1.786 5.385
10.26 1.824 -2.994
10.195 1.614 3.552
10.222 1.832 4.043
10.125 1.773 4.577
10.848 1.883 -1.538
10.855 1.624 2.353
-11.633 4.72 0.644
-11.545 8.958 0.563
-11.003 2.538 0.519
-10.913 9.462 0.554
-10.448 2.263 0.753
-10.436 10.26 0.56
-10.413 11.062 0.726
-10.399 13.809 0.587
-9.794 2.321 0.702
-9.804 16.558 0.542
-9.172 2.325 0.715
-9.261 17.05 0.517
-8.599 2.456 0.508
-8.636 17.311 0.558
-7.922 -12.134 0.734
-7.991 -10.266 0.645
-7.964 2.636 0.611
-7.922 17.547 0.663
-7.416 -12.36 0.697
-7.259 -9.809 0.723
-7.294 2.837 0.619
-7.294 17.573 0.619
-6.773 -12.373 0.611
-6.573 -9.856 0.707
-6.734 2.95 0.514
-6.62 17.501 0.544
-6.187 -12.44 0.595
-5.873 -10.271 0.678
-6.005 3.319 0.619
-5.981 17.539 0.681
-5.477 -12.908 0.733
-5.315 -10.444 0.679
-5.481 3.42 0.556
-5.374 17.507 0.633
-4.718 -13.314 0.775
-4.707 -10.443 0.538
-4.839 3.426 0.633
-4.69 17.458 0.706
-4.169 -13.468 0.691
-4.204 -10.206 0.58
-4.178 3.395 0.558
-4.065 17.45 0.692
-3.499 -13.474 0.593
-3.529 -9.955 0.663
-3.512 3.876 0.678
-3.427 17.535 0.601
-2.856 -13.479 0.681
-2.981 -9.84 0.556
-2.865 4.099 0.606
-2.848 17.821 0.533
-2.294 -13.449 0.619
-2.339 -9.732 0.607
-2.145 4.438 0.606
-2.171 18.175 0.64
-1.708 -13.427 0.592
-1.656 -9.659 0.458
-1.659 -6.056 0.721
-1.643 -4.811 0.593
-1.724 4.661 0.502
-1.576 18.201 0.576
-1.044 -13.404 0.662
-1.01 -8.686 0.562
-1.095 -6.803 0.546
-1.059 -4.046 0.514
-0.977 6.273 0.615
-0.994 18.142 0.619
-0.419 -13.421 0.645
-0.48 -3.329 0.617
-0.419 6.592 0.675
-0.369 17.891 0.762
0.251 -13.353 0.588
0.314 -1.732 0.636
0.245 6.664 0.636
0.206 17.773 0.576
0.894 -13.288 0.681
0.829 -1.301 0.539
0.831 6.585 0.619
0.724 17.48 0.673
1.456 -13.378 0.619
1.456 -1.133 0.619
1.394 6.519 0.556
1.46 14.53 0.698
2.042 -13.673 0.621
2.008 -0.954 0.517
1.994 6.621 0.573
2.171 12.841 0.658
2.717 -14.038 0.663
2.695 -0.419 0.588
2.638 7.097 0.574
2.722 9.082 0.723
2.672 10.97 0.611
2.695 12.165 0.616
3.367 -14.267 0.63
3.233 0.936 0.522
4.062 -14.625 0.684
3.874 1.515 0.51
4.574 -14.943 0.574
4.433 1.61 0.658
5.182 -15.373 0.732
5.2 2.105 0.576
5.816 -16.087 0.687
5.768 2.67 0.509
5.833 5.067 0.75
5.827 6.531 0.514
6.43 -16.481 0.763
6.495 7.183 0.574
7.125 -16.246 0.513
7.091 -5.365 0.654
7.095 -3.695 0.472
7.11 7.43 0.526
7.644 -16.215 0.602
7.663 -7.438 0.723
7.667 -2.307 0.557
7.602 7.48 0.559
8.281 -16.204 0.548
8.344 -7.872 0.723
8.268 -1.629 0.618
8.227 7.619 0.555
8.991 -16.45 0.722
8.962 -8.051 0.574
8.981 -1.19 0.58
8.797 7.868 0.576
9.644 -16.585 0.681
9.567 -8.477 0.731
9.641 -0.463 0.603
9.52 8.097 0.484
10.233 -16.514 0.495
10.324 -9.624 0.7
10.277 0.085 0.589
10.149 7.807 0.635
10.935 -16.087 0.538
10.782 -9.98 0.681
10.814 0.792 0.492
10.848 2.841 0.751
-5.022 2.446 -9.991
-3.07 2.383 -10.058
-7.198 2.393 -9.416
-2.122 2.285 -9.457
-8.107 2.531 -8.734
1.606 2.289 -8.688
-9.45 2.373 -8.107
1.897 2.368 -8.192
-9.915 2.464 -7.392
2.888 2.383 -7.503
4.26 2.449 -7.477
4.93 2.32 -7.517
-10.274 2.441 -6.936
6.108 2.289 -6.828
-11.33 2.421 -6.161
6.394 2.345 -6.321
-11.542 2.468 -5.587
6.721 2.344 -5.605
-11.599 2.339 -4.911
7.301 2.427 -4.891
-11.402 2.393 -4.381
7.838 2.41 -4.41
-11.224 2.438 -3.737
10.323 2.38 -3.64
-10.937 2.256 -3.057
10.544 2.349 -3.13
-10.862 2.397 -2.569
10.706 2.457 -2.458
-10.778 2.321 -2.01
-0.717 2.355 -1.865
0.415 2.243 -1.893
10.769 2.393 -1.842
-10.901 2.36 -1.408
-8.303 2.41 -1.192
-6.865 2.34 -1.308
-1.311 2.422 -1.233
2.903 2.279 -1.142
11.074 2.344 -1.178
-11.13 2.48 -0.626
-10.198 2.407 -0.582
-4.988 2.339 -0.689
-1.569 2.425 -0.686
3.606 2.347 -0.567
11.333 2.331 -0.569
-4.034 2.254 -0.088
-2.002 2.516 -0.018
5.04 2.37 -0.034
11.28 2.393 -0.006
-10.746 2.401 0.556
-8.686 2.366 0.673
5.593 2.377 0.593
11.052 2.429 0.598
-11.377 2.485 1.265
-7.494 2.368 1.3
5.921 2.523 1.304
10.958 2.419 1.288
-11.471 2.392 1.764
-6.896 2.37 1.977
5.701 2.389 1.898
11.0 2.393 1.869
-11.387 2.417 2.488
-6.93 2.384 2.55
5.345 2.427 2.429
10.93 2.448 2.382
-10.855 2.347 3.065
-9.493 2.465 3.136
-8.126 2.399 3.029
-7.505 2.459 3.163
4.824 2.397 3.175
10.586 2.393 3.04
4.576 2.351 3.789
10.354 2.316 3.726
4.686 2.328 4.318
10.334 2.456 4.306
4.981 2.392 4.93
10.232 2.457 4.851
6.907 2.24 5.626
9.688 2.482 5.561
-11.017 2.366 -6.502
-11.071 2.416 -3.288
-10.979 2.373 -1.104
-10.967 2.414 -0.524
-11.081 2.465 0.876
-11.081 2.36 2.92
-10.557 2.337 -6.784
-10.559 2.408 -0.441
-10.296 2.406 0.39
-10.454 2.52 3.293
-9.727 2.308 -7.771
-9.837 2.376 -0.868
-9.69 2.418 0.485
-9.827 2.471 3.244
-9.121 2.379 -8.313
-9.273 2.366 -0.912
-9.11 2.405 0.509
-9.209 2.38 2.919
-8.509 2.288 -8.533
-8.681 2.374 -0.998
-8.39 2.395 0.772
-8.651 2.397 2.856
-7.809 2.323 -8.905
-8.004 2.288 -1.456
-7.871 2.421 1.06
-7.934 2.541 3.222
-7.372 2.341 -9.282
-7.349 2.29 -1.506
-7.196 2.383 1.459
-7.323 2.374 2.962
-6.691 2.438 -9.536
-6.629 2.38 -1.088
-6.044 2.393 -9.568
-6.106 2.378 -0.79
-5.417 2.348 -9.766
-5.473 2.28 -0.789
-4.74 2.385 -10.151
-4.858 2.504 -0.494
-4.169 2.393 -10.294
-4.33 2.441 -0.175
-3.54 2.348 -10.256
-3.54 2.443 0.265
-2.913 2.508 -9.888
-2.856 2.456 0.331
-2.451 2.44 -9.569
-2.407 2.308 0.164
-1.721 2.392 -9.057
-1.753 2.391 -0.356
-1.089 2.319 -8.947
-0.994 2.349 -1.669
-0.481 2.343 -8.823
-0.495 2.264 -1.955
0.161 2.359 -8.855
0.06 2.306 -1.956
0.831 2.393 -8.957
0.795 2.487 -1.753
1.381 2.393 -8.898
1.456 2.393 -1.79
2.196 2.472 -7.922
2.019 2.331 -1.7
2.662 2.437 -7.61
2.578 2.429 -1.422
3.338 2.438 -7.473
3.313 2.541 -0.822
3.903 2.385 -7.454
4.075 2.378 -0.44
4.531 2.255 -7.564
4.579 2.399 -0.325
4.604 2.297 3.645
4.603 2.422 4.023
5.226 2.465 -7.351
5.261 2.352 0.162
5.159 2.372 2.641
5.29 2.496 5.208
5.836 2.456 -7.094
5.836 2.469 0.891
5.837 2.385 1.679
5.831 2.393 5.454
6.509 2.398 -6.12
6.497 2.396 5.536
7.14 2.557 -5.17
7.201 2.369 5.649
7.643 2.456 -4.556
7.722 2.417 5.719
8.336 2.35 -4.228
8.331 2.393 5.824
8.979 2.423 -4.219
8.894 2.331 5.827
9.626 2.384 -4.087
9.433 2.367 5.688
10.179 2.504 -3.871
10.074 2.481 5.135
10.849 2.449 -1.598
10.813 2.345 2.685
-12.258 7.278 1.275
-12.263 8.093 1.15
-11.652 2.84 1.397
-11.657 3.881 1.232
-11.685 6.337 1.385
-11.602 8.99 1.199
-11.009 2.175 1.265
-10.93 9.402 1.225
-10.995 12.264 1.257
-11.045 12.745 1.132
-10.431 1.928 1.362
-10.35 10.071 1.211
-10.445 11.392 1.35
-10.333 13.817 1.226
-9.794 2.026 1.244
-9.825 14.575 1.187
-9.169 2.138 1.244
-9.097 17.091 1.138
-8.595 -11.769 1.287
-8.432 -10.374 1.161
-8.546 2.212 1.2
-8.411 17.522 1.227
-7.951 -12.405 1.158
-7.867 -9.75 1.24
-7.931 2.302 1.287
-7.856 17.675 1.306
-7.327 -12.758 1.362
-7.145 -9.438 1.344
-7.305 2.505 1.194
-7.294 17.662 1.244
-6.669 -12.753 1.295
-6.617 -9.56 1.18
-6.75 2.804 1.139
-6.669 17.584 1.244
-6.044 -12.808 1.176
-6.059 -9.754 1.239
-6.079 3.278 1.181
-6.044 17.592 1.244
-5.519 -13.084 1.335
-5.367 -10.15 1.143
-5.422 3.51 1.181
-5.419 17.668 1.244
-4.818 -13.446 1.367
-4.788 -10.173 1.079
-4.746 3.756 1.313
-4.794 17.621 1.244
-4.169 -13.627 1.244
-4.11 -9.942 1.253
-4.156 4.03 1.204
-4.169 17.532 1.244
-3.544 -13.654 1.244
-3.544 -9.863 1.244
-3.61 4.711 1.275
-3.544 17.602 1.244
-2.919 -13.564 1.244
-2.947 -9.658 1.165
-2.907 5.06 1.324
-2.994 17.859 1.139
-2.294 -13.561 1.244
-2.351 -9.142 1.289
-2.325 5.276 1.271
-2.265 18.195 1.244
-1.669 -13.582 1.244
-1.608 -7.924 1.21
-1.69 -6.546 1.318
-1.675 -4.671 1.139
-1.526 6.315 1.18
-1.731 18.26 1.181
-1.044 -13.511 1.244
-1.124 -3.98 1.139
-1.043 6.665 1.186
-1.177 18.132 1.275
-0.419 -13.494 1.244
-0.421 -3.518 1.199
-0.418 6.945 1.304
-0.45 17.757 1.364
0.206 -13.46 1.244
0.188 -2.971 1.17
0.247 6.998 1.311
0.231 17.571 1.199
0.831 -13.367 1.244
0.806 -1.716 1.109
0.876 6.715 1.167
0.896 17.268 1.35
1.456 -13.383 1.244
1.446 -1.223 1.2
1.5 6.643 1.127
1.478 14.668 1.348
1.457 15.85 1.205
1.447 16.504 1.367
2.122 -13.619 1.252
2.047 -0.984 1.139
2.144 6.904 1.242
2.135 13.332 1.357
2.818 -13.916 1.305
2.776 -0.58 1.244
2.619 7.296 1.195
2.702 8.915 1.191
2.717 10.693 1.139
2.737 12.763 1.294
3.269 -14.078 1.181
3.277 -0.29 1.235
3.831 -14.341 1.299
4.0 0.086 1.322
4.493 -14.89 1.164
4.499 0.917 1.239
5.163 -15.555 1.188
5.214 1.856 1.123
5.882 -16.564 1.261
5.707 2.243 1.222
5.902 5.323 1.251
5.913 6.307 1.207
6.38 -16.797 1.323
6.431 7.011 1.154
6.985 -16.713 1.151
6.972 7.2 1.201
7.602 -16.575 1.229
7.612 -7.451 1.227
7.758 -3.041 1.129
7.602 7.163 1.279
8.286 -16.543 1.233
8.273 -7.895 1.239
8.286 -2.857 1.27
8.227 7.061 1.242
8.956 -16.743 1.334
8.828 -8.066 1.218
8.905 -2.671 1.335
8.852 7.016 1.222
9.581 -16.762 1.244
9.562 -8.58 1.207
9.609 -1.131 1.23
9.445 7.046 1.229
10.168 -16.638 1.139
10.191 -9.678 1.306
10.15 -0.407 1.145
10.137 4.013 1.392
10.823 -16.052 1.139
10.685 -9.994 1.26
10.759 0.203 1.169
10.847 2.878 1.265
11.446 -11.574 1.156
11.432 -11.187 1.281
-4.584 3.033 -10.017
-3.32 2.961 -9.922
-7.561 3.145 -9.275
-2.65 2.925 -9.353
-8.075 3.071 -8.734
-2.502 3.075 -8.784
0.364 3.064 -8.771
1.76 2.888 -8.661
-8.985 3.161 -8.133
2.339 3.008 -8.171
-9.591 3.141 -7.51
3.153 2.919 -7.576
-10.003 3.06 -6.83
6.247 2.856 -6.811
-10.598 3.034 -6.106
6.77 2.941 -6.205
-10.871 3.077 -5.699
6.992 2.896 -5.632
-11.267 2.998 -4.947
7.9 3.064 -4.982
-11.303 2.956 -4.319
9.242 2.996 -4.369
-11.3 3.081 -3.819
10.442 2.914 -3.681
-11.203 2.99 -3.231
10.726 3.042 -3.082
-11.182 3.073 -2.611
10.841 3.024 -2.546
-11.382 3.108 -1.989
10.758 3.038 -2.005
-11.785 3.124 -1.283
-0.841 3.156 -1.26
2.545 3.006 -1.301
10.763 3.053 -1.356
-11.808 3.122 -0.694
-1.444 3.063 -0.705
5.037 2.94 -0.579
11.037 2.901 -0.664
-11.499 2.989 -0.024
-6.313 3.047 0.134
-4.511 2.917 0.006
-1.928 3.122 -0.012
5.625 2.974 -0.032
11.0 2.961 -0.03
-11.425 2.994 0.626
-6.475 3.05 0.723
5.947 2.991 0.659
10.738 3.134 0.543
-11.702 3.136 1.291
-6.425 3.002 1.348
6.116 3.081 1.181
10.711 3.134 1.169
-11.795 3.077 1.764
-6.276 3.05 2.0
6.07 3.067 1.861
10.922 2.891 1.839
-11.766 3.058 2.358
-6.343 3.011 2.556
5.652 2.906 2.456
10.868 2.984 2.375
-11.385 2.949 3.004
-6.496 3.161 3.054
5.015 3.032 3.219
10.431 2.995 3.132
4.808 2.927 3.81
10.305 2.957 3.744
4.909 2.95 4.471
10.285 2.952 4.356
5.318 3.037 4.989
10.048 3.096 4.954
7.923 3.022 5.578
9.373 3.116 5.62
-11.594 3.018 -1.591
-11.678 3.085 -0.257
-11.576 2.96 1.132
-11.644 3.149 2.744
-11.055 3.031 -5.484
-10.961 3.07 3.349
-10.475 2.864 -6.441
-10.356 3.081 3.532
-9.803 2.978 -7.216
-9.794 3.018 3.496
-9.27 3.024 -7.951
-9.197 2.989 3.404
-8.558 2.969 -8.425
-8.544 2.949 3.406
-7.826 2.877 -8.999
-8.0 3.087 3.611
-7.179 2.974 -9.513
-7.344 2.978 3.509
-6.669 3.018 -9.624
-6.782 3.006 3.269
-6.136 3.061 -9.56
-6.068 2.97 -0.196
-5.523 2.998 -9.616
-5.464 2.935 -0.327
-4.882 3.008 -9.862
-4.83 2.946 -0.165
-4.264 2.924 -10.119
-4.111 3.016 0.303
-3.689 2.939 -10.093
-3.481 3.081 0.438
-2.886 2.918 -9.641
-2.919 3.018 0.416
-2.234 3.029 -8.522
-2.338 2.914 0.257
-1.773 2.995 -8.323
-1.688 2.914 -0.307
-1.089 3.01 -8.312
-1.103 2.996 -1.125
-0.481 2.968 -8.542
-0.406 3.063 -1.44
0.066 3.008 -8.672
0.251 2.988 -1.531
0.765 3.025 -8.891
0.894 3.081 -1.536
1.475 3.043 -8.879
1.456 3.018 -1.644
2.074 3.024 -8.459
2.078 2.973 -1.558
2.673 2.938 -7.851
2.792 3.099 -1.093
3.483 3.073 -7.491
3.394 3.081 -0.847
3.956 3.018 -7.392
4.001 3.012 -0.774
4.596 2.943 -7.273
4.678 3.108 -0.747
5.269 3.081 -7.161
5.261 2.957 -0.451
5.247 2.911 2.823
5.16 3.072 4.83
5.863 3.031 -7.081
5.84 3.077 0.252
5.842 2.909 2.243
5.832 2.987 5.259
6.481 2.968 -6.662
6.456 2.982 5.325
7.202 3.007 -5.493
7.126 2.979 5.343
7.589 2.999 -5.169
7.656 3.057 5.44
8.437 3.1 -4.669
8.35 2.979 5.746
9.035 3.156 -4.457
8.998 2.909 5.773
9.604 3.062 -4.269
9.624 3.013 5.473
10.134 3.018 -3.987
10.211 2.955 4.795
10.82 3.085 -2.799
10.815 2.96 -2.372
10.835 3.105 -0.985
10.864 2.969 0.352
10.798 3.09 1.537
10.728 2.983 2.624
-11.668 2.646 1.973
-11.682 4.096 1.764
-11.606 6.543 1.893
-11.656 8.803 1.761
-10.958 1.981 1.934
-11.087 9.034 1.893
-10.375 1.754 1.894
-10.438 9.455 1.725
-10.423 11.892 1.856
-10.432 13.408 1.803
-9.839 1.852 1.894
-9.784 10.065 1.858
-9.824 11.367 1.848
-9.86 13.928 1.739
-9.169 2.051 1.869
-9.158 17.158 1.764
-8.514 -12.933 1.87
-8.502 -9.932 1.909
-8.544 2.132 1.869
-8.491 17.659 1.869
-7.964 -12.978 1.801
-7.898 -9.608 1.778
-7.919 2.15 1.869
-7.981 17.788 1.806
-7.356 -12.983 1.872
-7.328 -9.36 1.869
-7.369 2.231 1.769
-7.339 17.831 1.899
-6.773 -12.956 1.844
-6.669 -9.212 1.862
-6.722 2.567 1.739
-6.643 17.792 1.9
-6.105 -13.035 1.784
-5.999 -9.324 1.89
-5.975 3.339 1.752
-6.044 17.74 1.869
-5.395 -13.411 1.951
-5.298 -9.665 1.75
-5.368 3.889 1.858
-5.419 17.758 1.869
-4.731 -13.57 1.931
-4.698 -9.707 1.771
-4.742 4.167 1.733
-4.794 17.69 1.869
-4.169 -13.674 1.869
-4.106 -9.702 1.866
-4.114 4.765 1.741
-4.169 17.578 1.869
-3.544 -13.722 1.869
-3.519 -9.675 1.729
-3.532 5.203 1.829
-3.544 17.628 1.869
-2.919 -13.666 1.869
-2.926 -9.152 1.846
-2.9 5.403 1.819
-2.92 17.813 1.824
-2.294 -13.669 1.869
-2.279 -7.365 1.919
-2.329 5.714 1.89
-2.295 18.08 1.752
-1.669 -13.655 1.869
-1.681 -4.676 1.737
-1.596 6.551 1.73
-1.727 18.128 1.754
-1.044 -13.545 1.869
-1.179 -4.044 1.842
-1.061 7.127 1.861
-0.937 17.831 1.839
-0.419 -13.501 1.869
-0.449 -3.679 1.913
-0.3 7.678 1.867
-0.481 17.562 1.879
0.206 -13.54 1.869
0.107 -3.394 1.78
0.256 7.684 1.869
0.083 17.486 1.797
0.831 -13.493 1.869
0.822 -2.264 1.831
0.95 7.187 1.776
0.863 17.179 1.863
1.456 -13.42 1.869
1.534 -1.151 1.869
1.589 7.11 1.767
1.455 14.579 1.915
1.449 15.952 1.714
1.439 16.356 1.792
2.081 -13.525 1.869
2.036 -0.879 1.764
2.136 7.302 1.717
2.037 9.036 1.897
2.145 9.462 1.823
2.092 13.37 1.973
2.629 -13.76 1.878
2.765 -0.671 1.869
2.766 10.656 1.764
2.722 12.851 1.973
3.327 -14.113 1.869
3.331 -0.577 1.869
3.998 -14.673 1.985
3.927 -0.364 1.834
4.614 -15.323 1.897
4.531 0.114 1.741
5.126 -16.037 1.999
5.193 1.674 1.768
5.838 -16.717 1.913
5.862 2.537 1.849
6.471 -17.255 1.942
6.421 6.393 1.746
6.977 -17.401 1.851
7.073 -7.996 1.86
7.004 -5.458 1.922
6.977 6.602 1.87
7.602 -17.397 1.829
7.729 -8.406 1.914
7.695 -4.223 1.829
7.587 6.547 1.898
8.286 -17.207 1.921
8.227 -8.41 1.919
8.325 -3.456 1.922
8.257 5.102 1.884
8.832 -17.018 1.914
8.833 -8.489 1.892
8.931 -3.026 1.841
8.906 4.479 1.847
9.478 -16.85 1.816
9.498 -9.277 1.866
9.431 -2.712 1.807
9.593 4.075 1.943
10.134 -16.657 1.822
10.189 -9.866 1.79
10.111 -0.841 1.799
10.178 3.818 1.931
10.741 -16.058 1.844
10.843 -10.353 1.872
10.837 0.124 1.762
10.768 3.241 1.99
-7.386 3.637 -9.257
-6.167 3.697 -9.317
-4.595 3.668 -9.327
-3.396 3.518 -9.439
-7.732 3.626 -8.873
-3.123 3.683 -8.772
0.03 3.777 -8.698
2.336 3.661 -8.657
-8.737 3.656 -8.094
-2.67 3.653 -8.122
-0.723 3.761 -8.087
2.904 3.629 -8.043
-9.534 3.75 -7.421
3.753 3.526 -7.528
-9.837 3.716 -6.746
6.773 3.666 -6.862
-10.043 3.584 -6.256
7.303 3.716 -6.227
-10.273 3.789 -5.693
7.981 3.648 -5.537
-10.832 3.795 -4.953
8.511 3.639 -5.017
-11.228 3.64 -4.324
9.659 3.642 -4.326
-11.314 3.581 -3.694
10.391 3.539 -3.684
-11.272 3.643 -3.131
10.623 3.706 -3.194
-11.338 3.643 -2.506
10.727 3.583 -2.574
-11.578 3.74 -1.983
10.611 3.643 -1.881
-11.888 3.682 -1.298
-0.703 3.686 -1.247
2.249 3.492 -1.251
10.57 3.706 -1.319
-11.938 3.706 -0.694
-1.483 3.776 -0.583
5.407 3.628 -0.523
10.711 3.62 -0.753
-11.76 3.617 -0.148
-1.882 3.704 -0.015
5.899 3.568 0.112
10.71 3.639 -0.051
-11.597 3.635 0.621
-3.754 3.634 0.642
6.069 3.643 0.619
10.558 3.643 0.619
-11.726 3.607 1.39
-5.005 3.662 1.33
6.269 3.643 1.244
10.436 3.727 1.169
-11.814 3.623 1.973
-5.722 3.632 1.898
6.316 3.706 1.806
10.484 3.564 1.75
-11.765 3.56 2.484
-6.133 3.608 2.586
6.115 3.647 2.444
10.407 3.545 2.372
-11.381 3.598 3.062
-6.383 3.706 3.133
5.667 3.62 3.269
9.91 3.629 3.067
-8.176 3.601 3.737
-7.1 3.777 3.716
5.464 3.646 3.848
9.876 3.608 3.639
5.545 3.618 4.401
9.929 3.579 4.324
7.916 3.645 5.093
9.741 3.622 4.883
-11.682 3.532 -1.73
-11.668 3.769 0.191
-11.652 3.506 1.079
-11.645 3.685 2.725
-11.065 3.606 -4.763
-10.972 3.747 3.347
-10.518 3.661 -5.404
-10.419 3.643 3.549
-9.775 3.507 -7.053
-9.794 3.643 3.613
-9.145 3.598 -7.869
-9.169 3.643 3.644
-8.551 3.531 -8.242
-8.54 3.598 3.656
-8.003 3.637 -8.579
-7.863 3.764 3.801
-7.26 3.52 -9.42
-7.406 3.637 3.782
-6.716 3.529 -9.512
-6.762 3.535 3.457
-5.97 3.705 -9.266
-5.981 3.588 2.271
-5.523 3.683 -9.149
-5.453 3.624 1.565
-4.938 3.653 -9.199
-4.799 3.611 1.13
-4.217 3.607 -9.55
-4.221 3.65 0.867
-3.693 3.577 -9.534
-3.605 3.533 0.542
-2.92 3.652 -8.411
-2.964 3.648 0.481
-2.277 3.654 -7.79
-2.283 3.598 0.268
-1.714 3.675 -7.7
-1.682 3.538 -0.327
-1.135 3.613 -7.888
-1.036 3.598 -1.069
-0.404 3.52 -8.375
-0.383 3.627 -1.32
0.346 3.624 -8.867
0.206 3.643 -1.333
0.894 3.706 -9.068
0.831 3.643 -1.378
1.456 3.643 -9.052
1.394 3.581 -1.448
2.021 3.672 -8.883
1.946 3.648 -1.351
2.674 3.785 -8.323
2.664 3.737 -0.954
3.398 3.738 -7.75
3.331 3.643 -0.796
4.014 3.647 -7.45
3.956 3.643 -0.807
4.581 3.643 -7.212
4.581 3.643 -0.832
5.206 3.643 -7.139
5.128 3.653 -0.708
5.769 3.581 -7.168
5.767 3.776 -0.179
5.793 3.558 2.961
5.958 3.636 4.669
6.327 3.654 -7.121
6.56 3.625 4.708
7.086 3.72 -6.534
7.185 3.641 4.651
7.765 3.796 -5.824
7.711 3.692 4.865
8.294 3.667 -5.266
8.439 3.659 5.345
8.996 3.67 -4.699
9.087 3.572 5.399
9.489 3.694 -4.433
9.588 3.529 5.175
10.101 3.688 -3.978
10.254 3.52 2.709
-11.631 2.757 2.518
-11.686 4.005 2.361
-10.964 2.11 2.591
-11.045 5.1 2.397
-11.02 6.469 2.489
-11.039 8.409 2.592
-10.347 1.888 2.442
-10.416 8.913 2.428
-9.794 1.944 2.494
-9.915 9.166 2.493
-9.205 -13.002 2.615
-9.028 -9.875 2.482
-9.214 2.155 2.503
-9.181 10.204 2.509
-9.093 12.089 2.511
-9.23 12.753 2.477
-9.101 14.722 2.542
-9.185 17.128 2.388
-8.53 -13.444 2.615
-8.397 -9.381 2.569
-8.502 2.242 2.518
-8.516 17.645 2.494
-7.919 -13.462 2.525
-7.842 -9.344 2.418
-7.981 2.166 2.431
-7.876 17.858 2.403
-7.294 -13.397 2.548
-7.269 -9.119 2.454
-7.356 2.223 2.444
-7.139 18.045 2.581
-6.731 -13.428 2.527
-6.726 -8.481 2.537
-6.67 2.571 2.449
-6.586 18.063 2.611
-6.115 -13.655 2.506
-5.924 -6.645 2.489
-5.929 3.853 2.424
-6.017 17.942 2.518
-5.481 -13.767 2.447
-5.364 -6.662 2.492
-5.487 4.687 2.524
-5.419 17.901 2.494
-4.898 -13.712 2.417
-4.73 -8.641 2.505
-4.868 -7.853 2.486
-4.735 -7.251 2.519
-4.738 5.033 2.575
-4.794 17.771 2.494
-4.273 -13.732 2.449
-4.052 -9.068 2.45
-4.077 5.204 2.451
-4.169 17.605 2.494
-3.589 -13.806 2.489
-3.49 -8.965 2.377
-3.451 5.44 2.415
-3.544 17.611 2.494
-2.919 -13.783 2.494
-2.843 -7.47 2.491
-2.775 5.626 2.471
-2.919 17.69 2.494
-2.294 -13.808 2.494
-2.367 -7.104 2.451
-2.294 5.889 2.431
-2.357 17.748 2.396
-1.669 -13.79 2.494
-1.537 -4.14 2.437
-1.555 6.994 2.416
-1.812 17.607 2.524
-1.044 -13.673 2.494
-0.96 -3.761 2.527
-0.929 8.129 2.501
-0.994 17.144 2.52
-0.481 -13.608 2.431
-0.419 -3.616 2.494
-0.422 8.403 2.55
-0.523 17.0 2.488
0.138 -13.675 2.564
0.098 -3.391 2.434
0.168 8.799 2.561
0.096 17.007 2.445
0.831 -13.563 2.494
0.838 -2.399 2.373
0.857 10.092 2.589
0.779 16.601 2.516
1.456 -13.422 2.494
1.531 -1.171 2.48
1.56 10.221 2.483
1.393 13.948 2.535
2.081 -13.456 2.494
2.073 -0.86 2.449
2.069 10.283 2.41
1.993 13.252 2.461
2.647 -13.693 2.494
2.749 -0.698 2.456
2.648 10.802 2.449
2.687 12.703 2.451
3.306 -14.179 2.598
3.331 -0.647 2.494
3.964 -15.405 2.581
3.894 -0.525 2.431
4.555 -15.963 2.544
4.446 -0.228 2.442
5.083 -16.26 2.56
5.207 2.098 2.398
5.767 -16.848 2.426
5.772 3.187 2.551
6.457 -17.777 2.597
6.366 -7.987 2.494
6.472 -5.44 2.509
6.437 4.08 2.572
6.986 -17.995 2.565
7.078 -8.552 2.491
7.068 -4.884 2.522
7.033 4.361 2.45
7.661 -17.992 2.535
7.718 -9.086 2.509
7.75 -4.324 2.389
7.602 4.445 2.458
8.223 -17.768 2.482
8.309 -10.385 2.519
8.336 -3.569 2.431
8.175 4.385 2.432
8.85 -17.188 2.39
8.852 -10.517 2.47
8.799 -3.286 2.455
8.956 4.011 2.539
9.64 -16.676 2.386
9.477 -10.424 2.476
9.447 -2.898 2.444
9.581 3.848 2.494
10.228 -16.177 2.512
10.078 -10.469 2.476
10.231 -0.549 2.447
10.051 3.734 2.501
10.75 -14.087 2.526
10.757 -13.52 2.511
10.858 1.965 2.45
10.768 3.154 2.423
-7.081 4.276 -8.684
-6.318 4.182 -8.858
-0.043 4.383 -8.644
2.377 4.164 -8.718
-7.71 4.318 -8.099
-3.183 4.274 -8.129
-0.565 4.235 -8.075
2.948 4.164 -8.113
-9.384 4.345 -7.387
-2.496 4.307 -7.528
-1.254 4.229 -7.495
4.191 4.205 -7.498
6.097 4.342 -7.552
6.796 4.248 -7.43
-9.66 4.289 -6.908
7.343 4.185 -6.747
-9.9 4.223 -6.234
7.581 4.149 -6.258
-10.193 4.372 -5.688
8.775 4.225 -5.58
-10.64 4.331 -5.011
9.284 4.208 -4.987
-10.934 4.354 -4.485
9.787 4.223 -4.374
-11.258 4.223 -3.771
10.382 4.164 -3.674
-11.407 4.307 -3.139
10.613 4.268 -3.131
-11.502 4.242 -2.508
10.612 4.268 -2.506
-11.723 4.335 -1.883
10.485 4.268 -1.881
-11.882 4.268 -1.256
-0.199 4.408 -1.252
1.991 4.166 -1.274
10.518 4.268 -1.256
-11.904 4.268 -0.631
-1.309 4.356 -0.543
5.462 4.24 -0.506
10.658 4.268 -0.631
-11.783 4.313 -0.025
-1.597 4.349 -0.005
5.934 4.208 0.105
10.641 4.268 -0.006
-11.586 4.26 0.65
-2.463 4.322 0.666
6.112 4.206 0.681
10.422 4.313 0.606
-11.589 4.232 1.244
-3.922 4.305 1.224
6.272 4.268 1.244
9.949 4.404 1.219
-11.586 4.352 1.869
-4.605 4.39 1.834
6.35 4.261 1.903
9.176 4.328 1.835
-11.476 4.253 2.514
-5.817 4.265 2.472
6.714 4.223 2.545
8.458 4.3 2.381
-11.127 4.217 3.039
-6.196 4.163 3.061
-8.219 4.137 3.748
-6.94 4.309 3.753
-11.644 4.236 -2.014
-11.671 4.321 0.308
-11.085 4.263 -4.254
-10.904 4.321 3.182
-10.446 4.164 -5.308
-10.419 4.268 3.408
-9.791 4.23 -6.54
-9.794 4.268 3.597
-9.168 4.173 -7.7
-9.231 4.206 3.696
-8.644 4.206 -7.905
-8.664 4.29 3.711
-8.061 4.309 -7.986
-7.935 4.379 3.846
-7.385 4.264 -8.436
-7.307 4.223 3.859
-6.737 4.231 -8.902
-6.623 4.178 3.486
-6.067 4.296 -8.544
-5.991 4.231 2.727
-5.523 4.262 -8.32
-5.407 4.289 2.161
-4.898 4.21 -8.266
-4.846 4.343 1.927
-4.273 4.227 -8.347
-4.206 4.342 1.521
-3.671 4.256 -8.345
-3.529 4.309 0.938
-2.888 4.29 -7.861
-2.926 4.326 0.757
-2.229 4.324 -7.386
-2.353 4.157 0.507
-1.721 4.309 -7.34
-1.821 4.219 0.154
-1.033 4.154 -7.682
-1.008 4.252 -0.916
-0.371 4.142 -8.309
-0.538 4.2 -1.186
0.283 4.268 -8.909
0.173 4.254 -1.335
0.831 4.268 -9.106
0.831 4.268 -1.412
1.456 4.268 -9.125
1.531 4.239 -1.41
2.014 4.268 -8.959
2.223 4.284 -1.16
2.665 4.372 -8.395
2.769 4.331 -0.866
3.357 4.372 -7.859
3.331 4.268 -0.747
3.972 4.313 -7.619
3.956 4.268 -0.777
4.599 4.249 -7.351
4.519 4.206 -0.836
5.206 4.215 -7.265
5.074 4.296 -0.74
5.851 4.142 -7.35
5.793 4.241 -0.202
6.42 4.391 -7.655
6.546 4.398 2.27
7.137 4.28 -7.225
7.197 4.225 2.624
7.824 4.243 -6.125
7.81 4.241 2.666
8.322 4.227 -5.85
8.332 4.221 2.572
9.048 4.274 -5.388
8.883 4.334 2.011
9.54 4.239 -4.693
9.58 4.341 1.613
10.188 4.372 -3.969
10.231 4.243 0.995
-11.045 2.547 3.095
-11.003 4.463 2.999
-10.408 2.208 3.038
-10.509 8.419 3.02
-9.778 2.225 2.977
-9.836 8.962 3.058
-9.173 -13.072 3.223
-9.154 -9.668 3.014
-9.046 2.621 3.129
-9.121 9.608 3.181
-9.073 15.267 3.091
-9.21 16.634 3.076
-8.51 -13.477 3.223
-8.549 -9.246 3.056
-8.485 2.579 3.126
-8.628 10.239 3.019
-8.422 14.651 3.148
-8.48 17.486 3.069
-7.919 -13.548 3.119
-7.944 -9.05 3.056
-7.845 2.344 2.981
-7.983 10.743 3.095
-7.854 11.624 3.172
-7.941 12.677 3.1
-7.866 14.387 3.249
-7.894 17.808 3.074
-7.294 -13.578 3.119
-7.314 -8.497 3.108
-7.136 2.543 3.07
-7.212 18.074 3.106
-6.705 -13.719 3.074
-6.514 -6.255 3.183
-6.677 2.824 3.007
-6.731 18.106 3.056
-6.034 -14.078 3.233
-5.94 -6.055 3.145
-6.028 4.547 3.126
-6.216 18.035 3.145
-5.419 -14.113 3.132
-5.315 -6.053 3.169
-5.347 5.032 3.127
-5.496 17.93 3.159
-4.794 -14.021 3.146
-4.73 -6.234 3.247
-4.731 5.174 3.181
-4.856 17.81 3.056
-4.169 -13.971 3.178
-4.148 -6.828 3.183
-4.169 5.269 3.119
-4.278 17.588 3.15
-3.575 -13.908 3.166
-3.408 -7.237 3.033
-3.594 5.427 3.014
-3.648 17.561 3.084
-2.946 -13.809 3.076
-2.843 -7.131 2.986
-2.916 5.7 3.056
-3.023 17.607 3.093
-2.356 -13.819 3.056
-2.312 -6.668 3.018
-2.326 -5.376 3.191
-2.261 -4.701 3.054
-2.404 6.005 3.032
-2.376 17.512 3.036
-1.765 -13.836 3.139
-1.512 -3.71 3.1
-1.652 7.709 3.043
-1.713 16.986 3.081
-1.089 -13.812 3.104
-0.981 -3.536 3.181
-1.042 8.329 3.087
-1.076 16.558 3.243
-0.447 -13.789 3.074
-0.343 -3.427 3.066
-0.351 8.796 3.122
-0.476 16.417 3.156
0.125 -13.872 3.231
0.327 -3.163 3.189
0.329 10.164 3.07
0.216 15.897 3.233
0.801 -13.725 3.11
0.788 -2.789 3.134
0.85 10.735 3.18
0.781 13.352 3.182
1.456 -13.534 3.119
1.492 -1.554 3.177
1.56 10.838 3.083
1.418 12.758 3.126
2.081 -13.513 3.119
2.045 -1.081 3.103
2.149 10.954 3.014
1.938 12.591 3.085
2.641 -13.658 3.119
2.656 -0.842 3.086
3.289 -14.178 3.223
3.309 -0.638 3.075
4.076 -15.907 3.186
3.99 -0.414 3.01
4.644 -16.229 3.119
4.602 0.1 3.08
5.25 -16.541 3.237
5.342 3.301 3.092
5.851 -17.251 3.229
5.819 -8.423 3.158
5.937 -5.358 3.04
5.982 3.741 3.114
6.558 -17.978 3.185
6.335 -8.636 3.096
6.496 -4.851 3.089
6.519 3.892 3.181
7.199 -18.241 3.193
7.029 -9.06 3.143
7.043 -4.592 3.08
7.046 3.958 3.076
7.587 -18.239 3.14
7.784 -11.484 3.194
7.632 -4.157 3.068
7.706 4.02 3.132
8.215 -17.97 3.074
8.209 -11.701 3.163
8.307 -3.448 3.059
8.376 4.088 3.084
8.929 -17.24 3.014
8.982 -12.292 3.13
8.979 -3.09 3.092
9.019 3.931 3.181
9.677 -15.951 3.027
9.587 -12.851 3.162
9.506 -2.76 3.083
9.573 3.762 3.074
10.236 -14.774 3.042
10.191 -14.06 3.184
10.151 0.816 3.153
10.171 3.36 3.232
0.13 4.947 -8.609
2.306 4.83 -8.642
-0.254 4.939 -8.115
2.86 4.745 -8.111
6.067 4.887 -8.111
7.448 4.876 -8.063
-6.544 4.955 -7.477
-3.11 4.84 -7.642
-0.641 4.863 -7.486
7.944 4.948 -7.488
-9.399 4.863 -6.897
-2.441 4.891 -7.035
-1.234 4.949 -6.862
8.181 4.901 -6.92
-9.949 4.893 -6.179
9.257 4.921 -6.169
-10.279 4.963 -5.733
9.701 4.902 -5.533
-10.601 4.908 -5.037
9.788 4.868 -4.981
-10.813 4.997 -4.427
10.004 4.893 -4.423
-11.326 4.938 -3.692
10.48 4.789 -3.694
-11.718 5.01 -3.111
10.671 4.893 -3.131
-11.763 4.915 -2.551
10.621 4.893 -2.506
-11.775 4.893 -1.881
10.469 4.893 -1.881
-11.85 4.893 -1.256
-0.014 4.924 -1.237
2.235 4.847 -1.235
10.478 4.893 -1.256
-11.913 4.893 -0.631
-0.882 5.057 -0.575
5.012 4.895 -0.7
10.607 4.893 -0.631
-11.909 4.956 -0.069
-1.265 4.937 0.003
5.603 4.943 -0.096
10.58 4.893 -0.006
-11.73 4.886 0.458
-1.575 4.937 0.543
5.932 4.748 0.597
10.342 4.997 0.528
-11.462 4.797 1.201
-3.349 4.935 1.303
6.105 4.887 1.288
9.745 4.997 1.158
-11.322 4.893 1.869
-4.028 4.962 1.879
6.369 4.831 1.861
8.503 4.854 1.848
-11.118 4.808 2.497
-5.213 4.912 2.554
-10.719 4.894 3.03
-5.737 4.874 3.188
-8.769 4.845 3.739
-6.369 4.904 3.82
-11.609 4.885 -3.276
-11.623 5.041 0.743
-11.06 4.789 -4.06
-10.987 4.899 2.642
-10.421 4.755 -5.399
-10.399 4.938 3.288
-9.725 4.848 -6.477
-9.856 4.831 3.535
-9.153 4.825 -7.17
-9.244 4.883 3.68
-8.648 4.922 -7.312
-8.558 4.948 3.815
-8.023 4.93 -7.235
-7.986 4.983 4.039
-7.398 4.886 -7.176
-7.398 4.838 4.135
-6.825 4.911 -7.368
-6.801 4.817 3.973
-6.106 4.89 -7.764
-6.098 4.836 3.59
-5.523 4.871 -7.801
-5.491 4.859 2.746
-4.898 4.832 -7.738
-4.885 4.791 2.283
-4.273 4.84 -7.833
-4.345 4.832 2.009
-3.65 4.883 -7.845
-3.652 4.92 1.466
-2.948 5.051 -7.347
-3.011 4.791 1.1
-2.222 5.049 -6.827
-2.339 4.847 0.972
-1.68 4.981 -6.781
-1.787 4.888 0.722
-1.014 4.868 -7.073
-1.086 4.872 -0.444
-0.485 4.843 -7.826
-0.457 4.842 -1.048
0.245 4.77 -8.808
0.253 4.867 -1.342
0.727 4.83 -8.979
0.831 4.893 -1.519
1.352 4.871 -9.016
1.456 4.893 -1.537
1.935 4.844 -8.88
1.997 4.907 -1.374
2.65 4.826 -8.278
2.678 4.938 -1.007
3.232 4.953 -7.825
3.269 4.831 -0.868
3.842 4.909 -7.603
3.911 4.915 -0.935
4.581 4.919 -7.55
4.566 4.775 -0.847
5.269 4.892 -7.646
5.256 4.975 -0.512
5.818 4.824 -7.883
5.801 4.94 0.344
6.512 5.001 -8.325
6.546 4.997 1.998
7.163 5.003 -8.283
7.126 4.861 2.211
7.727 4.955 -7.895
7.769 4.845 2.227
8.476 4.958 -6.655
8.289 4.807 2.017
8.972 5.002 -6.392
9.009 4.9 1.622
9.58 5.034 -5.913
9.565 4.831 1.348
10.227 4.997 -4.088
10.165 4.789 0.804
-9.758 6.359 3.835
-9.745 8.835 3.727
-9.079 -12.912 3.709
-9.143 -9.724 3.733
-9.101 5.25 3.746
-9.207 9.086 3.73
-8.443 -13.336 3.718
-8.488 -9.203 3.637
-8.462 4.545 3.753
-8.6 9.492 3.618
-8.546 15.719 3.832
-8.521 17.045 3.639
-7.919 -13.392 3.709
-7.78 -8.686 3.693
-7.791 3.307 3.736
-8.072 9.705 3.754
-7.869 14.79 3.686
-7.939 17.643 3.701
-7.293 -13.483 3.787
-7.28 -7.232 3.687
-7.281 3.404 3.707
-7.264 12.019 3.781
-7.312 14.507 3.728
-7.338 17.919 3.733
-6.748 -13.772 3.744
-6.588 -6.131 3.744
-6.562 4.648 3.686
-6.745 12.677 3.745
-6.614 13.941 3.781
-6.734 18.039 3.601
-6.019 -14.112 3.848
-6.044 -5.91 3.744
-5.96 5.007 3.779
-6.083 17.861 3.747
-5.419 -14.198 3.744
-5.419 -5.881 3.744
-5.356 5.057 3.806
-5.515 17.695 3.836
-4.794 -14.159 3.744
-4.856 -6.054 3.681
-4.794 5.109 3.744
-4.859 17.615 3.664
-4.169 -14.154 3.744
-4.219 -6.272 3.789
-4.169 5.155 3.744
-4.205 13.93 3.752
-4.043 14.656 3.746
-4.126 17.217 3.762
-3.544 -14.067 3.744
-3.499 -6.262 3.818
-3.609 5.333 3.639
-3.693 13.984 3.744
-3.535 14.533 3.787
-3.648 17.164 3.756
-3.047 -13.908 3.682
-2.9 -5.998 3.751
-2.865 5.805 3.612
-3.023 17.192 3.761
-2.26 -13.796 3.723
-2.268 -4.332 3.656
-2.245 6.897 3.713
-2.434 17.006 3.732
-1.553 -13.879 3.808
-1.608 -3.666 3.744
-1.548 8.391 3.667
-1.61 16.524 3.761
-1.111 -13.901 3.721
-1.044 -3.507 3.744
-0.877 8.786 3.684
-1.044 16.376 3.744
-0.452 -13.839 3.759
-0.419 -3.421 3.744
-0.438 9.098 3.624
-0.592 16.225 3.752
0.209 -13.873 3.634
0.185 -3.321 3.719
0.305 10.836 3.658
0.138 12.65 3.779
0.27 13.799 3.72
0.219 15.326 3.857
0.727 -13.833 3.757
0.813 -3.096 3.683
1.411 -13.753 3.723
1.307 -2.703 3.69
2.081 -13.636 3.744
1.956 -1.438 3.686
2.715 -13.711 3.772
2.664 -1.055 3.739
3.354 -14.242 3.774
3.215 -0.814 3.678
4.088 -15.852 3.812
3.888 -0.446 3.642
4.612 -16.172 3.756
4.62 0.61 3.727
4.589 2.123 3.842
4.618 2.493 3.717
5.284 -16.478 3.761
5.215 -9.116 3.826
5.226 -7.296 3.682
5.215 3.437 3.639
5.877 -17.156 3.762
5.818 -10.362 3.783
5.974 -4.966 3.722
5.893 3.781 3.744
6.539 -17.874 3.841
6.304 -10.574 3.744
6.541 -4.643 3.653
6.456 3.821 3.744
7.126 -18.117 3.761
7.132 -11.629 3.781
7.211 -4.288 3.677
7.081 3.823 3.744
7.763 -18.129 3.674
7.78 -12.124 3.784
7.842 -3.643 3.685
7.706 3.912 3.744
8.289 -17.865 3.735
8.189 -12.36 3.751
8.474 -3.109 3.718
8.331 4.063 3.744
8.857 -17.201 3.704
8.902 -12.896 3.77
9.032 -2.839 3.656
8.956 4.051 3.744
9.494 -15.454 3.78
9.519 -13.397 3.906
9.56 -2.192 3.641
9.534 -1.159 3.787
9.704 0.773 3.689
9.532 3.846 3.744
10.238 1.842 3.707
10.173 3.263 3.848
0.069 5.524 -8.07
2.454 5.434 -8.245
5.529 5.633 -8.141
7.91 5.434 -8.025
-0.3 5.541 -7.585
3.714 5.479 -7.514
4.693 5.605 -7.541
8.225 5.448 -7.498
-5.231 5.522 -6.883
-2.642 5.392 -6.922
-0.822 5.632 -6.945
8.549 5.528 -6.939
-10.074 5.594 -6.125
-7.022 5.566 -6.212
-6.334 5.525 -6.273
9.379 5.414 -6.257
-10.495 5.575 -5.506
9.816 5.414 -5.595
-10.641 5.456 -4.944
9.926 5.518 -5.006
-10.794 5.622 -4.407
10.056 5.518 -4.444
-11.369 5.648 -3.668
10.454 5.414 -3.714
-11.781 5.558 -3.014
10.611 5.518 -3.131
-11.828 5.456 -2.444
10.556 5.518 -2.506
-11.74 5.512 -1.837
10.471 5.518 -1.881
-11.766 5.537 -1.131
0.432 5.536 -1.273
2.233 5.371 -1.218
3.611 5.544 -1.326
4.973 5.495 -1.191
10.525 5.518 -1.256
-11.923 5.456 -0.569
-0.604 5.583 -0.508
5.459 5.541 -0.52
10.683 5.521 -0.587
-11.911 5.518 -0.006
-0.965 5.569 -0.063
5.576 5.518 -0.006
10.628 5.543 0.109
-11.755 5.518 0.523
-1.364 5.563 0.58
5.673 5.478 0.508
10.348 5.581 0.601
-11.396 5.414 1.252
-2.02 5.648 1.316
5.777 5.563 1.093
9.704 5.622 1.18
-11.209 5.476 1.885
-2.661 5.536 1.925
6.271 5.418 1.75
8.139 5.626 1.887
-10.893 5.417 2.569
-3.127 5.527 2.623
-10.616 5.518 3.041
-3.294 5.535 3.223
-9.477 5.502 3.734
-3.228 5.499 3.848
-8.117 5.556 4.376
-3.104 5.474 4.473
-7.571 5.533 4.898
-6.464 5.587 5.023
-5.714 5.573 5.048
-3.128 5.589 5.116
-5.117 5.529 5.534
-3.415 5.639 5.601
-11.632 5.409 -3.406
-11.651 5.622 0.801
-11.052 5.414 -4.028
-11.061 5.626 2.183
-10.379 5.473 -5.772
-10.339 5.622 3.334
-9.719 5.518 -6.42
-9.818 5.473 3.626
-9.185 5.492 -6.671
-9.104 5.596 3.834
-8.606 5.527 -6.731
-8.5 5.518 4.04
-8.011 5.605 -6.533
-7.904 5.601 4.674
-7.43 5.495 -6.43
-7.307 5.675 5.089
-6.609 5.575 -6.146
-6.718 5.616 5.07
-6.071 5.514 -6.493
-6.133 5.505 4.877
-5.504 5.545 -6.753
-5.413 5.551 5.274
-4.85 5.47 -6.979
-4.813 5.669 5.803
-4.214 5.528 -7.114
-4.169 5.588 5.85
-3.544 5.467 -7.283
-3.663 5.551 5.707
-3.005 5.6 -7.03
-2.968 5.508 2.211
-2.321 5.633 -6.73
-2.368 5.505 1.557
-1.669 5.518 -6.665
-1.761 5.409 0.914
-1.14 5.424 -6.77
-1.096 5.517 0.117
-0.513 5.496 -7.29
-0.425 5.408 -0.778
0.303 5.475 -8.353
0.123 5.495 -1.076
0.831 5.56 -8.609
0.739 5.426 -1.442
1.456 5.6 -8.62
1.352 5.496 -1.492
2.052 5.573 -8.44
1.93 5.467 -1.349
2.815 5.569 -7.935
2.608 5.579 -0.982
3.402 5.518 -7.632
3.304 5.438 -1.096
3.979 5.604 -7.458
4.076 5.547 -1.462
4.433 5.557 -7.482
4.622 5.551 -1.434
5.159 5.444 -7.8
5.265 5.567 -0.957
5.953 5.483 -8.377
5.913 5.662 1.387
6.519 5.581 -8.584
6.543 5.622 1.958
7.081 5.518 -8.524
7.081 5.518 2.099
7.644 5.538 -8.303
7.74 5.387 2.067
8.358 5.546 -7.325
8.457 5.477 1.745
8.924 5.563 -6.568
9.019 5.581 1.52
9.593 5.622 -6.059
9.483 5.414 1.312
10.215 5.622 -4.108
10.121 5.414 0.801
-9.688 7.061 4.352
-9.813 8.404 4.303
-9.079 6.597 4.306
-9.249 8.771 4.256
-8.54 -12.396 4.451
-8.661 -9.675 4.273
-8.551 6.401 4.452
-8.596 8.874 4.312
-7.84 -13.005 4.473
-7.875 -8.678 4.249
-7.766 5.303 4.436
-8.028 9.096 4.355
-7.771 15.317 4.37
-7.854 17.549 4.345
-7.329 -13.204 4.492
-7.271 -6.751 4.321
-7.19 5.122 4.424
-7.291 11.419 4.312
-7.19 15.086 4.448
-7.356 17.759 4.306
-6.672 -13.576 4.423
-6.664 -6.128 4.413
-6.588 5.125 4.281
-6.78 12.279 4.303
-6.565 15.024 4.421
-6.726 17.736 4.334
-5.952 -13.991 4.365
-6.044 -5.913 4.369
-6.021 5.324 4.495
-6.034 13.181 4.28
-5.94 15.116 4.386
-6.088 17.518 4.32
-5.376 -14.052 4.393
-5.419 -5.895 4.369
-5.419 5.175 4.369
-5.531 13.268 4.35
-5.315 15.177 4.35
-5.472 17.198 4.384
-4.794 -14.138 4.369
-4.727 -6.119 4.365
-4.794 5.029 4.369
-4.854 12.856 4.483
-4.784 15.365 4.313
-4.938 16.994 4.354
-4.169 -14.271 4.369
-4.075 -6.397 4.495
-4.169 5.001 4.369
-4.3 12.645 4.449
-3.544 -14.245 4.369
-3.636 -6.412 4.36
-3.578 5.175 4.264
-3.648 12.644 4.357
-2.985 -14.017 4.264
-2.985 -6.132 4.25
-2.909 5.717 4.264
-3.055 12.756 4.382
-2.256 -13.743 4.369
-2.329 -5.171 4.333
-2.348 9.022 4.433
-2.321 15.817 4.354
-1.624 -13.756 4.393
-1.604 -3.764 4.369
-1.645 9.688 4.341
-1.818 16.006 4.418
-0.913 -13.782 4.367
-1.044 -3.659 4.369
-1.002 10.99 4.342
-1.148 11.98 4.365
-0.902 13.204 4.39
-1.124 16.195 4.233
-0.356 -13.716 4.431
-0.419 -3.572 4.369
-0.422 13.4 4.295
-0.506 15.886 4.351
0.261 -13.791 4.371
0.206 -3.461 4.369
0.919 -13.899 4.398
0.735 -3.353 4.275
1.343 -13.881 4.311
1.367 -2.958 4.243
1.956 -13.698 4.344
2.046 -1.511 4.237
2.661 -13.522 4.353
2.613 -1.086 4.369
3.376 -13.501 4.333
3.236 -0.871 4.321
3.963 -13.696 4.451
3.903 -0.492 4.324
4.642 -15.878 4.377
4.586 -8.47 4.47
4.615 -7.934 4.364
4.549 0.419 4.364
5.237 -16.155 4.412
5.196 -10.924 4.398
5.2 -6.607 4.311
5.222 3.379 4.368
5.84 -16.608 4.368
5.717 -11.162 4.344
5.919 -4.968 4.35
5.812 3.745 4.276
6.457 -17.459 4.357
6.437 -11.506 4.422
6.425 -4.684 4.264
6.352 3.774 4.324
7.089 -17.831 4.305
7.098 -12.228 4.381
7.143 -4.31 4.264
6.977 3.736 4.313
7.742 -17.855 4.245
7.711 -12.986 4.358
7.813 -3.67 4.324
7.661 3.838 4.379
8.452 -17.355 4.288
8.389 -13.32 4.444
8.415 -3.136 4.326
8.331 4.059 4.369
9.095 -15.46 4.325
8.911 -13.376 4.396
8.885 -2.818 4.264
8.956 4.082 4.369
9.615 -14.927 4.318
9.466 -13.662 4.362
9.597 0.904 4.248
9.52 3.905 4.369
10.081 1.64 4.383
10.186 3.234 4.416
0.442 6.254 -8.141
2.505 6.007 -8.143
5.454 6.247 -8.16
8.004 6.074 -8.006
-0.135 6.188 -7.578
3.776 6.053 -7.564
4.288 6.19 -7.553
8.384 6.008 -7.397
-3.977 6.275 -6.904
-2.992 6.064 -6.909
-0.925 6.152 -6.962
8.62 6.166 -6.837
-9.929 6.207 -6.125
-8.061 6.125 -6.306
-5.092 6.275 -6.222
9.298 6.102 -6.19
-10.299 6.207 -5.629
-7.066 6.051 -5.737
-6.283 6.215 -5.627
9.755 6.011 -5.602
-10.552 6.053 -4.96
9.838 6.152 -4.962
-10.704 6.113 -4.321
10.033 6.081 -4.392
-11.152 6.134 -3.634
10.394 6.039 -3.713
-11.526 6.134 -3.175
10.502 6.143 -3.131
-11.721 5.989 -2.486
10.469 6.143 -2.506
-11.453 6.174 -1.762
2.996 6.227 -1.857
5.669 6.134 -1.91
10.496 6.143 -1.881
-11.455 6.174 -1.272
2.864 6.123 -1.383
6.066 6.238 -1.183
10.705 6.094 -1.246
-11.759 6.109 -0.536
0.364 6.206 -0.611
5.95 6.269 -0.563
10.951 6.198 -0.619
-11.837 6.081 0.056
-0.717 6.061 0.016
5.692 6.068 0.052
10.958 6.277 -0.033
-11.825 6.188 0.611
-1.23 6.102 0.724
5.702 6.088 0.723
10.599 6.188 0.613
-11.528 5.996 1.287
-1.788 6.14 1.354
5.796 6.027 1.193
9.733 6.247 1.215
-11.318 6.157 1.913
-1.952 6.166 1.942
6.268 6.028 1.752
8.039 6.193 1.868
-10.878 6.078 2.589
-2.047 6.172 2.556
-10.547 6.081 3.088
-2.169 6.297 3.069
-9.609 6.107 3.83
-2.6 6.175 3.798
-8.384 6.103 4.433
-2.674 6.167 4.369
-8.051 6.071 4.866
-2.745 6.262 4.973
-5.633 6.078 5.504
-3.121 6.188 5.618
-11.686 6.081 -2.956
-11.592 6.162 -2.228
-11.608 6.118 -0.9
-11.716 6.154 1.036
-11.021 5.989 -3.896
-11.07 6.107 2.294
-10.439 6.107 -5.49
-10.368 6.206 3.262
-9.765 6.033 -6.337
-9.945 6.147 3.621
-9.273 6.096 -6.486
-9.165 6.142 3.977
-8.591 6.084 -6.501
-8.693 6.102 4.203
-7.974 6.284 -6.145
-7.805 6.215 5.12
-7.45 6.202 -5.813
-7.231 6.206 5.329
-6.715 6.282 -5.561
-6.669 6.143 5.321
-6.011 6.16 -5.773
-6.111 6.104 5.338
-5.51 6.124 -6.022
-5.31 6.216 5.772
-4.765 6.175 -6.562
-4.731 6.206 6.071
-4.278 6.118 -6.803
-4.169 6.143 6.111
-3.501 6.097 -7.035
-3.601 6.039 5.935
-2.764 6.125 -6.847
-2.923 6.098 5.342
-2.231 6.178 -6.762
-2.387 6.166 3.325
-1.669 6.08 -6.712
-1.638 6.0 1.039
-1.124 5.994 -6.805
-1.047 5.992 0.435
-0.507 6.098 -7.304
-0.396 6.054 -0.337
0.187 6.089 -7.874
0.055 6.151 -0.48
0.803 6.105 -8.424
0.775 6.149 -0.976
1.456 6.143 -8.492
1.352 6.169 -1.047
2.114 6.16 -8.298
2.105 6.133 -0.857
2.815 6.164 -8.027
2.763 6.001 -1.001
3.264 6.078 -7.77
3.386 6.229 -2.162
4.091 6.026 -7.493
4.06 6.111 -2.278
4.652 6.172 -7.67
4.685 6.134 -2.299
5.194 6.081 -7.951
5.205 6.151 -2.2
5.873 6.143 -8.416
5.859 6.121 -1.718
5.782 6.106 -0.407
5.895 6.076 1.353
6.456 6.143 -8.603
6.572 6.158 1.929
7.081 6.143 -8.574
7.081 6.13 2.047
7.626 6.143 -8.359
7.679 6.029 2.034
8.28 6.169 -7.592
8.352 6.188 1.701
8.952 6.104 -6.482
8.956 6.143 1.509
9.569 6.101 -5.954
9.483 6.039 1.309
10.191 6.247 -4.089
10.153 6.039 0.953
10.844 6.199 -1.059
10.81 6.116 0.294
-7.826 -12.821 5.092
-7.923 -9.259 4.919
-7.824 5.833 4.972
-7.965 8.799 4.83
-7.77 15.907 4.983
-7.915 17.107 4.915
-7.274 -13.125 5.007
-7.233 -6.235 4.987
-7.257 5.432 4.896
-7.309 9.583 4.919
-7.19 15.699 5.028
-7.314 17.504 4.845
-6.579 -13.333 4.969
-6.655 -5.957 5.124
-6.666 5.432 4.853
-6.671 12.18 4.949
-6.624 15.786 4.995
-6.686 17.26 5.03
-5.999 -13.489 4.939
-6.044 -5.894 4.994
-6.022 5.681 5.084
-6.028 12.636 4.912
-5.373 -13.55 5.061
-5.419 -5.891 4.994
-5.371 5.37 5.011
-5.464 12.662 4.94
-4.744 -13.94 4.937
-4.794 -6.04 4.994
-4.794 5.117 4.994
-4.843 12.489 4.937
-4.169 -14.157 4.984
-4.164 -6.25 5.038
-4.169 5.046 4.994
-4.164 12.119 4.988
-3.544 -14.194 4.949
-3.608 -6.378 4.841
-3.562 5.187 4.889
-3.648 12.073 4.975
-2.985 -13.991 4.848
-3.002 -6.076 4.948
-2.901 5.771 4.876
-2.922 7.674 4.997
-2.816 8.936 4.891
-3.023 12.133 4.991
-2.256 -13.528 4.922
-2.277 -4.168 4.919
-2.208 10.155 4.986
-2.424 12.057 5.01
-1.669 -13.466 4.925
-1.661 -3.734 5.038
-1.532 14.04 4.97
-1.705 15.249 4.983
-1.044 -13.493 4.928
-1.044 -3.795 4.994
-1.008 14.054 4.967
-1.16 15.306 5.007
-0.419 -13.477 4.955
-0.419 -3.76 4.994
0.213 -13.574 5.034
0.144 -3.594 4.931
0.876 -13.745 5.01
0.741 -3.379 4.93
1.518 -13.725 4.917
1.369 -2.942 4.965
2.099 -13.45 4.948
2.211 -1.087 4.909
2.653 -12.886 5.041
2.805 -0.839 4.894
3.408 -12.248 4.984
3.307 -11.692 5.014
3.398 -11.067 4.988
3.398 -0.591 4.991
4.014 -10.402 4.984
3.894 -0.285 4.979
4.578 -7.77 4.889
4.495 0.261 4.949
5.24 -15.925 5.033
5.217 -12.937 5.095
5.298 -6.291 5.026
5.144 2.884 4.954
5.839 -16.249 5.048
5.794 -12.277 4.995
5.885 -5.323 5.045
5.751 3.406 4.893
6.528 -16.652 4.967
6.321 -12.346 5.003
6.392 -4.805 4.888
6.352 3.414 5.008
7.185 -16.73 5.01
7.072 -12.945 5.015
7.125 -4.19 4.889
6.977 3.389 4.995
7.716 -16.57 4.962
7.638 -13.474 5.14
7.729 -3.655 5.038
7.645 3.477 5.093
8.421 -14.893 4.999
8.321 -14.051 5.073
8.246 -3.394 4.899
8.231 3.886 4.92
8.865 -2.926 4.868
8.852 3.938 4.963
9.601 1.397 5.002
9.436 3.794 4.941
10.104 2.152 4.987
10.199 2.724 4.978
0.387 6.807 -8.173
3.537 6.78 -8.118
5.379 6.796 -8.166
7.783 6.644 -8.095
-0.227 6.792 -7.556
8.087 6.729 -7.548
-4.043 6.782 -6.923
8.287 6.774 -7.003
-4.94 6.872 -6.191
8.697 6.738 -6.396
-9.981 6.71 -5.599
-7.679 6.669 -5.627
-5.81 6.89 -5.635
9.252 6.714 -5.722
-10.158 6.734 -4.962
9.423 6.867 -5.078
-10.104 6.797 -4.277
9.9 6.755 -4.366
-10.164 6.805 -3.789
10.357 6.723 -3.665
-10.725 6.813 -2.997
10.478 6.706 -3.069
-10.848 6.824 -2.402
3.188 6.85 -2.441
5.598 6.716 -2.451
10.435 6.768 -2.506
-10.782 6.872 -1.753
2.622 6.871 -1.853
6.23 6.757 -1.9
10.543 6.784 -1.808
-10.956 6.892 -1.262
2.508 6.807 -1.361
6.579 6.898 -1.199
10.895 6.72 -1.117
-11.358 6.878 -0.624
2.429 6.72 -0.678
6.319 6.701 -0.587
11.044 6.706 -0.569
-11.809 6.723 0.004
2.438 6.839 0.038
6.064 6.756 0.038
11.014 6.872 -0.036
-12.001 6.831 0.556
2.32 6.786 0.68
6.016 6.777 0.723
10.677 6.872 0.658
-12.042 6.803 1.173
-0.878 6.782 1.221
0.645 6.856 1.266
1.886 6.788 1.331
6.174 6.698 1.279
9.771 6.8 1.224
-11.855 6.757 1.768
-1.424 6.802 1.86
-11.281 6.726 2.365
-1.779 6.733 2.585
-10.572 6.658 3.0
-1.998 6.821 3.222
-10.042 6.773 3.769
-2.372 6.769 3.9
-9.385 6.696 4.238
-2.538 6.706 4.431
-8.155 6.644 4.898
-2.698 6.872 4.946
-5.654 6.664 5.607
-3.092 6.872 5.628
-11.655 6.713 -0.335
-11.675 6.906 2.144
-11.135 6.774 -1.066
-11.013 6.9 2.664
-10.423 6.799 -3.416
-10.359 6.813 3.289
-9.76 6.673 -5.926
-9.778 6.807 4.085
-9.273 6.767 -6.074
-9.17 6.926 4.462
-8.589 6.768 -6.069
-8.581 6.832 4.662
-7.962 6.707 -5.777
-7.852 6.872 5.158
-7.287 6.823 -5.416
-7.294 6.768 5.363
-6.606 6.831 -5.412
-6.669 6.768 5.409
-6.151 6.681 -5.553
-6.072 6.768 5.456
-5.471 6.649 -5.83
-5.343 6.872 5.787
-4.761 6.706 -6.376
-4.794 6.768 6.069
-4.285 6.689 -6.753
-4.169 6.768 6.157
-3.57 6.813 -7.105
-3.559 6.664 6.0
-2.874 6.772 -7.062
-2.897 6.664 5.419
-2.19 6.849 -7.002
-2.287 6.613 3.587
-1.606 6.754 -7.06
-1.629 6.744 2.245
-1.001 6.736 -7.255
-1.08 6.8 1.405
-0.434 6.667 -7.42
-0.48 6.762 1.048
0.134 6.754 -7.866
0.095 6.774 0.93
0.799 6.811 -8.521
0.899 6.828 1.391
1.49 6.791 -8.582
1.351 6.824 1.486
2.081 6.768 -8.412
2.045 6.738 1.111
2.706 6.733 -8.287
2.824 6.698 -2.038
3.216 6.889 -8.285
3.449 6.77 -2.611
4.082 6.674 -7.887
4.001 6.798 -2.883
4.644 6.771 -7.961
4.693 6.823 -2.919
5.134 6.635 -8.025
5.292 6.88 -2.689
5.814 6.813 -8.375
5.865 6.74 -2.288
6.456 6.768 -8.492
6.468 6.84 -1.62
6.421 6.701 -0.866
6.585 6.795 1.574
7.019 6.706 -8.454
7.185 6.836 1.724
7.534 6.769 -8.221
7.827 6.722 1.696
8.38 6.92 -6.741
8.394 6.752 1.456
8.953 6.898 -6.039
8.956 6.706 1.365
9.593 6.871 -4.691
9.502 6.638 1.293
10.183 6.767 -3.999
10.167 6.723 1.041
10.792 6.825 -1.353
10.846 6.664 0.441
-7.896 -12.395 5.707
-7.935 -11.045 5.539
-7.899 -8.4 5.751
-7.775 -6.258 5.559
-7.291 -12.91 5.597
-7.269 -5.908 5.595
-6.596 -12.987 5.636
-6.677 -5.711 5.771
-6.633 7.822 5.601
-6.758 8.708 5.598
-6.618 10.111 5.655
-6.65 11.888 5.497
-5.94 -12.959 5.662
-6.031 -5.819 5.663
-5.931 9.566 5.634
-6.164 12.174 5.546
-5.327 -13.067 5.712
-5.419 -5.87 5.619
-5.374 5.821 5.558
-5.43 7.554 5.587
-5.315 9.597 5.616
-5.523 12.204 5.662
-4.672 -13.446 5.574
-4.856 -5.903 5.556
-4.764 5.366 5.55
-4.913 7.765 5.619
-4.774 9.713 5.593
-4.928 12.054 5.617
-4.065 -13.649 5.677
-4.214 -5.93 5.599
-4.169 5.285 5.54
-4.242 8.086 5.594
-4.108 10.782 5.607
-4.259 11.415 5.62
-3.496 -13.63 5.634
-3.514 -5.969 5.488
-3.602 5.397 5.466
-3.634 7.721 5.623
-2.961 -12.871 5.676
-2.893 -5.484 5.551
-2.282 -12.354 5.662
-2.182 -3.544 5.544
-1.565 -12.195 5.609
-1.593 -3.506 5.703
-0.94 -12.252 5.624
-1.044 -3.72 5.619
-0.412 -12.464 5.658
-0.419 -3.759 5.619
0.223 -13.073 5.661
0.244 -3.585 5.511
0.839 -13.424 5.539
0.963 -3.007 5.581
1.476 -13.41 5.473
1.47 -2.342 5.547
2.17 -12.88 5.516
2.187 -0.268 5.549
2.679 -10.472 5.691
2.835 -0.248 5.497
3.278 -9.781 5.667
3.417 -0.198 5.506
3.967 -8.452 5.535
4.032 0.074 5.646
4.469 -7.781 5.563
4.599 0.405 5.619
5.197 -15.521 5.72
5.26 -13.574 5.66
5.259 -6.58 5.62
5.262 0.869 5.685
5.835 -16.019 5.606
5.787 -13.043 5.485
5.819 -6.066 5.627
5.818 1.329 5.602
6.501 -16.142 5.6
6.349 -13.04 5.571
6.342 -5.23 5.552
6.308 1.607 5.639
7.121 -15.992 5.595
7.079 -13.366 5.68
7.217 -3.791 5.566
7.076 2.51 5.583
7.63 -15.473 5.643
7.552 -13.76 5.672
7.706 -3.469 5.679
7.569 2.722 5.592
8.264 -3.33 5.473
8.249 3.386 5.511
8.846 -2.849 5.561
8.951 -1.547 5.717
9.052 1.535 5.546
8.849 3.364 5.619
9.669 2.138 5.508
9.523 2.856 5.642
0.55 7.464 -8.739
1.822 7.309 -8.754
2.975 7.466 -8.766
3.551 7.383 -8.675
0.003 7.466 -8.124
7.286 7.362 -8.034
-1.472 7.451 -7.516
7.557 7.383 -7.617
-4.454 7.509 -6.866
8.104 7.296 -6.987
-4.99 7.517 -6.168
8.687 7.289 -6.295
-5.653 7.442 -5.627
9.1 7.289 -5.586
-9.559 7.486 -4.894
9.207 7.456 -5.069
-9.704 7.417 -4.319
9.47 7.428 -4.481
-9.734 7.537 -3.824
10.035 7.439 -3.793
-10.101 7.452 -3.095
3.761 7.537 -3.092
4.847 7.368 -3.11
10.35 7.277 -3.175
-10.281 7.466 -2.506
3.045 7.525 -2.434
6.045 7.389 -2.414
10.305 7.319 -2.506
-10.295 7.515 -1.842
2.584 7.436 -1.761
6.597 7.305 -1.776
10.35 7.355 -1.944
-10.601 7.276 -1.272
2.457 7.331 -1.194
6.829 7.417 -1.256
10.639 7.395 -1.284
-11.199 7.415 -0.595
2.533 7.382 -0.6
6.926 7.293 -0.587
10.952 7.256 -0.662
-11.905 7.393 0.059
2.791 7.41 0.099
6.921 7.368 0.098
10.929 7.379 -0.1
-12.182 7.438 0.604
2.86 7.469 0.619
6.875 7.373 0.651
10.537 7.438 0.598
-12.305 7.508 1.176
2.779 7.546 1.171
-12.065 7.296 1.803
-0.771 7.469 1.882
0.604 7.329 1.753
2.227 7.547 1.814
-11.468 7.289 2.487
-1.464 7.514 2.559
-10.648 7.289 3.075
-1.823 7.42 3.154
-10.292 7.331 3.717
-2.146 7.394 3.699
-9.996 7.372 4.222
-2.456 7.348 4.375
-8.199 7.289 4.981
-2.778 7.466 4.892
-5.599 7.246 5.61
-3.283 7.421 5.575
-12.271 7.383 0.915
-12.268 7.541 1.426
-11.593 7.348 -0.291
-11.727 7.497 2.317
-10.987 7.28 -0.849
-11.063 7.497 2.763
-10.446 7.313 -1.481
-10.444 7.497 3.437
-9.88 7.399 -3.527
-9.688 7.462 4.507
-9.155 7.451 -5.273
-9.106 7.456 4.697
-8.544 7.463 -5.418
-8.586 7.393 4.797
-7.874 7.385 -5.324
-7.857 7.497 5.206
-7.231 7.456 -5.139
-7.356 7.331 5.401
-6.669 7.393 -5.221
-6.743 7.455 5.496
-6.048 7.348 -5.475
-6.007 7.401 5.495
-5.382 7.277 -5.816
-5.305 7.383 5.686
-4.69 7.269 -6.495
-4.762 7.423 5.864
-4.049 7.358 -7.115
-4.231 7.331 5.998
-3.481 7.456 -7.331
-3.617 7.324 5.836
-2.919 7.393 -7.318
-2.97 7.37 5.205
-2.356 7.331 -7.252
-2.297 7.331 4.007
-1.699 7.312 -7.373
-1.673 7.312 2.768
-0.989 7.484 -7.62
-1.071 7.437 2.083
-0.364 7.309 -7.754
-0.464 7.355 1.713
0.285 7.322 -8.401
0.091 7.372 1.656
0.961 7.451 -8.904
0.822 7.548 1.965
1.548 7.479 -8.906
1.456 7.465 2.008
2.121 7.306 -8.676
1.959 7.425 1.913
2.727 7.267 -8.614
2.765 7.287 -2.102
2.714 7.536 -0.253
2.586 7.449 1.422
3.356 7.553 -8.802
3.431 7.293 -2.812
4.08 7.458 -8.528
4.1 7.463 -3.18
4.644 7.396 -8.31
4.595 7.493 -3.192
5.256 7.392 -8.375
5.216 7.438 -2.919
5.931 7.475 -8.557
5.75 7.426 -2.598
6.394 7.331 -8.498
6.404 7.513 -2.135
7.006 7.369 -8.274
7.214 7.38 0.901
7.713 7.54 -7.285
7.81 7.373 0.88
8.341 7.497 -6.65
8.435 7.393 0.917
8.932 7.497 -5.919
9.055 7.47 0.992
9.629 7.504 -4.179
9.654 7.315 1.098
10.227 7.425 -3.594
10.186 7.379 0.879
10.835 7.388 -1.004
10.777 7.368 0.29
-7.902 -8.392 6.3
-7.78 -6.096 6.187
-7.217 -12.313 6.202
-7.377 -11.545 6.221
-7.216 -10.326 6.255
-7.165 -5.71 6.134
-6.621 -12.383 6.318
-6.734 -5.664 6.264
-5.973 -12.701 6.247
-6.046 -5.784 6.376
-5.419 -12.88 6.244
-5.419 -5.87 6.244
-5.396 10.861 6.222
-5.521 11.249 6.224
-4.749 -13.074 6.248
-4.781 -5.824 6.123
-4.106 -13.114 6.262
-4.13 -5.363 6.219
-3.526 -12.87 6.227
-3.492 -3.421 6.197
-2.936 -12.244 6.23
-2.913 -2.914 6.284
-2.373 -11.525 6.257
-2.168 -2.821 6.303
-1.62 -11.191 6.347
-1.593 -3.002 6.353
-0.94 -11.157 6.319
-1.02 -3.458 6.207
-0.354 -11.257 6.366
-0.419 -3.558 6.203
0.323 -11.669 6.271
0.167 -3.45 6.108
0.868 -11.703 6.244
0.755 -2.846 6.194
1.607 -10.543 6.26
1.557 0.117 6.215
2.157 -10.312 6.156
2.126 0.344 6.226
2.789 -9.723 6.135
2.829 0.364 6.263
3.351 -7.986 6.297
3.417 0.213 6.146
4.042 -7.803 6.137
3.961 0.342 6.375
4.506 -7.362 6.267
4.581 0.38 6.244
5.215 -6.731 6.288
5.158 0.433 6.23
5.893 -15.513 6.225
5.801 -13.63 6.105
5.703 -6.453 6.176
5.858 0.691 6.166
6.56 -15.575 6.26
6.411 -13.568 6.157
6.342 -5.874 6.178
6.394 0.851 6.216
7.154 -15.399 6.153
7.031 -13.772 6.156
7.205 -3.642 6.152
6.982 0.822 6.335
7.829 -3.148 6.253
7.633 0.327 6.412
8.344 -2.814 6.185
8.274 -1.169 6.278
0.365 8.08 -8.772
4.271 7.983 -8.801
4.977 8.082 -8.815
6.244 7.935 -8.748
-0.106 8.152 -8.23
6.959 7.967 -8.234
-1.796 8.079 -7.493
7.318 7.955 -7.617
-4.517 8.122 -6.85
7.928 7.914 -6.892
-4.943 8.081 -6.232
8.716 7.973 -6.215
-5.281 8.097 -5.761
9.037 7.894 -5.569
-8.955 8.165 -5.011
9.117 7.984 -5.006
-9.636 7.968 -4.39
9.186 8.045 -4.444
-9.713 8.053 -3.853
9.404 7.99 -3.919
-9.969 8.048 -3.156
3.755 7.974 -3.106
4.937 7.899 -3.127
9.769 7.935 -3.234
-10.168 8.018 -2.506
3.109 8.118 -2.425
6.006 7.876 -2.454
9.317 8.024 -2.567
-10.201 8.081 -1.944
2.813 8.081 -1.88
6.69 7.904 -1.804
8.855 8.053 -1.972
-10.324 8.062 -1.382
2.579 7.909 -1.21
8.036 8.021 -1.166
9.948 8.013 -1.332
-10.834 8.16 -0.728
2.656 7.899 -0.645
8.479 8.052 -0.494
10.468 7.945 -0.726
-11.907 8.051 0.121
2.907 7.973 -0.016
8.594 8.029 0.05
10.489 7.944 -0.09
-12.181 8.072 0.692
2.981 8.018 0.619
9.15 7.956 0.663
9.897 8.022 0.539
-12.299 7.896 1.227
2.875 8.122 1.185
-12.05 7.973 1.827
2.372 8.122 1.836
-11.446 7.907 2.525
-1.187 7.995 2.608
-10.679 7.952 3.078
-1.446 7.963 3.013
-10.281 7.973 3.754
-1.932 7.998 3.703
-9.984 7.999 4.291
-2.544 8.063 4.464
-8.157 7.914 4.995
-3.069 8.081 5.053
-7.043 7.991 5.609
-6.414 8.152 5.601
-4.445 7.935 5.639
-4.01 8.047 5.589
-12.288 7.864 0.92
-12.25 8.021 1.346
-11.605 8.005 -0.215
-11.613 8.146 2.321
-11.148 7.932 -0.511
-11.057 8.008 2.737
-10.521 7.976 -1.042
-10.413 8.058 3.425
-9.814 7.897 -3.496
-9.683 8.103 4.508
-9.284 8.061 -4.889
-9.169 8.018 4.682
-8.577 8.01 -5.159
-8.564 8.018 4.815
-7.919 8.018 -5.237
-7.834 8.122 5.186
-7.294 8.018 -5.133
-7.31 7.973 5.516
-6.669 8.018 -5.156
-6.724 8.116 5.65
-6.044 8.018 -5.334
-6.067 7.999 5.495
-5.541 7.954 -5.569
-5.374 8.011 5.435
-4.77 7.914 -6.544
-4.704 8.105 5.506
-4.123 8.018 -7.162
-4.132 7.86 5.689
-3.544 8.018 -7.368
-3.527 7.993 5.426
-2.919 8.018 -7.397
-2.879 7.981 4.871
-2.224 7.951 -7.39
-2.243 7.973 4.098
-1.534 7.972 -7.57
-1.64 8.004 3.321
-0.981 8.081 -7.73
-1.041 7.901 2.345
-0.464 7.914 -7.905
-0.486 7.988 2.124
0.198 7.914 -8.554
0.251 8.023 2.04
0.818 8.063 -9.005
0.894 8.081 2.117
1.456 8.018 -9.049
1.456 8.018 2.13
2.126 7.988 -8.925
2.007 7.914 2.023
2.782 7.924 -8.902
2.679 7.981 -1.746
2.746 8.024 -0.496
2.651 7.914 1.538
3.331 8.092 -9.059
3.402 7.944 -2.835
3.873 7.971 -8.927
3.983 7.92 -3.186
4.65 7.885 -8.65
4.462 7.974 -3.209
5.289 8.131 -8.867
5.139 8.108 -2.987
5.931 8.105 -8.866
5.681 8.03 -2.629
6.501 7.867 -8.607
6.364 8.12 -2.14
7.101 8.075 -8.036
7.121 8.087 -1.567
7.654 8.122 -7.083
7.678 8.128 -1.439
8.305 8.122 -6.61
8.366 8.057 -0.872
8.94 8.056 -5.847
9.046 8.015 -2.284
8.948 8.063 -1.706
8.984 8.044 0.462
9.524 8.067 -3.533
9.633 7.983 -2.784
9.465 8.031 -1.524
9.609 7.875 0.743
10.159 8.042 -1.074
10.284 7.913 0.372
-7.922 -8.024 6.967
-7.876 -6.275 6.746
-7.346 -8.638 6.905
-7.336 -5.966 6.843
-6.677 -9.234 6.953
-6.624 -5.824 6.883
-5.978 -12.185 6.826
-5.981 -5.921 6.931
-5.381 -12.718 6.826
-5.419 -5.933 6.869
-4.794 -12.875 6.849
-4.878 -5.808 6.764
-4.126 -12.877 6.766
-4.141 -4.986 6.809
-3.518 -12.441 6.904
-3.42 -2.917 6.811
-2.914 -11.649 6.862
-2.774 -2.553 6.927
-2.236 -11.127 6.871
-2.199 -2.526 6.976
-1.669 -10.989 6.869
-1.625 -2.707 6.897
-1.064 -10.903 6.943
-0.999 -2.981 6.882
-0.419 -11.027 6.869
-0.356 -3.088 6.882
0.206 -11.138 6.808
0.23 -2.878 6.833
0.766 -10.947 6.851
0.852 -0.535 6.828
1.519 -9.788 6.835
1.519 0.292 6.748
2.139 -8.44 6.828
2.212 0.573 6.9
2.746 -7.892 6.875
2.798 0.577 6.937
3.435 -7.467 6.875
3.371 0.477 6.734
3.966 -7.161 6.833
3.966 0.533 7.044
4.65 -6.766 6.894
4.588 0.406 6.912
5.206 -6.636 6.869
5.206 0.342 6.869
5.717 -6.469 6.806
5.796 0.42 6.831
6.326 -5.965 6.835
6.427 0.609 6.724
7.149 -3.645 6.764
7.079 0.438 6.937
7.788 -2.9 6.712
7.59 0.053 6.939
3.03 8.721 -9.402
4.41 8.624 -9.404
0.114 8.727 -8.757
6.711 8.67 -8.589
-0.228 8.722 -8.238
7.141 8.59 -7.996
-1.4 8.745 -7.514
7.357 8.581 -7.46
-4.4 8.597 -6.83
7.894 8.539 -6.847
-4.946 8.529 -6.137
8.643 8.581 -6.262
-5.305 8.658 -5.742
8.902 8.687 -5.652
-8.915 8.676 -5.02
8.927 8.665 -5.069
-9.882 8.789 -4.446
8.909 8.718 -4.486
-9.965 8.668 -3.801
8.824 8.722 -3.861
-10.103 8.643 -3.131
8.57 8.72 -3.264
-10.267 8.666 -2.533
3.51 8.691 -2.555
5.533 8.566 -2.513
8.119 8.782 -2.554
-10.306 8.59 -1.887
3.144 8.662 -1.84
6.8 8.563 -1.883
7.35 8.717 -1.885
-10.504 8.702 -1.261
2.932 8.567 -1.256
-10.76 8.755 -0.612
2.898 8.603 -0.627
-11.439 8.663 -0.032
2.899 8.687 -0.007
-11.911 8.596 0.63
2.919 8.634 0.619
-12.018 8.521 1.286
2.815 8.659 1.139
-11.817 8.532 1.877
2.278 8.684 1.837
-10.804 8.673 2.512
0.031 8.618 2.556
-10.186 8.575 3.257
-0.633 8.619 3.23
-10.024 8.539 3.831
-1.223 8.684 3.797
-9.525 8.568 4.375
-2.489 8.623 4.422
-8.052 8.49 4.957
-3.01 8.663 5.031
-6.963 8.487 5.615
-6.568 8.644 5.589
-11.648 8.63 0.168
-11.557 8.645 2.067
-11.141 8.52 -0.325
-11.152 8.623 2.351
-10.397 8.601 -1.412
-10.379 8.666 2.82
-9.651 8.613 -4.626
-9.729 8.654 4.142
-9.18 8.551 -4.913
-9.145 8.561 4.479
-8.605 8.643 -5.11
-8.546 8.556 4.641
-7.964 8.672 -5.321
-7.778 8.699 5.078
-7.254 8.673 -5.35
-7.27 8.644 5.456
-6.669 8.643 -5.309
-6.666 8.519 5.626
-6.106 8.581 -5.341
-6.066 8.688 5.466
-5.548 8.559 -5.567
-5.419 8.643 5.347
-4.717 8.535 -6.441
-4.794 8.643 5.397
-4.167 8.543 -7.038
-4.126 8.566 5.485
-3.648 8.61 -7.214
-3.452 8.643 5.3
-3.023 8.639 -7.25
-2.823 8.556 4.834
-2.339 8.676 -7.211
-2.222 8.629 4.216
-1.711 8.63 -7.407
-1.699 8.626 3.948
-1.071 8.649 -7.676
-1.06 8.591 3.603
-0.485 8.513 -7.966
-0.374 8.605 2.909
0.349 8.607 -8.902
0.203 8.584 2.373
0.894 8.62 -9.203
0.831 8.643 2.189
1.456 8.59 -9.227
1.394 8.581 2.126
2.081 8.599 -9.133
1.986 8.583 1.996
2.734 8.52 -9.16
2.634 8.62 1.485
3.364 8.717 -9.552
3.349 8.645 -2.369
3.891 8.739 -9.659
3.898 8.646 -2.849
4.758 8.608 -9.23
4.536 8.631 -2.953
5.269 8.706 -9.093
5.177 8.61 -2.739
5.769 8.581 -8.977
5.806 8.678 -2.259
6.327 8.679 -8.856
6.421 8.767 -1.979
7.027 8.628 -8.232
7.183 8.548 -1.793
7.688 8.747 -7.044
7.716 8.729 -2.026
8.342 8.747 -6.592
8.396 8.617 -2.839
-7.312 -8.084 7.468
-7.395 -6.559 7.498
-6.666 -8.564 7.461
-6.769 -6.177 7.397
-5.997 -9.624 7.517
-6.089 -6.166 7.472
-5.308 -12.254 7.444
-5.419 -6.063 7.494
-4.69 -12.41 7.527
-4.873 -5.888 7.389
-4.068 -12.37 7.452
-4.208 -5.27 7.452
-3.421 -11.766 7.428
-3.477 -2.945 7.491
-2.793 -11.07 7.422
-2.888 -2.554 7.394
-2.231 -10.899 7.482
-2.339 -2.511 7.511
-1.642 -10.853 7.372
-1.662 -2.567 7.546
-1.085 -10.65 7.605
-1.022 -2.702 7.517
-0.394 -10.836 7.42
-0.4 -2.758 7.38
0.232 -10.876 7.344
0.285 -2.392 7.517
0.745 -10.486 7.498
0.822 -0.885 7.437
1.449 -9.124 7.443
1.51 0.195 7.486
2.176 -7.973 7.401
2.108 0.534 7.372
2.638 -7.679 7.443
2.602 0.546 7.396
3.295 -7.24 7.415
3.336 0.569 7.417
3.978 -6.696 7.456
4.019 0.619 7.556
4.581 -6.472 7.524
4.583 0.554 7.563
5.231 -6.465 7.351
5.218 0.404 7.519
5.844 -6.11 7.497
5.769 0.367 7.431
6.368 -5.456 7.514
6.4 0.348 7.479
7.104 -3.527 7.365
7.065 0.182 7.472
7.723 -1.073 7.422
7.627 -0.449 7.495
3.614 9.418 -10.002
4.178 9.262 -9.926
0.093 9.314 -9.324
4.911 9.207 -9.407
-0.199 9.295 -8.792
6.32 9.25 -8.782
-0.547 9.378 -8.198
6.862 9.215 -8.262
-0.913 9.343 -7.549
7.358 9.146 -7.559
-1.943 9.297 -6.815
8.105 9.121 -6.878
-4.448 9.299 -6.223
8.766 9.154 -6.255
-8.068 9.423 -5.61
-6.893 9.191 -5.607
-5.709 9.307 -5.634
9.038 9.391 -5.577
-9.942 9.316 -4.935
8.92 9.234 -4.915
-10.285 9.27 -4.421
8.815 9.206 -4.319
-10.324 9.169 -3.756
8.565 9.313 -3.771
-10.346 9.178 -3.162
8.198 9.291 -3.096
-10.493 9.358 -2.589
7.928 9.372 -2.582
-10.496 9.267 -1.926
3.574 9.39 -1.802
6.305 9.237 -1.902
6.702 9.362 -1.89
-10.482 9.241 -1.212
3.188 9.242 -1.182
-10.507 9.264 -0.569
2.911 9.268 -0.565
-10.717 9.227 -0.087
2.676 9.392 0.011
-11.215 9.235 0.76
2.62 9.363 0.514
-11.211 9.24 1.276
2.507 9.319 1.254
-10.636 9.231 1.848
2.01 9.323 1.903
-9.703 9.293 2.614
0.413 9.375 2.511
-9.446 9.316 3.103
-0.075 9.315 3.174
-8.807 9.26 3.734
-0.304 9.416 3.655
-7.753 9.312 4.403
-2.078 9.361 4.361
-7.524 9.241 4.906
-2.769 9.389 4.947
-11.022 9.266 0.372
-11.005 9.264 1.563
-10.409 9.188 -2.815
-10.252 9.324 2.026
-9.646 9.343 -5.105
-9.812 9.388 2.352
-9.055 9.247 -5.176
-9.157 9.303 3.493
-8.442 9.214 -5.347
-8.405 9.271 3.92
-7.765 9.353 -5.683
-7.962 9.372 4.085
-7.196 9.36 -5.723
-7.253 9.286 5.194
-6.623 9.195 -5.554
-6.668 9.135 5.496
-6.014 9.117 -5.529
-6.139 9.339 5.529
-5.353 9.279 -5.773
-5.523 9.211 5.447
-4.762 9.342 -6.032
-4.839 9.28 5.462
-4.2 9.2 -6.49
-4.169 9.268 5.447
-3.648 9.282 -6.727
-3.544 9.268 5.345
-3.023 9.325 -6.748
-3.024 9.18 5.085
-2.413 9.313 -6.696
-2.339 9.323 4.533
-1.735 9.161 -7.066
-1.709 9.245 4.203
-1.209 9.215 -7.363
-1.052 9.225 4.032
-0.389 9.213 -8.346
-0.539 9.26 3.824
0.323 9.281 -9.513
0.133 9.214 2.749
0.876 9.299 -9.75
0.796 9.226 2.247
1.57 9.336 -9.759
1.533 9.216 2.055
2.185 9.328 -9.617
2.188 9.158 1.776
2.824 9.245 -9.649
2.748 9.267 -0.119
3.402 9.21 -9.87
3.333 9.189 -1.498
3.954 9.386 -10.022
3.977 9.326 -2.234
4.582 9.374 -9.735
4.581 9.35 -2.429
5.225 9.313 -9.211
5.251 9.284 -2.335
5.85 9.223 -8.96
5.952 9.301 -2.035
6.506 9.409 -8.609
6.48 9.307 -1.872
7.109 9.386 -7.879
7.068 9.211 -1.965
7.785 9.365 -7.177
7.71 9.206 -2.251
8.377 9.203 -6.725
8.359 9.233 -3.401
8.973 9.324 -6.007
8.957 9.191 -5.25
-5.984 -7.761 8.171
-5.98 -6.817 8.163
-5.472 -9.941 8.163
-5.43 -6.227 8.065
-4.688 -10.453 8.148
-4.793 -5.959 8.074
-4.065 -10.402 8.107
-4.191 -5.496 7.987
-3.44 -10.302 8.08
-3.592 -3.378 8.09
-2.815 -10.308 8.1
-2.929 -2.801 8.092
-2.19 -10.417 8.105
-2.418 -2.631 8.143
-1.569 -10.387 8.051
-1.713 -2.53 8.118
-0.958 -9.998 8.251
-1.118 -2.569 8.146
-0.365 -10.031 8.227
-0.43 -2.655 8.119
0.273 -10.223 8.007
0.265 -2.519 8.082
0.776 -9.79 8.141
0.777 -2.183 8.109
1.411 -9.022 8.014
1.412 -0.308 8.064
2.142 -7.814 7.958
2.037 0.186 7.982
2.702 -7.228 8.097
2.661 0.274 8.133
3.407 -6.825 8.141
3.212 0.473 8.105
4.033 -6.511 8.034
3.916 0.698 8.105
4.711 -6.13 8.1
4.581 0.726 8.119
5.28 -5.926 8.018
5.13 0.591 8.148
5.911 -5.356 8.013
5.772 -4.646 8.143
5.895 -3.407 8.111
5.819 0.263 8.119
6.541 -3.036 8.129
6.471 -0.298 8.207
3 2911 2894 120
3 2911 121 2894
3 3329 3314 122
3 3557 3542 3329
3 3329 3542 3314
3 3557 123 3542
3 2735 2716 124
3 2716 2735 120
3 2735 2911 120
3 2735 2913 2911
3 121 2911 3088
3 2911 3107 3088
3 2911 2913 3107
3 3088 3107 122
3 3107 3329 122
3 3107 3331 3329
3 3559 3329 3331
3 3557 3329 3559
3 123 3557 3766
3 3557 3785 3766
3 3557 3559 3785
3 3785 125 3766
3 126 2737 124
3 124 2737 2735
3 2915 2735 2737
3 2913 2735 2915
3 3109 2913 2915
3 3107 2913 3109
3 3333 3107 3109
3 3331 3107 3333
3 3561 3331 3333
3 3559 3331 3561
3 3789 3559 3561
3 3785 3559 3789
3 125 3785 127
3 127 3785 3789
3 128 2739 126
3 126 2739 2737
3 2739 288 2896
3 2915 2739 2896
3 2737 2739 2915
3 2915 2896 3090
3 2915 3090 3109
3 3109 3090 3316
3 3109 3316 3333
3 3333 3316 289
3 3563 3333 289
3 3561 3333 3563
3 3793 3561 3563
3 3789 3561 3793
3 127 3789 4020
3 3789 4033 4020
3 3789 3793 4033
3 4273 4262 4033
3 4033 4262 4020
3 4511 4502 4273
3 4273 4502 4262
3 4511 129 4502
3 2739 128 2718
3 128 290 2718
3 128 130 290
3 288 2739 2718
3 3544 3563 289
3 3563 3544 3768
3 3563 3768 3793
3 3793 3768 4022
3 3793 4022 4033
3 4033 4022 4264
3 4033 4264 4273
3 4273 4264 4504
3 4273 4504 4511
3 4744 129 4511
3 4504 4744 4511
3 4746 4744 4504
3 4746 4980 4744
3 4982 4980 4746
3 4982 291 4980
3 4980 291 131
3 292 130 132
3 292 290 130
3 291 5236 5272
3 133 291 5272
3 131 291 133
3 5236 293 5272
3 2719 292 2745
3 292 134 2745
3 292 132 134
3 294 2719 2745
3 5272 5232 133
3 5272 293 5232
3 293 135 5232
3 293 295 135
3 136 2747 134
3 134 2747 2745
3 294 2745 2747
3 294 2747 296
3 135 297 137
3 295 297 135
3 138 2749 136
3 136 2749 2747
3 296 2747 2749
3 296 2749 298
3 5237 299 139
3 5237 139 5233
3 5233 137 5237
3 5237 137 297
3 2749 138 2720
3 138 300 2720
3 138 140 300
3 298 2749 2720
3 139 301 141
3 299 301 139
3 2721 300 2753
3 300 142 2753
3 300 140 142
3 302 2721 2753
3 303 5291 5234
3 141 303 5234
3 301 303 141
3 5291 143 5234
3 2717 2753 142
3 2897 302 2933
3 2933 302 144
3 302 2753 144
3 2753 2717 144
3 304 2897 2933
3 5238 5291 303
3 5238 305 5291
3 305 143 5291
3 305 145 143
3 2895 2933 144
3 2933 2895 304
3 2895 3091 304
3 2895 3089 3091
3 3315 3091 3089
3 3315 3317 3091
3 3315 146 3583
3 3545 3315 3583
3 3317 3315 3545
3 306 3545 3583
3 307 5529 5488
3 145 307 5488
3 305 307 145
3 5529 147 5488
3 3543 3583 146
3 306 3583 3543
3 148 306 3543
3 308 306 148
3 309 5531 5529
3 309 5529 307
3 147 5529 5720
3 5529 5767 5720
3 5529 5531 5767
3 6023 5976 5767
3 5767 5976 5720
3 6023 149 5976
3 310 148 150
3 310 308 148
3 5490 5531 309
3 5531 5490 5722
3 5531 5722 5767
3 5767 5722 5978
3 5767 5978 6023
3 6238 149 6023
3 5978 6238 6023
3 6240 6238 5978
3 6240 311 6238
3 6238 311 151
3 3769 310 3821
3 310 152 3821
3 310 150 152
3 312 3769 3821
3 4505 313 4547
3 4505 4547 4793
3 4505 4793 4747
3 314 4747 4793
3 6532 151 311
3 6532 311 6534
3 6534 315 6532
3 6532 315 153
3 3767 3821 152
3 3821 3767 312
3 3767 4023 312
3 3767 4021 4023
3 4021 154 4319
3 4265 4021 4319
3 4023 4021 4265
3 4547 313 4265
3 4547 4265 4319
3 4503 4547 4319
3 155 4503 4319
3 156 4795 4503
3 4795 4547 4503
3 4795 4793 4547
3 5033 4983 314
3 4793 5033 314
3 4795 5033 4793
3 4983 5033 5305
3 4983 5305 5239
3 316 5239 5305
3 153 317 157
3 315 317 153
3 4263 4319 154
3 155 4319 4263
3 4745 4795 156
3 4981 5033 4745
3 4745 5033 4795
3 5235 5305 4981
3 4981 5305 5033
3 316 5305 5235
3 158 316 5235
3 318 316 158
3 6535 319 6603
3 6603 159 6535
3 159 317 6535
3 159 157 317
3 158 5489 318
3 318 5489 5491
3 5489 160 5779
3 5723 5489 5779
3 5491 5489 5723
3 320 5723 5779
3 6241 321 6307
3 6603 319 6241
3 6603 6241 6307
3 6533 6603 6307
3 161 6533 6307
3 159 6603 6533
3 5721 5779 160
3 5779 5721 320
3 5721 5979 320
3 5721 5977 5979
3 321 5979 6307
3 5979 6239 6307
3 5979 5977 6239
3 161 6307 6239
3 2917 2896 288
3 3111 3090 2917
3 2917 3090 2896
3 3335 3316 3111
3 3111 3316 3090
3 3335 289 3316
3 2741 2718 290
3 2898 2917 288
3 2898 288 2718
3 440 2898 2718
3 2741 440 2718
3 2917 2898 3092
3 2917 3092 3111
3 3111 3092 441
3 3337 3111 441
3 3335 3111 3337
3 289 3335 3544
3 3335 3565 3544
3 3335 3337 3565
3 3795 3768 3565
3 3565 3768 3544
3 4035 4022 3795
3 3795 4022 3768
3 4275 4264 4035
3 4035 4264 4022
3 442 4506 4275
3 4506 4264 4275
3 4506 4504 4264
3 4506 4746 4504
3 4748 4746 4506
3 4748 4982 4746
3 4984 4982 4748
3 4984 443 4982
3 4982 443 291
3 292 2743 290
3 290 2743 2741
3 440 2741 2743
3 440 2743 444
3 445 3339 3337
3 445 3337 441
3 3567 3337 3339
3 3565 3337 3567
3 3567 446 3770
3 3795 3567 3770
3 3565 3567 3795
3 3795 3770 4024
3 3795 4024 4035
3 4035 4024 4266
3 4035 4266 4275
3 442 4275 4266
3 5236 291 443
3 5236 443 5240
3 5240 447 5236
3 5236 447 293
3 2719 2743 292
3 2899 444 2923
3 2923 444 294
3 444 2743 294
3 2743 2719 294
3 2899 2923 3117
3 2899 3117 3093
3 3339 445 3093
3 3117 3339 3093
3 3341 3339 3117
3 3569 3339 3341
3 3567 3339 3569
3 446 3567 3569
3 446 3569 448
3 293 449 295
3 447 449 293
3 296 2925 294
3 294 2925 2923
3 3119 2923 2925
3 3117 2923 3119
3 3343 3117 3119
3 3341 3117 3343
3 3571 3341 3343
3 3569 3341 3571
3 448 3569 3571
3 448 3571 450
3 295 451 297
3 449 451 295
3 298 2927 296
3 296 2927 2925
3 2927 452 3094
3 3119 2927 3094
3 2925 2927 3119
3 3119 3094 3318
3 3119 3318 3343
3 3343 3318 3546
3 3343 3546 3571
3 3803 3771 450
3 3571 3803 450
3 3803 3546 453
3 3803 3571 3546
3 454 3771 3803
3 5241 455 299
3 5241 299 5237
3 5237 297 5241
3 5241 297 451
3 2751 2720 300
3 2900 2927 298
3 2900 298 2720
3 456 2900 2720
3 2751 456 2720
3 452 2927 2900
3 3772 3803 453
3 454 3803 3772
3 299 457 301
3 455 457 299
3 2721 2751 300
3 2901 456 2931
3 2931 456 302
3 456 2751 302
3 2751 2721 302
3 458 2901 2931
3 301 459 303
3 457 459 301
3 2897 2931 302
3 3095 458 3127
3 3127 458 304
3 458 2931 304
3 2931 2897 304
3 3095 3127 3351
3 3095 3351 3319
3 3319 3351 3579
3 3319 3579 3547
3 460 3547 3579
3 461 5295 5238
3 303 461 5238
3 459 461 303
3 5295 305 5238
3 3091 3127 304
3 3317 3351 3091
3 3091 3351 3127
3 3545 3579 3317
3 3317 3579 3351
3 3773 460 3813
3 3813 460 306
3 460 3579 306
3 3579 3545 306
3 462 3773 3813
3 463 5297 5295
3 463 5295 461
3 305 5295 307
3 307 5295 5297
3 308 3817 306
3 306 3817 3813
3 4069 4025 462
3 3813 4069 462
3 3817 4069 3813
3 4025 4069 4313
3 4025 4313 4267
3 4267 4313 4543
3 4267 4543 4507
3 4507 4543 4789
3 4507 4789 4749
3 4749 4789 5027
3 4749 5027 4985
3 5297 463 4985
3 5027 5297 4985
3 5299 5297 5027
3 307 5297 309
3 309 5297 5299
3 310 3819 308
3 308 3819 3817
3 4071 3817 3819
3 4069 3817 4071
3 4315 4069 4071
3 4313 4069 4315
3 4545 4313 4315
3 4543 4313 4545
3 4791 4543 4545
3 4789 4543 4791
3 5029 4789 4791
3 5027 4789 5029
3 5301 5027 5029
3 5299 5027 5301
3 309 5299 5490
3 5299 5533 5490
3 5299 5301 5533
3 5769 5722 5533
3 5533 5722 5490
3 6027 5978 5769
3 5769 5978 5722
3 6295 6240 6027
3 6027 6240 5978
3 6295 311 6240
3 3769 3819 310
3 312 4073 3769
3 4073 3819 3769
3 4073 4071 3819
3 4317 4071 4073
3 4315 4071 4317
3 4505 4545 313
3 4545 4317 313
3 4545 4315 4317
3 4747 4791 4505
3 4505 4791 4545
3 314 5031 4747
3 5031 4791 4747
3 5031 5029 4791
3 5303 5029 5031
3 5301 5029 5303
3 5535 5301 5303
3 5533 5301 5535
3 5535 464 5724
3 5769 5535 5724
3 5533 5535 5769
3 5769 5724 5980
3 5769 5980 6027
3 6027 5980 465
3 6299 6027 465
3 6295 6027 6299
3 311 6295 6534
3 6295 6593 6534
3 6295 6299 6593
3 6593 315 6534
3 4023 4073 312
3 4265 4317 4023
3 4023 4317 4073
3 313 4317 4265
3 4983 5031 314
3 5239 5303 4983
3 4983 5303 5031
3 316 5537 5239
3 5537 5303 5239
3 5537 5535 5303
3 464 5535 5537
3 464 5537 466
3 6242 6299 465
3 6299 6242 467
3 6599 6299 467
3 6593 6299 6599
3 315 6593 317
3 317 6593 6599
3 318 5539 316
3 316 5539 5537
3 5775 5725 466
3 5537 5775 466
3 5539 5775 5537
3 5725 5775 6033
3 5725 6033 5981
3 5981 6033 6305
3 5981 6305 6243
3 6599 467 6243
3 6599 6243 6305
3 6535 6599 6305
3 319 6535 6305
3 317 6599 6535
3 5491 5539 318
3 5723 5775 5491
3 5491 5775 5539
3 320 6035 5723
3 6035 5775 5723
3 6035 6033 5775
3 6241 6305 321
3 6305 6035 321
3 6305 6033 6035
3 319 6305 6241
3 5979 6035 320
3 321 6035 5979
3 2919 2898 440
3 3113 3092 2919
3 2919 3092 2898
3 3113 441 3092
3 4515 4506 442
3 4761 4748 4515
3 4515 4748 4506
3 4993 4984 4761
3 4761 4984 4748
3 4993 443 4984
3 444 2921 440
3 440 2921 2919
3 3115 2919 2921
3 3113 2919 3115
3 441 3113 445
3 445 3113 3115
3 3797 3770 446
3 4037 4024 3797
3 3797 4024 3770
3 4281 4266 4037
3 4037 4266 4024
3 4508 4515 442
3 4508 442 4266
3 592 4508 4266
3 4281 592 4266
3 4515 4508 4750
3 4515 4750 4761
3 4761 4750 4986
3 4761 4986 4993
3 593 5273 5240
3 593 5240 443
3 4986 593 443
3 4993 4986 443
3 5273 447 5240
3 2899 2921 444
3 3093 3115 2899
3 2899 3115 2921
3 445 3115 3093
3 448 3799 446
3 446 3799 3797
3 4041 3797 3799
3 4037 3797 4041
3 4041 594 4268
3 4281 4041 4268
3 4037 4041 4281
3 592 4281 4268
3 595 5277 5273
3 595 5273 593
3 447 5273 449
3 449 5273 5277
3 450 3801 448
3 448 3801 3799
3 4047 3799 3801
3 4041 3799 4047
3 594 4041 4047
3 594 4047 596
3 597 5281 5277
3 597 5277 595
3 449 5277 451
3 451 5277 5281
3 3121 3094 452
3 3345 3318 3121
3 3121 3318 3094
3 3573 3546 3345
3 3345 3546 3318
3 3546 3573 453
3 3801 450 3771
3 454 4051 3771
3 4051 3801 3771
3 4051 4047 3801
3 4295 4269 596
3 4047 4295 596
3 4051 4295 4047
3 598 4269 4295
3 4987 599 5011
3 5281 597 4987
3 5281 4987 5011
3 5241 5281 5011
3 455 5241 5011
3 451 5281 5241
3 2929 2900 456
3 2900 2929 452
3 2929 3121 452
3 2929 3123 3121
3 3347 3121 3123
3 3345 3121 3347
3 3575 3345 3347
3 3573 3345 3575
3 453 3573 3772
3 3573 3805 3772
3 3573 3575 3805
3 3772 3805 454
3 3805 4051 454
3 3805 4055 4051
3 4301 4051 4055
3 4295 4051 4301
3 4535 4509 598
3 4295 4535 598
3 4301 4535 4295
3 4509 4535 4781
3 4509 4781 4751
3 5011 599 4751
3 4781 5011 4751
3 5017 5011 4781
3 455 5011 457
3 457 5011 5017
3 2901 2929 456
3 458 3125 2901
3 3125 2929 2901
3 3125 3123 2929
3 3349 3123 3125
3 3347 3123 3349
3 3577 3347 3349
3 3575 3347 3577
3 3807 3575 3577
3 3805 3575 3807
3 4059 3805 3807
3 4055 3805 4059
3 4305 4055 4059
3 4301 4055 4305
3 4537 4301 4305
3 4535 4301 4537
3 4783 4535 4537
3 4781 4535 4783
3 5021 4781 4783
3 5017 4781 5021
3 457 5017 459
3 459 5017 5021
3 3095 3125 458
3 3319 3349 3095
3 3095 3349 3125
3 3547 3577 3319
3 3319 3577 3349
3 460 3809 3547
3 3809 3577 3547
3 3809 3807 3577
3 4063 3807 3809
3 4059 3807 4063
3 4309 4059 4063
3 4305 4059 4309
3 4539 4305 4309
3 4537 4305 4539
3 4539 600 4752
3 4783 4539 4752
3 4537 4539 4783
3 4783 4752 601
3 5023 4783 601
3 5021 4783 5023
3 459 5021 461
3 461 5021 5023
3 3773 3809 460
3 462 4067 3773
3 4067 3809 3773
3 4067 4063 3809
3 4311 4063 4067
3 4309 4063 4311
3 4541 4309 4311
3 4539 4309 4541
3 4787 4753 600
3 4539 4787 600
3 4541 4787 4539
3 5023 601 4753
3 4787 5023 4753
3 5025 5023 4787
3 461 5023 463
3 463 5023 5025
3 4025 4067 462
3 4267 4311 4025
3 4025 4311 4067
3 4507 4541 4267
3 4267 4541 4311
3 4749 4787 4507
3 4507 4787 4541
3 4985 5025 4749
3 4749 5025 4787
3 463 5025 4985
3 5771 5724 464
3 6029 5980 5771
3 5771 5980 5724
3 6029 465 5980
3 466 5773 464
3 464 5773 5771
3 6031 5771 5773
3 6029 5771 6031
3 465 6029 6242
3 6029 6303 6242
3 6029 6031 6303
3 6303 467 6242
3 5725 5773 466
3 5981 6031 5725
3 5725 6031 5773
3 6243 6303 5981
3 5981 6303 6031
3 467 6303 6243
3 4521 4508 592
3 4765 4750 4521
3 4521 4750 4508
3 4997 4986 4765
3 4765 4986 4750
3 4997 593 4986
3 4285 4268 594
3 4268 4285 592
3 4285 4521 592
3 4285 4525 4521
3 4525 726 4754
3 4765 4525 4754
3 4521 4525 4765
3 4765 4754 727
3 5003 4765 727
3 4997 4765 5003
3 593 4997 595
3 595 4997 5003
3 596 4289 594
3 594 4289 4285
3 4529 4285 4289
3 4525 4285 4529
3 4775 4755 726
3 4525 4775 726
3 4529 4775 4525
3 5003 727 4755
3 4775 5003 4755
3 5007 5003 4775
3 595 5003 597
3 597 5003 5007
3 4269 4289 596
3 598 4533 4269
3 4533 4289 4269
3 4533 4529 4289
3 4779 4529 4533
3 4775 4529 4779
3 4987 5007 599
3 5007 4779 599
3 5007 4775 4779
3 597 5007 4987
3 4509 4533 598
3 4751 4779 4509
3 4509 4779 4533
3 599 4779 4751
3 4785 4752 600
3 4785 601 4752
3 4753 4785 600
3 601 4785 4753
3 4769 4754 726
3 4769 727 4754
3 4755 4769 726
3 727 4769 4755
3 2212 4432 4530
3 4432 2213 4530
3 4530 4433 2212
3 4530 2213 4433
3 2344 4192 4286
3 4286 4192 4526
3 4526 4192 4434
3 4526 4434 4770
3 4770 4434 4676
3 4770 4676 5004
3 5004 4676 4910
3 4910 2345 5004
3 4290 2346 4286
3 4286 2346 2344
3 4526 4432 2212
3 4290 4526 2212
3 4286 4526 4290
3 4776 2213 4432
3 4526 4776 4432
3 4770 4776 4526
3 4770 5008 4776
3 4770 5004 5008
3 5004 2345 5008
3 5008 2345 2347
3 4296 2348 4290
3 4290 2348 2346
3 4290 2212 4433
3 4534 4290 4433
3 4296 4290 4534
3 4534 4433 2213
3 4776 4534 2213
3 4780 4534 4776
3 4776 5012 4780
3 4776 5008 5012
3 5008 2347 5012
3 5012 2347 2349
3 4296 4193 2348
3 4193 4296 2350
3 4296 4536 2350
3 4296 4534 4536
3 4534 4782 4536
3 4534 4780 4782
3 2351 4782 4911
3 4782 5012 4911
3 4782 4780 5012
3 5012 2349 4911
3 4536 4435 2350
3 4435 4536 4677
3 4677 4536 4782
3 4782 2351 4677
3 2472 4194 4282
3 4282 4194 4522
3 4522 4194 4436
3 4522 4436 4766
3 4766 4436 4678
3 4766 4678 4998
3 4998 4678 4912
3 4912 2473 4998
3 4192 2344 4282
3 2344 2472 4282
3 2344 2474 2472
3 4522 4434 4192
3 4522 4192 4282
3 4766 4676 4434
3 4766 4434 4522
3 4998 4910 4676
3 4998 4676 4766
3 2473 5148 5278
3 2473 5278 2345
3 4998 2473 2345
3 4910 4998 2345
3 5278 5148 5514
3 5514 5148 5420
3 5420 2475 5514
3 2476 3940 4048
3 2346 4048 3940
3 2474 2346 3940
3 2344 2346 2474
3 5282 2347 2345
3 5282 2345 5278
3 2477 5282 5421
3 5282 5514 5421
3 5282 5278 5514
3 5514 2475 5421
3 4052 2478 4048
3 4048 2478 2476
3 4048 2346 2348
3 4048 2348 4052
3 5284 2349 2347
3 5284 2347 5282
3 5282 2477 5284
3 5284 2477 2479
3 4052 3941 2478
3 4302 2480 4193
3 4193 2480 2348
3 2480 3941 2348
3 3941 4052 2348
3 2350 4302 4193
3 4911 5018 2351
3 5018 4911 2349
3 5284 5018 2349
3 5288 5018 5284
3 5284 2479 5288
3 5288 2479 2481
3 4306 2482 4302
3 4302 2482 2480
3 4302 2350 4435
3 4538 4302 4435
3 4306 4302 4538
3 4677 4784 4538
3 4677 4538 4435
3 4784 4677 2351
3 5018 4784 2351
3 5022 4784 5018
3 5018 5292 5022
3 5018 5288 5292
3 5422 5524 2481
3 5524 5288 2481
3 5524 5292 5288
3 5422 2483 5524
3 4310 2484 4306
3 4306 2484 2482
3 4306 4540 4310
3 4306 4538 4540
3 4538 4786 4540
3 4538 4784 4786
3 4784 5024 4786
3 4784 5022 5024
3 5022 5296 5024
3 5022 5292 5296
3 5292 5528 5296
3 5292 5524 5528
3 5524 2483 5528
3 5528 2483 2485
3 4312 2486 4310
3 4310 2486 2484
3 4310 4542 4312
3 4310 4540 4542
3 4540 4788 4542
3 4540 4786 4788
3 4786 5026 4788
3 4786 5024 5026
3 5024 5298 5026
3 5024 5296 5298
3 5296 5530 5298
3 5296 5528 5530
3 5528 2485 5530
3 5530 2485 2487
3 4312 4195 2486
3 4195 4312 2488
3 4312 4544 2488
3 4312 4542 4544
3 4542 4790 4544
3 4542 4788 4790
3 2489 4790 4913
3 4790 5026 4913
3 4790 4788 5026
3 4913 5026 5149
3 5149 5026 5298
3 5149 5298 5423
3 5423 5298 5530
3 5530 2487 5423
3 4544 4437 2488
3 4437 4544 4679
3 4679 4544 4790
3 4790 2489 4679
3 2490 3246 3370
3 3370 3246 3594
3 3594 3246 3472
3 3472 2491 3594
3 3372 2492 3370
3 3370 2492 2490
3 3370 3596 3372
3 3370 3594 3596
3 3594 2491 3596
3 3596 2491 2493
3 3372 3247 2492
3 3247 3372 3473
3 3473 3372 3596
3 3596 2493 3473
3 2618 5656 5736
3 5656 2619 5736
3 2620 5424 5504
3 2618 5736 5424
3 5736 5504 5424
3 5736 5738 5504
3 5910 5992 2619
3 5992 5736 2619
3 5992 5738 5736
3 5992 5910 6262
3 6262 5910 6160
3 6262 6160 6558
3 6558 6160 6452
3 6452 2621 6558
3 5506 2622 5504
3 5504 2622 2620
3 5504 5740 5506
3 5504 5738 5740
3 5738 5994 5740
3 5738 5992 5994
3 5992 6264 5994
3 5992 6262 6264
3 6262 6560 6264
3 6262 6558 6560
3 6558 2621 6560
3 6560 2621 2623
3 5508 2624 5506
3 5506 2624 2622
3 5506 5742 5508
3 5506 5740 5742
3 5740 5996 5742
3 5740 5994 5996
3 5994 6266 5996
3 5994 6264 6266
3 6264 6562 6266
3 6264 6560 6562
3 6560 2623 6562
3 6562 2623 2625
3 2626 5150 5266
3 2624 5508 5150
3 5508 5266 5150
3 5508 5510 5266
3 5508 5744 5510
3 5508 5742 5744
3 5742 5998 5744
3 5742 5996 5998
3 5996 6268 5998
3 5996 6266 6268
3 6266 6564 6268
3 6266 6562 6564
3 6746 6844 2625
3 6844 6562 2625
3 6844 6564 6562
3 6746 2627 6844
3 2628 4196 2472
3 2472 4196 4194
3 4196 4436 4194
3 4438 4436 4196
3 4438 4678 4436
3 4680 4678 4438
3 4680 4912 4678
3 4914 4912 4680
3 5266 5274 2473
3 4914 5266 2473
3 4912 4914 2473
3 5266 4914 2626
3 5266 5512 5274
3 5266 5510 5512
3 5510 5746 5512
3 5510 5744 5746
3 5744 6000 5746
3 5744 5998 6000
3 5998 6270 6000
3 5998 6268 6270
3 6268 6566 6270
3 6268 6564 6566
3 6564 6846 6566
3 6564 6844 6846
3 6844 2627 6846
3 6846 2627 2629
3 2630 3942 4042
3 2474 4042 3942
3 2628 2474 3942
3 2472 2474 2628
3 5274 5148 2473
3 5512 5420 5148
3 5512 5148 5274
3 5748 2475 5420
3 5512 5748 5420
3 5746 5748 5512
3 5746 6002 5748
3 5746 6000 6002
3 6000 6272 6002
3 6000 6270 6272
3 6270 6568 6272
3 6270 6566 6568
3 2631 6568 6747
3 6568 6846 6747
3 6568 6566 6846
3 6846 2629 6747
3 3940 2476 4042
3 2476 2630 4042
3 2476 2632 2630
3 4042 2474 3940
3 5421 5516 2477
3 5516 5421 2475
3 5748 5516 2475
3 5750 5516 5748
3 5748 6004 5750
3 5748 6002 6004
3 6002 6274 6004
3 6002 6272 6274
3 2633 6274 6453
3 6274 6568 6453
3 6274 6272 6568
3 6568 2631 6453
3 2634 2476 2478
3 2634 2632 2476
3 5518 2479 2477
3 5518 2477 5516
3 5516 5752 5518
3 5516 5750 5752
3 2635 5752 5911
3 5752 6004 5911
3 5752 5750 6004
3 5911 6004 6161
3 6161 6004 6274
3 6274 2633 6161
3 2478 3941 2634
3 2634 3941 3943
3 2636 3943 3941
3 2636 3941 2480
3 5520 2481 2479
3 5520 2479 5518
3 5518 5754 5520
3 5518 5752 5754
3 5912 6008 2635
3 6008 5752 2635
3 6008 5754 5752
3 6008 5912 6278
3 6278 5912 6162
3 6162 2637 6278
3 2638 2480 2482
3 2638 2636 2480
3 5520 5422 2481
3 5758 2483 5422
3 5520 5758 5422
3 5754 5758 5520
3 5754 6012 5758
3 5754 6008 6012
3 2639 6012 6163
3 6012 6278 6163
3 6012 6008 6278
3 6278 2637 6163
3 2640 2482 2484
3 2640 2638 2482
3 5762 2485 2483
3 5762 2483 5758
3 2641 5762 5913
3 5762 6012 5913
3 5762 5758 6012
3 6012 2639 5913
3 2642 2484 2486
3 2642 2640 2484
3 5766 2487 2485
3 5766 2485 5762
3 5762 2641 5766
3 5766 2641 2643
3 4314 2644 4195
3 2644 2486 4195
3 2644 2642 2486
3 2488 4314 4195
3 4913 5028 2489
3 5149 5300 5028
3 5149 5028 4913
3 5423 5532 5300
3 5423 5300 5149
3 5766 5657 2487
3 2487 5657 5423
3 5657 2645 5423
3 2645 5532 5423
3 5766 2643 5657
3 2646 3474 3590
3 3590 3474 3820
3 3820 3474 3696
3 3696 2647 3820
3 4316 2648 4314
3 4314 2648 2644
3 4314 2488 4437
3 4546 4314 4437
3 4316 4314 4546
3 4679 4792 4546
3 4679 4546 4437
3 4792 4679 2489
3 5028 4792 2489
3 5030 4792 5028
3 5028 5302 5030
3 5028 5300 5302
3 5300 5534 5302
3 5300 5532 5534
3 5532 2645 5534
3 5534 2645 2649
3 2650 3022 3142
3 3142 3022 3368
3 3368 3022 3248
3 2646 3590 3248
3 3590 3368 3248
3 3590 3592 3368
3 3590 3822 3592
3 3590 3820 3822
3 3820 2647 3822
3 3822 2647 2651
3 4316 4197 2648
3 4197 4316 4439
3 4439 4316 4546
3 4439 4546 4681
3 4681 4546 4792
3 4681 4792 2652
3 4792 5032 2652
3 4792 5030 5032
3 5030 5304 5032
3 5030 5302 5304
3 5302 5536 5304
3 5302 5534 5536
3 5534 2649 5536
3 5536 2649 2653
3 3146 2654 3142
3 3142 2654 2650
3 3368 3246 2490
3 3146 3368 2490
3 3142 3368 3146
3 3592 3472 3246
3 3592 3246 3368
3 3824 2491 3472
3 3592 3824 3472
3 3822 3824 3592
3 3944 4076 2651
3 4076 3822 2651
3 4076 3824 3822
3 3944 2655 4076
3 5032 4915 2652
3 4915 5032 5151
3 5151 5032 5304
3 5151 5304 5425
3 5425 5304 5536
3 5536 2653 5425
3 3148 2656 3146
3 3146 2656 2654
3 3146 2490 2492
3 3146 2492 3148
3 3828 2493 2491
3 3828 2491 3824
3 2657 3828 3945
3 3828 4076 3945
3 3828 3824 4076
3 4076 2655 3945
3 3150 2658 3148
3 3148 2658 2656
3 3148 2492 3247
3 3374 3148 3247
3 3150 3148 3374
3 3473 3598 3374
3 3473 3374 3247
3 3598 3473 2493
3 3828 3598 2493
3 3832 3598 3828
3 3828 2657 3832
3 3832 2657 2659
3 3150 3023 2658
3 3023 3150 3249
3 3249 3150 3374
3 3249 3374 3475
3 3475 3374 3598
3 3475 3598 3697
3 3697 3598 3832
3 3832 2659 3697
3 2788 5426 5494
3 5494 5426 5728
3 5728 5426 5658
3 5658 2789 5728
3 5496 2790 5494
3 5494 2790 2788
3 5494 5730 5496
3 5494 5728 5730
3 5914 5984 2789
3 5984 5728 2789
3 5984 5730 5728
3 5914 2791 5984
3 5498 2792 5496
3 5496 2792 2790
3 5496 5732 5498
3 5496 5730 5732
3 5730 5986 5732
3 5730 5984 5986
3 5984 2791 5986
3 5986 2791 2793
3 5500 2794 5498
3 5498 2794 2792
3 5498 5734 5500
3 5498 5732 5734
3 5732 5988 5734
3 5732 5986 5988
3 6164 6258 2793
3 6258 5986 2793
3 6258 5988 5986
3 6164 2795 6258
3 5502 2796 5500
3 5500 2796 2794
3 5734 5656 2618
3 5502 5734 2618
3 5500 5734 5502
3 5990 2619 5656
3 5734 5990 5656
3 5988 5990 5734
3 5988 6260 5990
3 5988 6258 6260
3 6454 6556 2795
3 6556 6258 2795
3 6556 6260 6258
3 6556 6454 6836
3 6836 6454 6748
3 6748 2797 6836
3 2798 5152 5252
3 2796 5502 5152
3 5152 5502 5252
3 5502 5424 5252
3 5424 2620 5252
3 5502 2618 5424
3 5990 5910 2619
3 6260 6160 5910
3 6260 5910 5990
3 6556 6452 6160
3 6556 6160 6260
3 6838 2621 6452
3 6556 6838 6452
3 6836 6838 6556
3 6836 2797 6838
3 6838 2797 2799
3 5256 2800 5252
3 5252 2800 2798
3 5252 2620 2622
3 5252 2622 5256
3 6840 2623 2621
3 6840 2621 6838
3 6838 2799 6840
3 6840 2799 2801
3 5260 2802 5256
3 5256 2802 2800
3 5256 2622 2624
3 5256 2624 5260
3 6842 2625 2623
3 6842 2623 6840
3 6840 2801 6842
3 6842 2801 2803
3 2804 4440 4516
3 4516 4440 4762
3 4762 4440 4682
3 4762 4682 4994
3 4994 4682 4916
3 2802 5260 4916
3 4916 5260 4994
3 5260 5150 4994
3 5150 2626 4994
3 5260 2624 5150
3 6842 6746 2625
3 6842 2803 6746
3 2803 2627 6746
3 2803 2805 2627
3 2806 4198 2628
3 2628 4198 4196
3 4198 2804 4516
3 4438 4198 4516
3 4196 4198 4438
3 4762 4680 4438
3 4762 4438 4516
3 4994 4914 4680
3 4994 4680 4762
3 4994 2626 4914
3 2627 2807 2629
3 2805 2807 2627
3 4043 3942 2630
3 2628 3942 4043
3 2808 2628 4043
3 2806 2628 2808
3 6747 6848 2631
3 6747 2629 6848
3 2629 2809 6848
3 2629 2807 2809
3 4043 2630 3946
3 2630 2810 3946
3 2630 2632 2810
3 2808 4043 3946
3 6453 6570 2633
3 6848 6749 2631
3 2631 6749 6453
3 6749 2811 6453
3 2811 6570 6453
3 6848 2809 6749
3 3947 2810 4053
3 2810 2634 4053
3 2810 2632 2634
3 2812 3947 4053
3 5911 6006 2635
3 6161 6276 6006
3 6161 6006 5911
3 6276 6161 2633
3 6570 6276 2633
3 6572 6276 6570
3 6570 2811 6572
3 6572 2811 2813
3 3943 4053 2634
3 2812 4053 3943
3 2636 2812 3943
3 2814 2812 2636
3 6006 5912 2635
3 6276 6162 5912
3 6276 5912 6006
3 6574 2637 6162
3 6276 6574 6162
3 6572 6574 6276
3 6572 2813 6574
3 6574 2813 2815
3 2816 3948 4060
3 2638 4060 3948
3 2814 2638 3948
3 2636 2638 2814
3 6163 6280 2639
3 6280 6163 2637
3 6574 6280 2637
3 6576 6280 6574
3 6574 2815 6576
3 6576 2815 2817
3 4064 2818 4060
3 4060 2818 2816
3 4060 2638 2640
3 4060 2640 4064
3 5913 6016 2641
3 6016 5913 2639
3 6280 6016 2639
3 6284 6016 6280
3 2819 6284 6455
3 6284 6576 6455
3 6284 6280 6576
3 6576 2817 6455
3 2820 3250 3356
3 3356 3250 3584
3 3584 3250 3476
3 3584 3476 3814
3 3814 3476 3698
3 2818 4064 3698
3 4064 3814 3698
3 4064 4068 3814
3 4064 2640 2642
3 4064 2642 4068
3 2641 6016 5915
3 2821 2641 5915
3 2643 2641 2821
3 5915 6016 6165
3 6165 6016 6284
3 6284 2819 6165
3 3360 2822 3356
3 3356 2822 2820
3 3356 3588 3360
3 3356 3584 3588
3 3584 3818 3588
3 3584 3814 3818
3 3814 4070 3818
3 3814 4068 4070
3 4068 2642 2644
3 4068 2644 4070
3 5659 2823 2645
3 5659 2645 5657
3 5657 2643 5659
3 5659 2643 2821
3 3364 2824 3360
3 3360 2824 2822
3 3588 3474 2646
3 3364 3588 2646
3 3360 3588 3364
3 3818 3696 3474
3 3818 3474 3588
3 4072 2647 3696
3 3818 4072 3696
3 4070 4072 3818
3 4070 2644 2648
3 4070 2648 4072
3 2645 2825 2649
3 2823 2825 2645
3 2826 3024 2650
3 2650 3024 3022
3 3024 2824 3364
3 3248 3024 3364
3 3022 3024 3248
3 3364 2646 3248
3 4074 2651 2647
3 4074 2647 4072
3 4072 2648 4197
3 4318 4072 4197
3 4074 4072 4318
3 4439 4548 4318
3 4439 4318 4197
3 4681 4794 4548
3 4681 4548 4439
3 2652 4794 4681
3 2649 2827 2653
3 2825 2827 2649
3 2828 2650 2654
3 2828 2826 2650
3 4074 3944 2651
3 4320 2655 3944
3 4074 4320 3944
3 4318 4320 4074
3 4318 4550 4320
3 4318 4548 4550
3 4548 4796 4550
3 4548 4794 4796
3 4794 2652 4915
3 5034 4794 4915
3 4796 4794 5034
3 5151 5306 5034
3 5151 5034 4915
3 5425 5538 5306
3 5425 5306 5151
3 5425 2653 5538
3 2653 2829 5538
3 2653 2827 2829
3 2830 2836 2946
3 2656 2946 2836
3 2828 2656 2836
3 2654 2656 2828
3 3945 4078 2657
3 4078 3945 2655
3 4320 4078 2655
3 4322 4078 4320
3 4320 4552 4322
3 4320 4550 4552
3 2831 4552 4683
3 4552 4796 4683
3 4552 4550 4796
3 4683 4796 4917
3 4917 4796 5034
3 4917 5034 5153
3 5153 5034 5306
3 5153 5306 5427
3 5427 5306 5538
3 5538 2829 5427
3 2946 2837 2830
3 2832 2837 2946
3 2656 2832 2946
3 2658 2832 2656
3 2657 4078 3949
3 2833 2657 3949
3 2659 2657 2833
3 3949 4078 4199
3 4199 4078 4322
3 4199 4322 4441
3 4441 4322 4552
3 4552 2831 4441
3 2658 3023 2832
3 2832 3023 3025
3 3249 3376 2834
3 3025 3249 2834
3 3023 3249 3025
3 3475 3600 3376
3 3475 3376 3249
3 3699 2835 3600
3 3475 3699 3600
3 3697 3699 3475
3 3697 2659 3699
3 3699 2659 2833
3 3376 3251 2834
3 3251 3376 3477
3 3477 3376 3600
3 3600 2835 3477
3 2968 5154 5242
3 5242 5154 2788
3 5154 5426 2788
3 5154 5428 5426
3 5428 5658 5426
3 5660 5658 5428
3 2789 5658 5982
3 5658 5916 5982
3 5658 5660 5916
3 5916 2969 5982
3 5244 2970 5242
3 5242 2970 2968
3 5242 2788 2790
3 5242 2790 5244
3 5982 5914 2789
3 2969 6166 6254
3 2969 6254 2791
3 5982 2969 2791
3 5914 5982 2791
3 6166 2971 6254
3 5246 2972 5244
3 5244 2972 2970
3 5244 2790 2792
3 5244 2792 5246
3 6256 2793 2791
3 6256 2791 6254
3 6254 2971 6256
3 6256 2971 2973
3 5248 2974 5246
3 5246 2974 2972
3 5246 2792 2794
3 5246 2794 5248
3 6256 6164 2793
3 2973 6456 6554
3 2973 6554 2795
3 6256 2973 2795
3 6164 6256 2795
3 6554 6456 6834
3 6834 6456 6750
3 6750 2975 6834
3 5248 5155 2974
3 2976 5155 5248
3 2794 2976 5248
3 2796 2976 2794
3 6554 6454 2795
3 6834 6748 6454
3 6834 6454 6554
3 2975 7018 7106
3 2975 7106 2797
3 6834 2975 2797
3 6748 6834 2797
3 7106 7018 7410
3 7410 7018 7296
3 7296 2977 7410
3 5253 5152 2798
3 2796 5152 5253
3 2978 2796 5253
3 2976 2796 2978
3 7108 2799 2797
3 7108 2797 7106
3 7106 7412 7108
3 7106 7410 7412
3 7610 7708 2977
3 7708 7410 2977
3 7708 7412 7410
3 7610 2979 7708
3 5253 2798 5156
3 2798 2980 5156
3 2798 2800 2980
3 2978 5253 5156
3 7110 2801 2799
3 7110 2799 7108
3 7108 7414 7110
3 7108 7412 7414
3 7412 7710 7414
3 7412 7708 7710
3 7708 2979 7710
3 7710 2979 2981
3 2982 4918 4990
3 2802 4990 4918
3 2980 2802 4918
3 2800 2802 2980
3 7112 2803 2801
3 7112 2801 7110
3 2983 7112 7297
3 7112 7414 7297
3 7112 7110 7414
3 7297 7414 7611
3 7611 7414 7710
3 7710 2981 7611
3 2984 4200 4276
3 4276 4200 2804
3 4200 4440 2804
3 4200 4442 4440
3 4442 4682 4440
3 4684 4682 4442
3 4684 2982 4990
3 4916 4684 4990
3 4682 4684 4916
3 4990 2802 4916
3 7114 2805 2803
3 7114 2803 7112
3 7112 2983 7114
3 7114 2983 2985
3 4198 2806 4276
3 2806 2984 4276
3 2806 2986 2984
3 4276 2804 4198
3 2805 7114 7019
3 2987 2805 7019
3 2807 2805 2987
3 7114 2985 7019
3 2988 3950 4044
3 2808 4044 3950
3 2986 2808 3950
3 2806 2808 2986
3 2807 2989 2809
3 2987 2989 2807
3 3946 2810 4044
3 2810 2988 4044
3 2810 2990 2988
3 4044 2808 3946
3 6749 6850 2811
3 6749 2809 6850
3 2809 2991 6850
3 2809 2989 2991
3 2810 3947 2990
3 2990 3947 3951
3 2992 3951 3947
3 2992 3947 2812
3 6852 2813 2811
3 6852 2811 6850
3 6850 2991 6852
3 6852 2991 2993
3 2994 3952 4056
3 2814 4056 3952
3 2992 2814 3952
3 2812 2814 2992
3 6854 2815 2813
3 6854 2813 6852
3 6852 2993 6854
3 6854 2993 2995
3 2996 0 92
3 92 0 260
3 260 0 162
3 162 2997 260
3 3948 2816 4056
3 2816 2994 4056
3 2816 2998 2994
3 4056 2814 3948
3 6856 2817 2815
3 6856 2815 6854
3 6854 2995 6856
3 6856 2995 2999
3 94 3000 92
3 92 3000 2996
3 92 262 94
3 92 260 262
3 260 2997 262
3 262 2997 3001
3 3002 3252 3352
3 3352 3252 3580
3 3580 3252 3478
3 3580 3478 3810
3 3810 3478 3700
3 2818 3810 3700
3 2998 2818 3700
3 2816 2818 2998
3 6455 6578 2819
3 6856 6751 2817
3 2817 6751 6455
3 6751 3003 6455
3 3003 6578 6455
3 6856 2999 6751
3 94 1 3000
3 1 94 163
3 163 94 262
3 262 3001 163
3 3004 3026 3130
3 3002 3352 3026
3 3026 3352 3130
3 3352 3250 3130
3 3250 2820 3130
3 3580 3476 3250
3 3580 3250 3352
3 3810 3698 3476
3 3810 3476 3580
3 3810 2818 3698
3 5915 6020 2821
3 6167 3005 6020
3 5915 6167 6020
3 6165 6167 5915
3 6578 6457 2819
3 6457 6165 2819
3 6457 6167 6165
3 6578 3003 6457
3 3134 3006 3130
3 3130 3006 3004
3 3130 2820 2822
3 3130 2822 3134
3 5659 5768 2823
3 6020 5917 2821
3 2821 5917 5659
3 5917 3007 5659
3 3007 5768 5659
3 6020 3005 5917
3 3138 3008 3134
3 3134 3008 3006
3 3134 2822 2824
3 3134 2824 3138
3 5770 2825 2823
3 5770 2823 5768
3 5768 3007 5770
3 5770 3007 3009
3 3010 10054 10156
3 10156 10054 102
3 102 10054 2
3 2 3011 102
3 3024 2826 3138
3 2826 3008 3138
3 2826 3012 3008
3 3138 2824 3024
3 2825 5770 5661
3 3013 2825 5661
3 2827 2825 3013
3 5770 3009 5661
3 10156 10055 3010
3 10055 10156 3
3 3 10156 102
3 102 3011 3
3 3014 2826 2828
3 3014 3012 2826
3 2827 3015 2829
3 3013 3015 2827
3 2947 2836 2830
3 2828 2836 2947
3 3016 2828 2947
3 3014 2828 3016
3 4683 4798 2831
3 4917 5036 4798
3 4917 4798 4683
3 5153 5308 5036
3 5153 5036 4917
3 5429 3017 5308
3 5153 5429 5308
3 5427 5429 5153
3 5427 2829 5429
3 5429 2829 3015
3 2837 2947 2830
3 3016 2947 2837
3 2832 3016 2837
3 3018 3016 2832
3 3949 4082 2833
3 4201 3019 4082
3 3949 4201 4082
3 4199 4201 3949
3 4441 4201 4199
3 4441 4443 4201
3 4798 4685 2831
3 4685 4441 2831
3 4685 4443 4441
3 4685 4798 4919
3 4919 4798 5036
3 4919 5036 5157
3 5157 5036 5308
3 5308 3017 5157
3 3152 3020 3025
3 3020 2832 3025
3 3020 3018 2832
3 2834 3152 3025
3 3699 3834 2835
3 4082 3953 2833
3 2833 3953 3699
3 3953 3021 3699
3 3021 3834 3699
3 4082 3019 3953
3 3152 3027 3020
3 2834 3251 3152
3 3251 3027 3152
3 3251 3253 3027
3 3477 3253 3251
3 3477 3479 3253
3 3834 3701 2835
3 3701 3477 2835
3 3701 3479 3477
3 3834 3021 3701
3 3168 5430 5492
3 5492 5430 5726
3 5726 5430 5662
3 5662 3169 5726
3 3170 5158 2968
3 2968 5158 5154
3 5158 3168 5492
3 5428 5158 5492
3 5154 5158 5428
3 5726 5660 5428
3 5726 5428 5492
3 5660 5726 3169
3 5918 5660 3169
3 5916 5660 5918
3 2969 5916 6252
3 5916 6168 6252
3 5916 5918 6168
3 6168 3171 6252
3 3172 7612 7698
3 7698 7612 7990
3 7990 7612 7902
3 7902 3173 7990
3 3174 2968 2970
3 3174 3170 2968
3 6252 6166 2969
3 3171 6458 6550
3 3171 6550 2971
3 6252 3171 2971
3 6166 6252 2971
3 6550 6458 6830
3 6830 6458 6752
3 6830 6752 7100
3 7100 6752 7020
3 7100 7020 7404
3 7404 7020 7298
3 3172 7698 7298
3 7698 7404 7298
3 7698 7700 7404
3 7698 7992 7700
3 7698 7990 7992
3 7990 3173 7992
3 7992 3173 3175
3 3176 2970 2972
3 3176 3174 2970
3 6552 2973 2971
3 6552 2971 6550
3 6550 6832 6552
3 6550 6830 6832
3 6830 7102 6832
3 6830 7100 7102
3 7100 7406 7102
3 7100 7404 7406
3 7404 7702 7406
3 7404 7700 7702
3 3177 7702 7903
3 7702 7992 7903
3 7702 7700 7992
3 7992 3175 7903
3 3178 2972 2974
3 3178 3176 2972
3 6552 6456 2973
3 6832 6750 6456
3 6832 6456 6552
3 7104 2975 6750
3 6832 7104 6750
3 7102 7104 6832
3 7102 7408 7104
3 7102 7406 7408
3 7406 7704 7408
3 7406 7702 7704
3 7702 3177 7704
3 7704 3177 3179
3 5250 3180 5155
3 3180 2974 5155
3 3180 3178 2974
3 2976 5250 5155
3 7104 7018 2975
3 7408 7296 7018
3 7408 7018 7104
3 7706 2977 7296
3 7408 7706 7296
3 7704 7706 7408
3 7704 3179 7706
3 7706 3179 3181
3 5250 5159 3180
3 3182 5159 5250
3 2976 3182 5250
3 2978 3182 2976
3 7706 7610 2977
3 3181 7904 8000
3 3181 8000 2979
3 7706 3181 2979
3 7610 7706 2979
3 7904 3183 8000
3 3184 5160 2980
3 2980 5160 5156
3 2978 5156 5160
3 2978 5160 3182
3 8002 2981 2979
3 8002 2979 8000
3 8000 3183 8002
3 8002 3183 3185
3 3186 4444 4512
3 4512 4444 4758
3 4758 4444 4686
3 4758 4686 2982
3 4686 4918 2982
3 4686 4920 4918
3 2980 4918 4920
3 2980 4920 3184
3 7297 7416 2983
3 7611 7712 7416
3 7611 7416 7297
3 8002 7905 2981
3 2981 7905 7611
3 7905 3187 7611
3 3187 7712 7611
3 8002 3185 7905
3 3188 4202 2984
3 2984 4202 4200
3 4202 3186 4512
3 4442 4202 4512
3 4200 4202 4442
3 4758 4684 4442
3 4758 4442 4512
3 4758 2982 4684
3 7418 2985 2983
3 7418 2983 7416
3 3189 7418 7613
3 7418 7712 7613
3 7418 7416 7712
3 7712 3187 7613
3 3190 3954 4038
3 2986 4038 3954
3 3188 2986 3954
3 2984 2986 3188
3 7019 7116 2987
3 7418 7299 2985
3 2985 7299 7019
3 7299 3191 7019
3 3191 7116 7019
3 7418 3189 7299
3 3950 2988 4038
3 2988 3190 4038
3 2988 3192 3190
3 4038 2986 3950
3 7118 2989 2987
3 7118 2987 7116
3 7116 3191 7118
3 7118 3191 3193
3 3194 2988 2990
3 3194 3192 2988
3 2989 7118 7021
3 3195 2989 7021
3 2991 2989 3195
3 7118 3193 7021
3 2990 3951 3194
3 3194 3951 3955
3 3196 3955 3951
3 3196 3951 2992
3 2991 3197 2993
3 3195 3197 2991
3 3198 10056 10144
3 10144 10056 90
3 90 10056 4
3 90 4 258
3 258 4 164
3 258 164 408
3 408 164 322
3 322 3199 408
3 3200 3956 2994
3 2994 3956 3952
3 2992 3952 3956
3 2992 3956 3196
3 2993 3201 2995
3 3197 3201 2993
3 10146 3202 10144
3 10144 3202 3198
3 90 0 2996
3 10146 90 2996
3 10144 90 10146
3 258 162 0
3 258 0 90
3 410 2997 162
3 258 410 162
3 408 410 258
3 408 3199 410
3 410 3199 3203
3 3204 2994 2998
3 3204 3200 2994
3 2995 3205 2999
3 3201 3205 2995
3 10148 3206 10146
3 10146 3206 3202
3 10146 2996 3000
3 10146 3000 10148
3 412 3001 2997
3 412 2997 410
3 410 3203 412
3 412 3203 3207
3 3208 3254 3002
3 3002 3254 3252
3 3254 3478 3252
3 3480 3478 3254
3 3480 3700 3478
3 3702 3700 3480
3 2998 3700 3702
3 2998 3702 3204
3 6753 3209 3003
3 6753 3003 6751
3 6751 2999 6753
3 6753 2999 3205
3 10150 3210 10148
3 10148 3210 3206
3 10148 3000 1
3 96 10148 1
3 10150 10148 96
3 163 264 96
3 163 96 1
3 264 163 3001
3 412 264 3001
3 414 264 412
3 412 3207 414
3 414 3207 3211
3 3212 3028 3004
3 3004 3028 3026
3 3002 3026 3028
3 3002 3028 3208
3 6167 6288 3005
3 6459 3213 6288
3 6167 6459 6288
3 6457 6459 6167
3 6457 3003 6459
3 6459 3003 3209
3 10152 3214 10150
3 10150 3214 3210
3 10150 98 10152
3 10150 96 98
3 96 266 98
3 96 264 266
3 264 416 266
3 264 414 416
3 414 3211 416
3 416 3211 3215
3 3216 3004 3006
3 3216 3212 3004
3 5917 6024 3007
3 6288 6169 3005
3 3005 6169 5917
3 6169 3217 5917
3 3217 6024 5917
3 6288 3213 6169
3 3218 9884 9986
3 3214 10152 9884
3 10152 9986 9884
3 10152 10154 9986
3 10152 100 10154
3 10152 98 100
3 98 268 100
3 98 266 268
3 3219 268 323
3 268 416 323
3 268 266 416
3 416 3215 323
3 3220 882 1004
3 1004 882 1170
3 1170 882 1042
3 1042 3221 1170
3 3222 3006 3008
3 3222 3216 3006
3 3007 6024 5919
3 3223 3007 5919
3 3009 3007 3223
3 6024 3217 5919
3 9988 3224 9986
3 9986 3224 3218
3 10154 10054 3010
3 9988 10154 3010
3 9986 10154 9988
3 100 2 10054
3 100 10054 10154
3 270 3011 2
3 100 270 2
3 268 270 100
3 268 3219 270
3 270 3219 3225
3 1004 883 3220
3 883 1004 3226
3 1004 1172 3226
3 1004 1170 1172
3 1170 3221 1172
3 1172 3221 3227
3 3228 3008 3012
3 3228 3222 3008
3 5663 3229 3013
3 5663 3013 5661
3 5661 3009 5663
3 5663 3009 3223
3 9988 9885 3224
3 10158 3230 10055
3 10055 3230 3010
3 3230 9885 3010
3 9885 9988 3010
3 3 104 10158
3 3 10158 10055
3 104 3 3011
3 270 104 3011
3 272 104 270
3 270 3225 272
3 272 3225 3231
3 1172 1043 3226
3 1172 3227 1043
3 3232 3012 3014
3 3232 3228 3012
3 3013 3233 3015
3 3229 3233 3013
3 10158 10057 3230
3 10057 10158 5
3 5 10158 104
3 5 104 165
3 165 104 272
3 272 3231 165
3 3234 3014 3016
3 3234 3232 3014
3 5429 5540 3017
3 5429 3015 5540
3 3015 3235 5540
3 3015 3233 3235
3 3236 3016 3018
3 3236 3234 3016
3 4201 4326 3019
3 4443 4554 4326
3 4443 4326 4201
3 4685 4800 4554
3 4685 4554 4443
3 4919 5038 4800
3 4919 4800 4685
3 5157 5310 5038
3 5157 5038 4919
3 5540 5431 3017
3 3017 5431 5157
3 5431 3237 5157
3 3237 5310 5157
3 5540 3235 5431
3 3238 3018 3020
3 3238 3236 3018
3 3953 4086 3021
3 4086 3953 3019
3 4326 4086 3019
3 4330 4086 4326
3 3239 4330 4445
3 4330 4554 4445
3 4330 4326 4554
3 4445 4554 3240
3 4554 4804 3240
3 4554 4800 4804
3 4800 5042 4804
3 4800 5038 5042
3 3241 5042 5161
3 5042 5310 5161
3 5042 5038 5310
3 5310 3237 5161
3 3154 3242 3027
3 3242 3020 3027
3 3242 3238 3020
3 3253 3378 3154
3 3253 3154 3027
3 3479 3602 3378
3 3479 3378 3253
3 3701 3836 3602
3 3701 3602 3479
3 3836 3701 3021
3 4086 3836 3021
3 4088 3836 4086
3 4086 4334 4088
3 4086 4330 4334
3 4330 3239 4334
3 4334 3239 3243
3 4804 4687 3240
3 4687 4804 4921
3 4921 4804 5042
3 5042 3241 4921
3 3154 3029 3242
3 3029 3154 3244
3 3154 3380 3244
3 3154 3378 3380
3 3245 3380 3481
3 3380 3602 3481
3 3380 3378 3602
3 3481 3602 3703
3 3703 3602 3836
3 3703 3836 3957
3 3957 3836 4088
3 3957 4088 4203
3 4203 4088 4334
3 4334 3243 4203
3 3380 3255 3244
3 3380 3245 3255
3 5493 5430 3168
3 5727 5662 5493
3 5493 5662 5430
3 5727 3169 5662
3 3388 7300 7396
3 7396 7300 7696
3 7696 7300 7614
3 7614 3389 7696
3 3390 5162 3170
3 3170 5162 5158
3 5432 5493 3168
3 5158 5432 3168
3 5162 5432 5158
3 5493 5432 5664
3 5493 5664 5727
3 5918 3169 5727
3 5664 5918 5727
3 5920 5918 5664
3 5920 6168 5918
3 6170 6168 5920
3 3171 6168 6548
3 6168 6460 6548
3 6168 6170 6460
3 6548 6460 6828
3 6828 6460 6754
3 6828 6754 7098
3 7098 6754 7022
3 3388 7396 7022
3 7396 7098 7022
3 7396 7400 7098
3 7696 7612 3172
3 7400 7696 3172
3 7396 7696 7400
3 7612 7696 3389
3 7906 7612 3389
3 7902 7612 7906
3 7906 3391 7902
3 7902 3391 3173
3 3392 3170 3174
3 3392 3390 3170
3 6548 6458 3171
3 6828 6752 6458
3 6828 6458 6548
3 7098 7020 6752
3 7098 6752 6828
3 7400 7298 7020
3 7400 7020 7098
3 7400 3172 7298
3 3391 8188 8268
3 3175 3391 8268
3 3173 3391 3175
3 8188 3393 8268
3 3394 3174 3176
3 3394 3392 3174
3 7903 7994 3177
3 8268 8189 3175
3 3175 8189 7903
3 8189 3395 7903
3 3395 7994 7903
3 8268 3393 8189
3 3396 3176 3178
3 3396 3394 3176
3 7996 3179 3177
3 7996 3177 7994
3 7994 3395 7996
3 7996 3395 3397
3 3398 3178 3180
3 3398 3396 3178
3 7998 3181 3179
3 7998 3179 7996
3 7996 3397 7998
3 7998 3397 3399
3 5254 3400 5159
3 3400 3180 5159
3 3400 3398 3180
3 3182 5254 5159
3 7998 7904 3181
3 7998 3399 7904
3 3399 3183 7904
3 3399 3401 3183
3 5160 3184 5254
3 3184 3400 5254
3 3184 3402 3400
3 5254 3182 5160
3 3183 3403 3185
3 3401 3403 3183
3 3404 4446 3186
3 3186 4446 4444
3 4446 4686 4444
3 4688 4686 4446
3 4688 4920 4686
3 4922 4920 4688
3 3184 4920 4922
3 3184 4922 3402
3 7907 3405 3187
3 7907 3187 7905
3 7905 3185 7907
3 7907 3185 3403
3 3406 4204 3188
3 3188 4204 4202
3 3186 4202 4204
3 3186 4204 3404
3 7615 3407 3189
3 7615 3189 7613
3 7613 3187 7615
3 7615 3187 3405
3 3408 3958 3190
3 3190 3958 3954
3 3188 3954 3958
3 3188 3958 3406
3 7299 7420 3191
3 7299 3189 7420
3 3189 3409 7420
3 3189 3407 3409
3 3410 3190 3192
3 3410 3408 3190
3 7422 3193 3191
3 7422 3191 7420
3 7420 3409 7422
3 7422 3409 3411
3 3959 3410 4049
3 3410 3194 4049
3 3410 3192 3194
3 3412 3959 4049
3 7021 7120 3195
3 7120 7021 3193
3 7422 7120 3193
3 7424 7120 7422
3 7422 3411 7424
3 7424 3411 3413
3 3414 6 88
3 88 6 256
3 256 6 166
3 166 3415 256
3 3955 4049 3194
3 3412 4049 3955
3 3196 3412 3955
3 3416 3412 3196
3 7122 3197 3195
3 7122 3195 7120
3 7120 7426 7122
3 7120 7424 7426
3 7424 3413 7426
3 7426 3413 3417
3 3418 7908 8014
3 8014 7908 8290
3 8290 7908 8190
3 8290 8190 8556
3 8556 8190 8458
3 8458 3419 8556
3 3420 9886 9976
3 9976 9886 3198
3 9886 10056 3198
3 9886 10058 10056
3 10058 3414 88
3 4 10058 88
3 10056 10058 4
3 256 164 4
3 256 4 88
3 164 256 3415
3 324 164 3415
3 322 164 324
3 324 3421 322
3 322 3421 3199
3 4057 3956 3200
3 3196 3956 4057
3 3422 3196 4057
3 3416 3196 3422
3 7124 3201 3197
3 7124 3197 7122
3 7122 7428 7124
3 7122 7426 7428
3 7616 7724 3417
3 7724 7426 3417
3 7724 7428 7426
3 3418 8014 7616
3 8014 7724 7616
3 8014 8016 7724
3 8014 8292 8016
3 8014 8290 8292
3 8290 8558 8292
3 8290 8556 8558
3 8556 3419 8558
3 8558 3419 3423
3 3424 9478 9586
3 9586 9478 9794
3 9794 9478 9686
3 3420 9976 9686
3 9976 9794 9686
3 9976 9978 9794
3 9976 3198 3202
3 9976 3202 9978
3 3421 470 562
3 3203 3421 562
3 3199 3421 3203
3 470 3425 562
3 3204 4061 3200
3 3200 4061 4057
3 3422 4057 4061
3 3422 4061 3426
3 7126 3205 3201
3 7126 3201 7124
3 7124 7430 7126
3 7124 7428 7430
3 7428 7726 7430
3 7428 7724 7726
3 7724 8018 7726
3 7724 8016 8018
3 8016 8294 8018
3 8016 8292 8294
3 8292 8560 8294
3 8292 8558 8560
3 8558 3423 8560
3 8560 3423 3427
3 9588 3428 9586
3 9586 3428 3424
3 9586 9796 9588
3 9586 9794 9796
3 9794 9980 9796
3 9794 9978 9980
3 9978 3202 3206
3 9978 3206 9980
3 564 3207 3203
3 564 3203 562
3 562 3425 564
3 564 3425 3429
3 3430 3256 3208
3 3208 3256 3254
3 3256 3480 3254
3 3482 3480 3256
3 3482 3702 3480
3 3704 3702 3482
3 3960 4061 3204
3 3702 3960 3204
3 3704 3960 3702
3 3426 4061 3960
3 6755 3431 3209
3 6755 3209 6753
3 7126 7023 3205
3 7023 6753 3205
3 7023 6755 6753
3 7023 7126 7301
3 7301 7126 7430
3 7301 7430 7617
3 7617 7430 7726
3 7617 7726 3432
3 7726 8020 3432
3 7726 8018 8020
3 8018 8296 8020
3 8018 8294 8296
3 8294 8562 8296
3 8294 8560 8562
3 8560 3427 8562
3 8562 3427 3433
3 9588 9479 3428
3 9479 9588 3434
3 9588 9798 3434
3 9588 9796 9798
3 9796 9982 9798
3 9796 9980 9982
3 9980 3206 3210
3 9980 3210 9982
3 566 3211 3207
3 566 3207 564
3 610 710 3429
3 710 564 3429
3 710 566 564
3 610 3435 710
3 3436 3030 3212
3 3212 3030 3028
3 3208 3028 3030
3 3208 3030 3430
3 6461 3437 3213
3 6461 3213 6459
3 6459 3209 6461
3 6461 3209 3431
3 8020 7909 3432
3 7909 8020 8191
3 8191 8020 8296
3 8191 8296 8459
3 8459 8296 8562
3 8562 3433 8459
3 9800 3438 9798
3 9798 3438 3434
3 9798 9984 9800
3 9798 9982 9984
3 9982 3210 3214
3 9982 3214 9984
3 570 3215 3211
3 570 3211 566
3 566 714 570
3 566 710 714
3 738 846 3435
3 846 710 3435
3 846 714 710
3 846 738 1002
3 1002 738 884
3 1002 884 1168
3 1168 884 1044
3 1168 1044 1324
3 1324 1044 1210
3 1210 3439 1324
3 3440 3212 3216
3 3440 3436 3212
3 6171 3441 3217
3 6171 3217 6169
3 6169 3213 6171
3 6171 3213 3437
3 3442 9480 9596
3 3438 9800 9480
3 9800 9596 9480
3 9800 9804 9596
3 9984 9884 3218
3 9804 9984 3218
3 9800 9984 9804
3 9984 3214 9884
3 323 420 3219
3 420 323 3215
3 570 420 3215
3 574 420 570
3 570 718 574
3 570 714 718
3 714 848 718
3 714 846 848
3 1002 882 3220
3 848 1002 3220
3 846 1002 848
3 1168 1042 882
3 1168 882 1002
3 1326 3221 1042
3 1168 1326 1042
3 1324 1326 1168
3 1366 1480 3439
3 1480 1324 3439
3 1480 1326 1324
3 1366 3443 1480
3 3444 3216 3222
3 3444 3440 3216
3 5919 6028 3223
3 5919 3217 6028
3 3217 3445 6028
3 3217 3441 3445
3 9596 9481 3442
3 9481 9596 3446
3 9596 9806 3446
3 9596 9804 9806
3 9804 3218 3224
3 9804 3224 9806
3 422 3225 3219
3 422 3219 420
3 420 576 422
3 420 574 576
3 574 720 576
3 574 718 720
3 718 850 720
3 718 848 850
3 848 3220 883
3 1006 848 883
3 850 848 1006
3 3226 1006 883
3 1328 3227 3221
3 1328 3221 1326
3 3447 1328 1367
3 1328 1480 1367
3 1328 1326 1480
3 1480 3443 1367
3 3448 3222 3228
3 3448 3444 3222
3 5663 5772 3229
3 6028 5921 3223
3 3223 5921 5663
3 5921 3449 5663
3 3449 5772 5663
3 6028 3445 5921
3 9806 9687 3446
3 9990 3450 9885
3 9885 3450 3224
3 3450 9687 3224
3 9687 9806 3224
3 3230 9990 9885
3 424 3231 3225
3 424 3225 422
3 3451 424 471
3 424 576 471
3 424 422 576
3 471 576 611
3 611 576 720
3 611 720 739
3 739 720 850
3 739 850 3452
3 850 1008 3452
3 850 1006 1008
3 1006 3226 1043
3 1174 1006 1043
3 1008 1006 1174
3 1174 1043 3227
3 1328 1174 3227
3 1330 1174 1328
3 1328 3447 1330
3 1330 3447 3453
3 3454 3228 3232
3 3454 3448 3228
3 3229 5772 5665
3 3455 3229 5665
3 3233 3229 3455
3 5772 3449 5665
3 3456 9688 9810
3 3450 9990 9688
3 9990 9810 9688
3 9990 9992 9810
3 9990 3230 10057
3 10160 9990 10057
3 9992 9990 10160
3 5 106 10160
3 5 10160 10057
3 165 274 106
3 165 106 5
3 424 325 3231
3 3231 325 165
3 325 3457 165
3 3457 274 165
3 424 3451 325
3 1008 885 3452
3 885 1008 1045
3 1045 1008 1174
3 1045 1174 1211
3 1211 1174 1330
3 1330 3453 1211
3 3458 3232 3234
3 3458 3454 3232
3 3233 3459 3235
3 3455 3459 3233
3 9812 3460 9810
3 9810 3460 3456
3 9810 9994 9812
3 9810 9992 9994
3 9992 10162 9994
3 9992 10160 10162
3 10160 108 10162
3 10160 106 108
3 106 276 108
3 106 274 276
3 274 3457 276
3 276 3457 3461
3 3462 3234 3236
3 3462 3458 3234
3 5431 5542 3237
3 5431 3235 5542
3 3235 3463 5542
3 3235 3459 3463
3 9812 9689 3460
3 9689 9812 3464
3 9812 9996 3464
3 9812 9994 9996
3 3465 9996 10059
3 9996 10162 10059
3 9996 9994 10162
3 10059 10162 7
3 7 10162 108
3 7 108 167
3 167 108 276
3 276 3461 167
3 3466 3236 3238
3 3466 3462 3236
3 4445 4556 3239
3 3240 4556 4445
3 5161 5314 3241
3 5542 5433 3237
3 3237 5433 5161
3 5433 3467 5161
3 3467 5314 5161
3 5542 3463 5433
3 9996 9887 3464
3 9996 3465 9887
3 3468 3238 3242
3 3468 3466 3238
3 4560 3243 3239
3 4560 3239 4556
3 4560 4556 3469
3 4556 4687 3469
3 4687 4689 3469
3 4687 4556 3240
3 4921 4689 4687
3 4921 4923 4689
3 5314 5163 3241
3 5163 4921 3241
3 5163 4923 4921
3 5314 3467 5163
3 3156 3470 3029
3 3470 3242 3029
3 3470 3468 3242
3 3244 3156 3029
3 3481 3604 3245
3 3703 3838 3604
3 3703 3604 3481
3 3957 4090 3838
3 3957 3838 3703
3 4205 3471 4090
3 3957 4205 4090
3 4203 4205 3957
3 4560 4447 3243
3 4447 4203 3243
3 4447 4205 4203
3 4560 3469 4447
3 3156 3031 3470
3 3244 3255 3156
3 3255 3031 3156
3 3255 3257 3031
3 3604 3483 3245
3 3483 3255 3245
3 3483 3257 3255
3 3483 3604 3705
3 3705 3604 3838
3 3705 3838 3961
3 3961 3838 4090
3 4090 3471 3961
3 3610 7024 7092
3 7092 7024 7388
3 7388 7024 7302
3 7302 3611 7388
3 3612 6756 6824
3 3610 7092 6756
3 7092 6824 6756
3 7092 7094 6824
3 7092 7392 7094
3 7092 7388 7392
3 7618 7694 3611
3 7694 7388 3611
3 7694 7392 7388
3 7694 7618 7986
3 7986 7618 7910
3 7910 3613 7986
3 3614 6462 6546
3 3612 6824 6462
3 6824 6546 6462
3 6824 6826 6546
3 6824 7096 6826
3 6824 7094 7096
3 7392 7300 3388
3 7096 7392 3388
3 7094 7392 7096
3 7694 7614 7300
3 7694 7300 7392
3 7988 3389 7614
3 7694 7988 7614
3 7986 7988 7694
3 7986 3613 7988
3 7988 3613 3615
3 5243 5162 3390
3 3616 5434 5243
3 5434 5162 5243
3 5434 5432 5162
3 5434 5664 5432
3 5666 5664 5434
3 5666 5920 5664
3 5922 5920 5666
3 5922 6170 5920
3 6172 6170 5922
3 6172 3614 6546
3 6460 6172 6546
3 6170 6172 6460
3 6826 6754 6460
3 6826 6460 6546
3 7096 7022 6754
3 7096 6754 6826
3 7096 3388 7022
3 7988 7906 3389
3 3615 8192 8266
3 3615 8266 3391
3 7988 3615 3391
3 7906 7988 3391
3 8192 3617 8266
3 5243 3390 5164
3 3390 3618 5164
3 3390 3392 3618
3 3616 5243 5164
3 8266 8188 3391
3 8266 3617 8188
3 3617 3393 8188
3 3617 3619 3393
3 3620 3392 3394
3 3620 3618 3392
3 8189 8270 3395
3 8189 3393 8270
3 3393 3621 8270
3 3393 3619 3621
3 3622 3394 3396
3 3622 3620 3394
3 8272 3397 3395
3 8272 3395 8270
3 8270 3621 8272
3 8272 3621 3623
3 3624 3396 3398
3 3624 3622 3396
3 8274 3399 3397
3 8274 3397 8272
3 8272 3623 8274
3 8274 3623 3625
3 3626 3398 3400
3 3626 3624 3398
3 8276 3401 3399
3 8276 3399 8274
3 8274 3625 8276
3 8276 3625 3627
3 3628 3400 3402
3 3628 3626 3400
3 8278 3403 3401
3 8278 3401 8276
3 8276 3627 8278
3 8278 3627 3629
3 4513 4446 3404
3 4759 4688 4513
3 4513 4688 4446
3 4991 4922 4759
3 4759 4922 4688
3 3402 4922 4991
3 3630 3402 4991
3 3628 3402 3630
3 7907 8004 3405
3 8278 8193 3403
3 3403 8193 7907
3 8193 3631 7907
3 3631 8004 7907
3 8278 3629 8193
3 3632 4206 3406
3 3406 4206 4204
3 4448 4513 3404
3 4204 4448 3404
3 4206 4448 4204
3 4513 4448 4690
3 4513 4690 4759
3 4759 4690 4924
3 4759 4924 4991
3 3630 4991 4924
3 7615 7714 3407
3 8004 7911 3405
3 3405 7911 7615
3 7911 3633 7615
3 3633 7714 7615
3 8004 3631 7911
3 4039 3958 3408
3 3406 3958 4039
3 3634 3406 4039
3 3632 3406 3634
3 7716 3409 3407
3 7716 3407 7714
3 7714 3633 7716
3 7716 3633 3635
3 3410 4045 3408
3 3408 4045 4039
3 3634 4039 4045
3 3634 4045 3636
3 7718 3411 3409
3 7718 3409 7716
3 7716 3635 7718
3 7718 3635 3637
3 3959 4045 3410
3 3636 4045 3959
3 3412 3636 3959
3 3638 3636 3412
3 7720 3413 3411
3 7720 3411 7718
3 7912 8012 3637
3 8012 7718 3637
3 8012 7720 7718
3 8012 7912 8288
3 8288 7912 8194
3 8194 3639 8288
3 3640 10060 10142
3 10142 10060 3414
3 10060 6 3414
3 10060 8 6
3 8 166 6
3 168 166 8
3 168 3641 166
3 166 3641 3415
3 4207 3638 4297
3 3638 3416 4297
3 3638 3412 3416
3 3642 4207 4297
3 7722 3417 3413
3 7722 3413 7720
3 8012 7908 3418
3 7722 8012 3418
3 7720 8012 7722
3 8288 8190 7908
3 8288 7908 8012
3 8190 8288 3639
3 8460 8190 3639
3 8458 8190 8460
3 3419 8458 8830
3 8458 8722 8830
3 8458 8460 8722
3 8722 3643 8830
3 3644 9482 9584
3 9584 9482 9792
3 9792 9482 9690
3 9792 9690 3420
3 9690 9886 3420
3 9690 9888 9886
3 9888 3640 10142
3 10058 9888 10142
3 9886 9888 10058
3 10142 3414 10058
3 324 3415 3641
3 324 3641 326
3 3421 324 560
3 324 472 560
3 324 326 472
3 472 3645 560
3 3422 4303 3416
3 3416 4303 4297
3 3642 4297 4303
3 3642 4303 3646
3 7722 7616 3417
3 7722 3418 7616
3 8832 3423 3419
3 8832 3419 8830
3 8990 9102 3643
3 9102 8830 3643
3 9102 8832 8830
3 9102 8990 9350
3 9350 8990 9244
3 3644 9584 9244
3 9244 9584 9350
3 9584 9478 9350
3 9478 3424 9350
3 9792 9686 9478
3 9792 9478 9584
3 9792 3420 9686
3 560 470 3421
3 3645 612 704
3 3645 704 3425
3 560 3645 3425
3 470 560 3425
3 704 612 834
3 834 612 740
3 834 740 992
3 992 740 886
3 886 3647 992
3 4303 3422 4208
3 3422 3648 4208
3 3422 3426 3648
3 3646 4303 4208
3 8834 3427 3423
3 8834 3423 8832
3 8832 9104 8834
3 8832 9102 9104
3 9102 9352 9104
3 9102 9350 9352
3 9350 3424 3428
3 9350 3428 9352
3 706 3429 3425
3 706 3425 704
3 704 838 706
3 704 834 838
3 834 996 838
3 834 992 996
3 1046 1162 3647
3 1162 992 3647
3 1162 996 992
3 1046 3649 1162
3 3353 3256 3430
3 3581 3482 3353
3 3353 3482 3256
3 3811 3704 3581
3 3581 3704 3482
3 3650 3962 3811
3 3962 3704 3811
3 3962 3960 3704
3 3426 3960 3962
3 3426 3962 3648
3 6755 6858 3431
3 7025 3651 6858
3 6755 7025 6858
3 7023 7025 6755
3 7301 7025 7023
3 7301 7303 7025
3 7617 7728 3652
3 7303 7617 3652
3 7301 7617 7303
3 3432 7728 7617
3 8836 3433 3427
3 8836 3427 8834
3 8834 9106 8836
3 8834 9104 9106
3 9104 9354 9106
3 9104 9352 9354
3 9352 3428 9479
3 9590 9352 9479
3 9354 9352 9590
3 3434 9590 9479
3 706 610 3429
3 842 3435 610
3 706 842 610
3 838 842 706
3 838 1000 842
3 838 996 1000
3 996 1166 1000
3 996 1162 1166
3 1212 1322 3649
3 1322 1162 3649
3 1322 1166 1162
3 1212 3653 1322
3 3654 3032 3436
3 3436 3032 3030
3 3258 3353 3430
3 3030 3258 3430
3 3032 3258 3030
3 3353 3258 3484
3 3353 3484 3581
3 3581 3484 3706
3 3581 3706 3811
3 3650 3811 3706
3 6461 6582 3437
3 6858 6757 3431
3 3431 6757 6461
3 6757 3655 6461
3 3655 6582 6461
3 6858 3651 6757
3 7728 7619 3652
3 8022 3656 7909
3 7909 3656 3432
3 3656 7619 3432
3 7619 7728 3432
3 8191 8298 8022
3 8191 8022 7909
3 8459 8564 8298
3 8459 8298 8191
3 8836 8723 3433
3 3433 8723 8459
3 8723 3657 8459
3 3657 8564 8459
3 8723 8836 8991
3 8991 8836 9106
3 8991 9106 3658
3 9106 9356 3658
3 9106 9354 9356
3 9354 9592 9356
3 9354 9590 9592
3 9590 3434 3438
3 9590 3438 9592
3 842 738 3435
3 1000 884 738
3 1000 738 842
3 1166 1044 884
3 1166 884 1000
3 1322 1210 1044
3 1322 1044 1166
3 3653 1368 1478
3 3653 1478 3439
3 1322 3653 3439
3 1210 1322 3439
3 1368 3659 1478
3 3660 3436 3440
3 3660 3654 3436
3 6171 6292 3441
3 6582 6463 3437
3 3437 6463 6171
3 6463 3661 6171
3 3661 6292 6171
3 6582 3655 6463
3 8022 7913 3656
3 7913 8022 8195
3 8195 8022 8298
3 8195 8298 8461
3 8461 8298 8564
3 8564 3657 8461
3 9358 3662 9356
3 9356 3662 3658
3 9592 9480 3442
3 9358 9592 3442
3 9356 9592 9358
3 9592 3438 9480
3 1478 1366 3439
3 1478 3659 1366
3 3659 3443 1366
3 3659 3663 3443
3 3664 3440 3444
3 3664 3660 3440
3 3441 6292 6173
3 3665 3441 6173
3 3445 3441 3665
3 6292 3661 6173
3 9358 9245 3662
3 9598 3666 9481
3 9481 3666 3442
3 3666 9245 3442
3 9245 9358 3442
3 3446 9598 9481
3 1367 1482 3447
3 1367 3443 1482
3 3443 3667 1482
3 3443 3663 3667
3 3668 3444 3448
3 3668 3664 3444
3 5921 6030 3449
3 5921 3445 6030
3 3445 3669 6030
3 3445 3665 3669
3 9600 3670 9598
3 9598 3670 3666
3 9598 3446 9687
3 9808 9598 9687
3 9600 9598 9808
3 3450 9808 9687
3 471 578 3451
3 611 722 578
3 611 578 471
3 739 852 722
3 739 722 611
3 3452 852 739
3 3447 1482 1369
3 3671 3447 1369
3 3453 3447 3671
3 1482 3667 1369
3 3672 3448 3454
3 3672 3668 3448
3 5665 5774 3455
3 6030 5923 3449
3 3449 5923 5665
3 5923 3673 5665
3 3673 5774 5665
3 6030 3669 5923
3 9602 3674 9600
3 9600 3674 3670
3 9808 9688 3456
3 9602 9808 3456
3 9600 9808 9602
3 9808 3450 9688
3 325 426 3457
3 578 473 3451
3 3451 473 325
3 473 3675 325
3 3675 426 325
3 473 578 613
3 613 578 722
3 613 722 741
3 741 722 852
3 3452 885 852
3 885 741 852
3 885 887 741
3 1045 887 885
3 1045 1047 887
3 1211 1047 1045
3 1211 1213 1047
3 1211 3453 1213
3 1213 3453 3671
3 3676 3454 3458
3 3676 3672 3454
3 3455 5774 5667
3 3677 3455 5667
3 3459 3455 3677
3 5774 3673 5667
3 3678 8724 8848
3 8848 8724 9118
3 9118 8724 8992
3 9118 8992 9366
3 9366 8992 9246
3 3674 9602 9246
3 9602 9366 9246
3 9602 9604 9366
3 9602 3456 3460
3 9602 3460 9604
3 428 3461 3457
3 428 3457 426
3 426 3675 428
3 428 3675 3679
3 3680 3458 3462
3 3680 3676 3458
3 3459 3681 3463
3 3677 3681 3459
3 3682 8462 8576
3 3678 8848 8462
3 8848 8576 8462
3 8848 8850 8576
3 8848 9122 8850
3 8848 9118 9122
3 9118 9368 9122
3 9118 9366 9368
3 9366 9606 9368
3 9366 9604 9606
3 9604 3460 9689
3 9814 9604 9689
3 9606 9604 9814
3 3464 9814 9689
3 10059 10164 3465
3 7 110 10164
3 7 10164 10059
3 167 278 110
3 167 110 7
3 278 167 3461
3 428 278 3461
3 430 278 428
3 428 3679 430
3 430 3679 3683
3 3684 3462 3466
3 3684 3680 3462
3 5433 5546 3467
3 5433 3463 5546
3 3463 3685 5546
3 3463 3681 3685
3 8578 3686 8576
3 8576 3686 3682
3 8576 8852 8578
3 8576 8850 8852
3 8850 9124 8852
3 8850 9122 9124
3 9122 9372 9124
3 9122 9368 9372
3 9368 9608 9372
3 9368 9606 9608
3 3687 9608 9691
3 9608 9814 9691
3 9608 9606 9814
3 9998 3688 9887
3 9887 3688 3464
3 3688 9691 3464
3 9691 9814 3464
3 10164 10061 3465
3 3465 10061 9887
3 10061 3689 9887
3 3689 9998 9887
3 10061 10164 9
3 9 10164 110
3 9 110 169
3 169 110 278
3 169 278 327
3 327 278 430
3 430 3683 327
3 3690 2838 2954
3 3468 2954 2838
3 3684 3468 2838
3 3466 3468 3684
3 4689 4808 3469
3 4923 5046 4808
3 4923 4808 4689
3 5165 3691 5046
3 4923 5165 5046
3 5163 5165 4923
3 5546 5435 3467
3 5435 5163 3467
3 5435 5165 5163
3 5546 3685 5435
3 8578 8463 3686
3 8463 8578 3692
3 8578 8854 3692
3 8578 8852 8854
3 8852 9126 8854
3 8852 9124 9126
3 9124 9374 9126
3 9124 9372 9374
3 3693 9374 9483
3 9374 9608 9483
3 9374 9372 9608
3 9608 3687 9483
3 9998 9889 3688
3 9998 3689 9889
3 2954 2839 3690
3 3694 2839 2954
3 3468 3694 2954
3 3470 3694 3468
3 4205 4336 3471
3 4449 3695 4336
3 4205 4449 4336
3 4447 4449 4205
3 4808 4691 3469
3 4691 4447 3469
3 4691 4449 4447
3 4691 4808 4925
3 4925 4808 5046
3 5046 3691 4925
3 8854 8725 3692
3 8725 8854 8993
3 8993 8854 9126
3 8993 9126 9247
3 9247 9126 9374
3 9374 3693 9247
3 3470 3031 3694
3 3694 3031 3033
3 3257 3033 3031
3 3257 3259 3033
3 3483 3259 3257
3 3483 3485 3259
3 3705 3485 3483
3 3705 3707 3485
3 3961 3707 3705
3 3961 3963 3707
3 4336 4209 3471
3 4209 3961 3471
3 4209 3963 3961
3 4336 3695 4209
3 3846 7026 7090
3 7090 7026 7384
3 7384 7026 7304
3 7304 3847 7384
3 3848 6758 6822
3 3846 7090 6758
3 6758 7090 6822
3 7090 7024 6822
3 7024 3610 6822
3 7384 7302 7024
3 7384 7024 7090
3 3847 7620 7692
3 3847 7692 3611
3 7384 3847 3611
3 7302 7384 3611
3 7692 7620 7984
3 7984 7620 7914
3 7984 7914 8260
3 8260 7914 8196
3 8196 3849 8260
3 6756 3612 6822
3 3612 3848 6822
3 3612 3850 3848
3 6822 3610 6756
3 7692 7618 3611
3 7984 7910 7618
3 7984 7618 7692
3 8262 3613 7910
3 7984 8262 7910
3 8260 8262 7984
3 8260 3849 8262
3 8262 3849 3851
3 3852 6464 3614
3 3614 6464 6462
3 3612 6462 6464
3 3612 6464 3850
3 8264 3615 3613
3 8264 3613 8262
3 8262 3851 8264
3 8264 3851 3853
3 3854 5436 3616
3 3616 5436 5434
3 5436 5666 5434
3 5668 5666 5436
3 5668 5922 5666
3 5924 5922 5668
3 5924 6172 5922
3 6174 6172 5924
3 3614 6172 6174
3 3614 6174 3852
3 8264 8192 3615
3 8264 3853 8192
3 3853 3617 8192
3 3853 3855 3617
3 3856 5166 3618
3 3618 5166 5164
3 3616 5164 5166
3 3616 5166 3854
3 3617 3857 3619
3 3855 3857 3617
3 3858 3618 3620
3 3858 3856 3618
3 3857 8464 8536
3 3621 3857 8536
3 3619 3857 3621
3 8464 3859 8536
3 3860 3620 3622
3 3860 3858 3620
3 8538 3623 3621
3 8538 3621 8536
3 8536 3859 8538
3 8538 3859 3861
3 3862 3622 3624
3 3862 3860 3622
3 8540 3625 3623
3 8540 3623 8538
3 8538 3861 8540
3 8540 3861 3863
3 5167 3862 5255
3 3862 3626 5255
3 3862 3624 3626
3 3864 5167 5255
3 8542 3627 3625
3 8542 3625 8540
3 8540 3863 8542
3 8542 3863 3865
3 3628 5257 3626
3 3626 5257 5255
3 3864 5255 5257
3 3864 5257 3866
3 8544 3629 3627
3 8544 3627 8542
3 8542 3865 8544
3 8544 3865 3867
3 3630 5261 3628
3 3628 5261 5257
3 3866 5257 5261
3 3866 5261 3868
3 8193 8280 3631
3 8544 8465 3629
3 3629 8465 8193
3 8465 3869 8193
3 3869 8280 8193
3 8544 3867 8465
3 4277 4206 3632
3 4517 4448 4277
3 4277 4448 4206
3 4763 4690 4517
3 4517 4690 4448
3 4995 4924 4763
3 4763 4924 4690
3 5168 5261 3630
3 5168 3630 4924
3 3870 5168 4924
3 4995 3870 4924
3 3868 5261 5168
3 7911 8006 3633
3 8280 8197 3631
3 3631 8197 7911
3 8197 3871 7911
3 3871 8006 7911
3 8280 3869 8197
3 3634 4283 3632
3 3632 4283 4277
3 4283 3872 4450
3 4517 4283 4450
3 4277 4283 4517
3 4517 4450 4692
3 4517 4692 4763
3 4763 4692 4926
3 4763 4926 4995
3 3870 4995 4926
3 8008 3635 3633
3 8008 3633 8006
3 8006 3871 8008
3 8008 3871 3873
3 3874 9692 9786
3 9692 3875 9786
3 3636 4287 3634
3 3634 4287 4283
3 3872 4283 4287
3 3872 4287 3876
3 8010 3637 3635
3 8010 3635 8008
3 8198 8286 3873
3 8286 8008 3873
3 8286 8010 8008
3 8198 3877 8286
3 3878 9484 9580
3 3874 9786 9484
3 9786 9580 9484
3 9786 9788 9580
3 9890 9972 3875
3 9972 9786 3875
3 9972 9788 9786
3 9890 3879 9972
3 3638 4291 3636
3 3636 4291 4287
3 3876 4287 4291
3 3876 4291 3880
3 8010 7912 3637
3 8286 8194 7912
3 8286 7912 8010
3 3877 8466 8554
3 3877 8554 3639
3 8286 3877 3639
3 8194 8286 3639
3 8466 3881 8554
3 9582 3882 9580
3 9580 3882 3878
3 9580 9790 9582
3 9580 9788 9790
3 9788 9974 9790
3 9788 9972 9974
3 10062 10060 3640
3 9972 10062 3640
3 9974 9972 3640
3 3879 10062 9972
3 10062 8 10060
3 10 8 10062
3 10 168 8
3 170 168 10
3 170 3883 168
3 168 3883 3641
3 4207 4291 3638
3 3880 4291 4207
3 3642 3880 4207
3 3884 3880 3642
3 8554 8460 3639
3 8460 8554 3881
3 8726 8460 3881
3 8722 8460 8726
3 3643 8722 9100
3 8722 8994 9100
3 8722 8726 8994
3 9100 8994 9348
3 9348 8994 9248
3 3882 9582 9248
3 9248 9582 9348
3 9582 9482 9348
3 9482 3644 9348
3 9790 9690 9482
3 9790 9482 9582
3 9974 9888 9690
3 9974 9690 9790
3 9974 3640 9888
3 326 3641 3883
3 326 3883 328
3 328 472 326
3 474 472 328
3 3645 472 702
3 472 614 702
3 472 474 614
3 702 614 832
3 832 614 742
3 832 742 990
3 990 742 888
3 888 3885 990
3 3886 3642 3646
3 3886 3884 3642
3 9100 8990 3643
3 9348 9244 8990
3 9348 8990 9100
3 9348 3644 9244
3 702 612 3645
3 832 740 612
3 832 612 702
3 990 886 740
3 990 740 832
3 3885 1048 1160
3 3885 1160 3647
3 990 3885 3647
3 886 990 3647
3 1048 3887 1160
3 4307 4208 3648
3 3646 4208 4307
3 3888 3646 4307
3 3886 3646 3888
3 1160 1046 3647
3 1160 3887 1046
3 3887 3649 1046
3 3887 3889 3649
3 4065 3962 3650
3 4210 4307 3648
3 4210 3648 3962
3 3890 4210 3962
3 4065 3890 3962
3 3888 4307 4210
3 7025 7128 3651
3 7303 7432 7128
3 7303 7128 7025
3 3652 7432 7303
3 1212 3649 3889
3 1212 3889 1214
3 1214 3891 1212
3 1212 3891 3653
3 3131 3032 3654
3 3357 3258 3131
3 3131 3258 3032
3 3585 3484 3357
3 3357 3484 3258
3 3892 3708 3585
3 3708 3484 3585
3 3708 3706 3484
3 3964 4065 3650
3 3706 3964 3650
3 3708 3964 3706
3 3890 4065 3964
3 6757 6860 3655
3 7128 7027 3651
3 3651 7027 6757
3 7027 3893 6757
3 3893 6860 6757
3 7027 7128 3894
3 7128 7434 3894
3 7128 7432 7434
3 7432 3652 7619
3 7730 7432 7619
3 7434 7432 7730
3 3656 7730 7619
3 8723 8838 3657
3 8991 9108 8838
3 8991 8838 8723
3 3658 9108 8991
3 1368 3653 3891
3 1368 3891 1370
3 1370 3895 1368
3 1368 3895 3659
3 3660 3135 3654
3 3654 3135 3131
3 3135 3896 3260
3 3357 3135 3260
3 3131 3135 3357
3 3357 3260 3486
3 3357 3486 3585
3 3892 3585 3486
3 6463 6586 3661
3 6586 6463 3655
3 6860 6586 3655
3 6862 6586 6860
3 6860 3893 6862
3 6862 3893 3897
3 7434 7305 3894
3 7305 7434 7621
3 7621 7434 7730
3 8024 3898 7913
3 7913 3898 3656
3 3898 7621 3656
3 7621 7730 3656
3 8195 8300 8024
3 8195 8024 7913
3 8461 8566 8300
3 8461 8300 8195
3 8566 8461 3657
3 8838 8566 3657
3 8840 8566 8838
3 8838 9110 8840
3 8838 9108 9110
3 9108 3658 3662
3 9108 3662 9110
3 3659 3899 3663
3 3895 3899 3659
3 3664 3139 3660
3 3660 3139 3135
3 3896 3135 3139
3 3896 3139 3900
3 6173 6296 3665
3 6296 6173 3661
3 6586 6296 3661
3 6590 6296 6586
3 6586 6864 6590
3 6586 6862 6864
3 7028 7134 3897
3 7134 6862 3897
3 7134 6864 6862
3 7028 3901 7134
3 8024 7915 3898
3 7915 8024 3902
3 8024 8302 3902
3 8024 8300 8302
3 8300 8568 8302
3 8300 8566 8568
3 3903 8568 8727
3 8568 8840 8727
3 8568 8566 8840
3 8727 8840 8995
3 8995 8840 9110
3 9360 3904 9245
3 9245 3904 3662
3 3904 8995 3662
3 8995 9110 3662
3 3666 9360 9245
3 3663 3905 3667
3 3899 3905 3663
3 3139 3664 3034
3 3664 3906 3034
3 3664 3668 3906
3 3900 3139 3034
3 6300 3669 3665
3 6300 3665 6296
3 6296 6594 6300
3 6296 6590 6594
3 6590 6866 6594
3 6590 6864 6866
3 6864 7136 6866
3 6864 7134 7136
3 7306 7440 3901
3 7440 7134 3901
3 7440 7136 7134
3 7306 3907 7440
3 8302 8199 3902
3 8199 8302 3908
3 8302 8570 3908
3 8302 8568 8570
3 8568 3903 8570
3 8570 3903 3909
3 3910 8996 9114
3 3904 9360 8996
3 9360 9114 8996
3 9360 9362 9114
3 9360 3666 3670
3 9360 3670 9362
3 1371 3911 3671
3 1371 3671 1369
3 1369 3667 1371
3 1371 3667 3905
3 3912 3668 3672
3 3912 3906 3668
3 5923 6032 3673
3 6300 6175 3669
3 3669 6175 5923
3 6175 3913 5923
3 3913 6032 5923
3 6175 6300 6465
3 6465 6300 6594
3 6465 6594 3914
3 6594 6868 3914
3 6594 6866 6868
3 6866 7138 6868
3 6866 7136 7138
3 3915 7138 7307
3 7138 7440 7307
3 7138 7136 7440
3 7440 3907 7307
3 8572 3916 8570
3 8570 3916 3908
3 8728 8846 3909
3 8846 8570 3909
3 8846 8572 8570
3 3910 9114 8728
3 9114 8846 8728
3 9114 9116 8846
3 9114 9364 9116
3 9114 9362 9364
3 9362 3670 3674
3 9362 3674 9364
3 473 580 3675
3 613 724 580
3 613 580 473
3 743 3917 724
3 613 743 724
3 741 743 613
3 887 743 741
3 887 889 743
3 1047 889 887
3 1047 1049 889
3 1213 1049 1047
3 1213 1215 1049
3 1213 3671 1215
3 1215 3671 3911
3 3918 3672 3676
3 3918 3912 3672
3 5667 5776 3677
3 6032 5925 3673
3 3673 5925 5667
3 5925 3919 5667
3 3919 5776 5667
3 6032 3913 5925
3 6868 6759 3914
3 6759 6868 7029
3 7029 6868 7138
3 7138 3915 7029
3 8574 3920 8572
3 8572 3920 3916
3 8846 8724 3678
3 8574 8846 3678
3 8572 8846 8574
3 9116 8992 8724
3 9116 8724 8846
3 9364 9246 8992
3 9364 8992 9116
3 9364 3674 9246
3 582 3679 3675
3 582 3675 580
3 3921 582 615
3 582 724 615
3 582 580 724
3 724 3917 615
3 3922 3676 3680
3 3922 3918 3676
3 3677 5776 5669
3 3923 3677 5669
3 3681 3677 3923
3 5776 3919 5669
3 3924 8200 8310
3 3920 8574 8200
3 8200 8574 8310
3 8574 8462 8310
3 8462 3682 8310
3 8574 3678 8462
3 3679 582 475
3 3925 3679 475
3 3683 3679 3925
3 582 3921 475
3 3926 2840 2952
3 3684 2952 2840
3 3922 3684 2840
3 3680 3684 3922
3 5437 3927 5547
3 5547 3685 5437
3 3685 3923 5437
3 3685 3681 3923
3 8310 8201 3924
3 3928 8201 8310
3 3682 3928 8310
3 3686 3928 3682
3 9691 9816 3687
3 3688 9816 9691
3 10061 10166 3689
3 9 112 10166
3 9 10166 10061
3 169 280 112
3 169 112 9
3 329 3929 280
3 169 329 280
3 327 329 169
3 327 3683 329
3 329 3683 3925
3 3930 2660 2774
3 3926 2952 2660
3 2660 2952 2774
3 2952 2838 2774
3 2838 3690 2774
3 2952 3684 2838
3 4693 3931 4809
3 4693 4809 5047
3 4693 5047 4927
3 4927 5047 3691
3 5165 4927 3691
3 5169 4927 5165
3 3927 5169 5547
3 5169 5435 5547
3 5169 5165 5435
3 3685 5547 5435
3 8580 3932 8463
3 3932 3686 8463
3 3932 3928 3686
3 3692 8580 8463
3 9485 3933 3693
3 9485 3693 9483
3 9816 9693 3687
3 9693 9483 3687
3 9693 9485 9483
3 3688 9889 9816
3 9889 9693 9816
3 9889 9891 9693
3 10166 10063 3689
3 10063 9889 3689
3 10063 9891 9889
3 10063 10166 11
3 11 10166 112
3 11 112 171
3 171 112 280
3 280 3929 171
3 2774 2661 3930
3 2956 3934 2839
3 2839 3934 3690
3 3934 2661 3690
3 2661 2774 3690
3 3694 2956 2839
3 4451 3935 3695
3 4451 3695 4449
3 3931 4451 4809
3 4451 4691 4809
3 4451 4449 4691
3 4925 5047 4691
3 4691 5047 4809
3 3691 5047 4925
3 8580 8467 3932
3 3692 8725 8580
3 8725 8467 8580
3 8725 8729 8467
3 8993 9128 3936
3 8729 8993 3936
3 8725 8993 8729
3 9249 3937 9128
3 8993 9249 9128
3 9247 9249 8993
3 9247 3693 9249
3 9249 3693 3933
3 2956 2841 3934
3 3694 3033 2956
3 3033 2841 2956
3 3033 3035 2841
3 3259 3035 3033
3 3259 3261 3035
3 3485 3606 3938
3 3261 3485 3938
3 3259 3485 3261
3 3707 3840 3606
3 3707 3606 3485
3 3965 3939 3840
3 3707 3965 3840
3 3963 3965 3707
3 4209 3965 3963
3 4209 4211 3965
3 4209 3695 4211
3 4211 3695 3935
3 9128 8997 3936
3 9128 3937 8997
3 3606 3487 3938
3 3487 3606 3709
3 3709 3606 3840
3 3840 3939 3709
3 4096 6760 6818
3 6818 6760 7086
3 7086 6760 7030
3 7030 4097 7086
3 6820 4098 6818
3 6818 4098 4096
3 7086 7026 3846
3 6820 7086 3846
3 6818 7086 6820
3 7026 7086 4097
3 7308 7026 4097
3 7304 7026 7308
3 3847 7304 7690
3 7304 7622 7690
3 7304 7308 7622
3 7690 7622 7982
3 7982 7622 7916
3 7916 4099 7982
3 6758 3848 6820
3 3848 4098 6820
3 3848 4100 4098
3 6820 3846 6758
3 7690 7620 3847
3 7982 7914 7620
3 7982 7620 7690
3 7914 7982 4099
3 8202 7914 4099
3 8196 7914 8202
3 3849 8196 8526
3 8196 8468 8526
3 8196 8202 8468
3 8468 4101 8526
3 4102 3848 3850
3 4102 4100 3848
3 8528 3851 3849
3 8528 3849 8526
3 8526 4101 8528
3 8528 4101 4103
3 4104 6466 3852
3 3852 6466 6464
3 3850 6464 6466
3 3850 6466 4102
3 8530 3853 3851
3 8530 3851 8528
3 8528 4103 8530
3 8530 4103 4105
3 4106 5438 3854
3 3854 5438 5436
3 5438 5668 5436
3 5670 5668 5438
3 5670 5924 5668
3 5926 5924 5670
3 5926 6174 5924
3 6176 6174 5926
3 3852 6174 6176
3 3852 6176 4104
3 8532 3855 3853
3 8532 3853 8530
3 8530 4105 8532
3 8532 4105 4107
3 4108 5170 3856
3 3856 5170 5166
3 3854 5166 5170
3 3854 5170 4106
3 8534 3857 3855
3 8534 3855 8532
3 8532 4107 8534
3 8534 4107 4109
3 4110 3856 3858
3 4110 4108 3856
3 8534 8464 3857
3 8534 4109 8464
3 4109 3859 8464
3 4109 4111 3859
3 4112 3858 3860
3 4112 4110 3858
3 3859 4113 3861
3 4111 4113 3859
3 5171 4112 5251
3 4112 3862 5251
3 4112 3860 3862
3 4114 5171 5251
3 4113 8730 8814
3 3863 4113 8814
3 3861 4113 3863
3 8730 4115 8814
3 5167 5251 3862
3 4114 5251 5167
3 3864 4114 5167
3 4116 4114 3864
3 8816 3865 3863
3 8816 3863 8814
3 8814 4115 8816
3 8816 4115 4117
3 4118 9486 9570
3 9570 9486 9778
3 9778 9486 9694
3 9778 9694 9962
3 9962 9694 9892
3 9892 4119 9962
3 4120 3864 3866
3 4120 4116 3864
3 8818 3867 3865
3 8818 3865 8816
3 8998 9088 4117
3 9088 8816 4117
3 9088 8818 8816
3 9088 8998 9336
3 9336 8998 9250
3 4118 9570 9250
3 9570 9336 9250
3 9570 9572 9336
3 9570 9780 9572
3 9570 9778 9780
3 9778 9964 9780
3 9778 9962 9964
3 9962 4119 9964
3 9964 4119 4121
3 4122 3866 3868
3 4122 4120 3866
3 8465 8546 3869
3 8546 8465 3867
3 8818 8546 3867
3 8820 8546 8818
3 4123 8820 8999
3 8820 9088 8999
3 8820 8818 9088
3 8999 9088 4124
3 9088 9338 4124
3 9088 9336 9338
3 9336 9574 9338
3 9336 9572 9574
3 9572 9782 9574
3 9572 9780 9782
3 9780 9966 9782
3 9780 9964 9966
3 9964 4121 9966
3 9966 4121 4125
3 5267 5168 3870
3 3868 5168 5267
3 4126 3868 5267
3 4122 3868 4126
3 8197 8282 3871
3 8546 8469 3869
3 3869 8469 8197
3 8469 4127 8197
3 4127 8282 8197
3 8469 8546 8731
3 8731 8546 8820
3 8820 4123 8731
3 9340 4128 9338
3 9338 4128 4124
3 9338 9576 9340
3 9338 9574 9576
3 9574 9784 9576
3 9574 9782 9784
3 9782 9968 9784
3 9782 9966 9968
3 9966 4125 9968
3 9968 4125 4129
3 4523 4450 3872
3 4767 4692 4523
3 4523 4692 4450
3 4130 4928 4767
3 4928 4692 4767
3 4928 4926 4692
3 5172 5267 3870
3 4926 5172 3870
3 4928 5172 4926
3 4126 5267 5172
3 8284 3873 3871
3 8284 3871 8282
3 8282 4127 8284
3 8284 4127 4131
3 9342 4132 9340
3 9340 4132 4128
3 9340 9578 9342
3 9340 9576 9578
3 9784 9692 3874
3 9578 9784 3874
3 9576 9784 9578
3 9970 3875 9692
3 9784 9970 9692
3 9968 9970 9784
3 10064 10138 4129
3 10138 9968 4129
3 10138 9970 9968
3 10064 4133 10138
3 4134 744 826
3 826 744 984
3 984 744 890
3 890 4135 984
3 4523 3872 4452
3 3872 4136 4452
3 3872 3876 4136
3 4523 4452 4694
3 4523 4694 4767
3 4130 4767 4694
3 8284 8198 3873
3 4131 8470 8552
3 4131 8552 3877
3 8284 4131 3877
3 8198 8284 3877
3 8470 4137 8552
3 9344 4138 9342
3 9342 4138 4132
3 9578 9484 3878
3 9344 9578 3878
3 9342 9578 9344
3 9578 3874 9484
3 9970 9890 3875
3 10140 3879 9890
3 9970 10140 9890
3 10138 10140 9970
3 10138 4133 10140
3 10140 4133 4139
3 4140 616 698
3 4134 826 616
3 826 698 616
3 826 828 698
3 826 986 828
3 826 984 986
3 1050 1154 4135
3 1154 984 4135
3 1154 986 984
3 1050 4141 1154
3 4142 3876 3880
3 4142 4136 3876
3 8552 8466 3877
3 4137 8732 8828
3 4137 8828 3881
3 8552 4137 3881
3 8466 8552 3881
3 8828 8732 9098
3 9098 8732 9000
3 4138 9344 9000
3 9344 9098 9000
3 9344 9346 9098
3 9344 3878 3882
3 9344 3882 9346
3 10140 10062 3879
3 10062 10140 4139
3 12 10062 4139
3 10 10062 12
3 12 170 10
3 172 170 12
3 3883 170 406
3 170 330 406
3 170 172 330
3 406 330 558
3 558 330 476
3 4140 698 476
3 698 558 476
3 698 700 558
3 698 830 700
3 698 828 830
3 828 988 830
3 828 986 988
3 986 1156 988
3 986 1154 1156
3 1154 4141 1156
3 1156 4141 4143
3 4144 3880 3884
3 4144 4142 3880
3 8828 8726 3881
3 9098 8994 8726
3 9098 8726 8828
3 9346 9248 8994
3 9346 8994 9098
3 9346 3882 9248
3 406 328 3883
3 558 474 328
3 558 328 406
3 700 614 474
3 700 474 558
3 830 742 614
3 830 614 700
3 988 888 742
3 988 742 830
3 1158 3885 888
3 988 1158 888
3 1156 1158 988
3 1156 4143 1158
3 1158 4143 4145
3 4146 3884 3886
3 4146 4144 3884
3 1158 1048 3885
3 4145 1216 1318
3 4145 1318 3887
3 1158 4145 3887
3 1048 1158 3887
3 1216 4147 1318
3 4148 3886 3888
3 4148 4146 3886
3 1320 3889 3887
3 1320 3887 1318
3 1318 4147 1320
3 1320 4147 4149
3 4150 4212 3890
3 3890 4212 4210
3 3888 4210 4212
3 3888 4212 4148
3 1320 1214 3889
3 1320 4149 1214
3 4149 3891 1214
3 4149 4151 3891
3 3815 3708 3892
3 4152 3966 3815
3 3966 3708 3815
3 3966 3964 3708
3 3890 3964 3966
3 3890 3966 4150
3 7027 7130 3893
3 3894 7130 7027
3 4153 1479 1370
3 3891 4153 1370
3 4151 4153 3891
3 1479 3895 1370
3 3361 3260 3896
3 4154 3488 3361
3 3488 3260 3361
3 3488 3486 3260
3 3710 3815 3892
3 3486 3710 3892
3 3488 3710 3486
3 4152 3815 3710
3 7132 3897 3893
3 7132 3893 7130
3 7130 3894 7305
3 7436 7130 7305
3 7132 7130 7436
3 7621 7732 7436
3 7621 7436 7305
3 3898 7732 7621
3 1372 1479 4153
3 1372 4155 1479
3 4155 3895 1479
3 4155 3899 3895
3 3900 3365 3896
3 3896 3365 3361
3 4154 3361 3365
3 4154 3365 4156
3 7132 7028 3897
3 7438 3901 7028
3 7132 7438 7028
3 7436 7438 7132
3 7436 7734 7438
3 7436 7732 7734
3 7732 3898 7915
3 8026 7732 7915
3 7734 7732 8026
3 3902 8026 7915
3 8727 8842 3903
3 8995 9112 8842
3 8995 8842 8727
3 3904 9112 8995
3 1373 4157 1483
3 1483 3905 1373
3 3905 4155 1373
3 3905 3899 4155
3 3143 3034 3906
3 3262 3365 3900
3 3262 3900 3034
3 4158 3262 3034
3 3143 4158 3034
3 4156 3365 3262
3 7438 7306 3901
3 7736 3907 7306
3 7438 7736 7306
3 7734 7736 7438
3 7734 8028 7736
3 7734 8026 8028
3 8026 3902 8199
3 8304 8026 8199
3 8028 8026 8304
3 3908 8304 8199
3 8844 3909 3903
3 8844 3903 8842
3 9112 8996 3910
3 8844 9112 3910
3 8842 9112 8844
3 9112 3904 8996
3 3911 1371 1483
3 4157 3911 1483
3 4159 3911 4157
3 3905 1483 1371
3 4160 2842 2944
3 2842 3036 2944
3 3036 3906 2944
3 3906 3912 2944
3 3906 3036 3143
3 4158 3143 3036
3 6175 6304 3913
3 6465 6600 6304
3 6465 6304 6175
3 3914 6600 6465
3 7307 7444 3915
3 7444 7307 3907
3 7736 7444 3907
3 7738 7444 7736
3 7736 8030 7738
3 7736 8028 8030
3 8028 8306 8030
3 8028 8304 8306
3 8304 3908 3916
3 8304 3916 8306
3 8844 8728 3909
3 8844 3910 8728
3 745 4161 3917
3 745 3917 743
3 889 745 743
3 889 891 745
3 1049 891 889
3 1049 1051 891
3 1215 1051 1049
3 1215 1217 1051
3 1215 3911 1217
3 1217 3911 4159
3 2948 4162 2944
3 2944 4162 4160
3 2944 3912 3918
3 2944 3918 2948
3 5927 4163 3919
3 5927 3919 5925
3 6304 6177 3913
3 6177 5925 3913
3 6177 5927 5925
3 6177 6304 4164
3 6304 6604 4164
3 6304 6600 6604
3 6600 3914 6759
3 6870 6600 6759
3 6604 6600 6870
3 7029 7142 6870
3 7029 6870 6759
3 7142 7029 3915
3 7444 7142 3915
3 7448 7142 7444
3 7444 7742 7448
3 7444 7738 7742
3 7738 8032 7742
3 7738 8030 8032
3 8030 8308 8032
3 8030 8306 8308
3 8306 3916 3920
3 8306 3920 8308
3 617 4165 3921
3 617 3921 615
3 615 3917 617
3 617 3917 4161
3 4166 2214 2320
3 2320 2214 2452
3 2452 2214 2352
3 2452 2352 2600
3 2600 2352 2494
3 2600 2494 2770
3 2770 2494 2662
3 4162 2948 2662
3 2948 2770 2662
3 2948 2950 2770
3 2948 3918 3922
3 2948 3922 2950
3 5439 4167 5543
3 5439 5543 3923
3 5669 5439 3923
3 5671 5439 5669
3 5669 3919 5671
3 5671 3919 4163
3 6604 6467 4164
3 6467 6604 6761
3 6761 6604 6870
3 6761 6870 7031
3 7031 6870 7142
3 7031 7142 7309
3 7309 7142 7448
3 7309 7448 7623
3 7623 7448 7742
3 7623 7742 4168
3 7742 8036 4168
3 7742 8032 8036
3 8308 8200 3924
3 8036 8308 3924
3 8032 8308 8036
3 8308 3920 8200
3 477 4169 3925
3 477 3925 475
3 475 3921 477
3 477 3921 4165
3 2322 4170 2320
3 2320 4170 4166
3 2320 2454 2322
3 2320 2452 2454
3 2452 2602 2454
3 2452 2600 2602
3 2600 2772 2602
3 2600 2770 2772
3 2950 2840 3926
3 2772 2950 3926
3 2770 2950 2772
3 2950 3922 2840
3 5173 4171 5315
3 5543 4167 5173
3 5543 5173 5315
3 5437 5543 5315
3 3927 5437 5315
3 3923 5543 5437
3 8036 7917 4168
3 8312 4172 8201
3 8201 4172 3924
3 4172 7917 3924
3 7917 8036 3924
3 3928 8312 8201
3 329 432 3929
3 329 3925 432
3 3925 4173 432
3 3925 4169 4173
3 2324 4174 2322
3 2322 4174 4170
3 2322 2456 2324
3 2322 2454 2456
3 2454 2604 2456
3 2454 2602 2604
3 2772 2660 3930
3 2604 2772 3930
3 2602 2772 2604
3 2772 3926 2660
3 4453 4175 4561
3 4453 4561 3931
3 4693 4453 3931
3 4695 4453 4693
3 4927 4695 4693
3 4927 4929 4695
3 4171 4929 5315
3 4929 5169 5315
3 4929 4927 5169
3 3927 5315 5169
3 8312 8203 4172
3 4176 8203 8312
3 3928 4176 8312
3 3932 4176 3928
3 9485 9610 3933
3 9693 9818 9610
3 9693 9610 9485
3 9891 10000 9818
3 9891 9818 9693
3 10063 10168 10000
3 10063 10000 9891
3 11 114 10168
3 11 10168 10063
3 171 282 114
3 171 114 11
3 282 171 3929
3 432 282 3929
3 434 282 432
3 432 4173 434
3 434 4173 4177
3 4178 2042 2176
3 4174 2324 2042
3 2324 2176 2042
3 2324 2326 2176
3 2324 2458 2326
3 2324 2456 2458
3 2456 2606 2458
3 2456 2604 2606
3 2604 3930 2661
3 2776 2604 2661
3 2606 2604 2776
3 3934 2776 2661
3 3935 4451 4561
3 4175 3935 4561
3 4179 3935 4175
3 3931 4561 4451
3 3932 8467 4176
3 4176 8467 8471
3 8729 8856 4180
3 8471 8729 4180
3 8467 8729 8471
3 3936 8856 8729
3 9251 4181 3937
3 9251 3937 9249
3 9610 9487 3933
3 9487 9249 3933
3 9487 9251 9249
3 9487 9610 9695
3 9695 9610 9818
3 9695 9818 9893
3 9893 9818 10000
3 9893 10000 10065
3 10065 10000 10168
3 10065 10168 4182
3 10168 116 4182
3 10168 114 116
3 114 284 116
3 114 282 284
3 282 436 284
3 282 434 436
3 434 4177 436
3 436 4177 4183
3 2178 4184 2176
3 2176 4184 4178
3 2176 2328 2178
3 2176 2326 2328
3 2326 2460 2328
3 2326 2458 2460
3 2458 2608 2460
3 2458 2606 2608
3 2606 2778 2608
3 2606 2776 2778
3 2776 3934 2841
3 2958 2776 2841
3 2778 2776 2958
3 3035 3158 2958
3 3035 2958 2841
3 3261 3382 3158
3 3261 3158 3035
3 3938 3382 3261
3 3965 4092 3939
3 4213 4185 4092
3 3965 4213 4092
3 4211 4213 3965
3 4211 3935 4213
3 4213 3935 4179
3 8856 8733 4180
3 3936 8997 8856
3 8997 8733 8856
3 8997 9001 8733
3 8997 3937 9001
3 9001 3937 4181
3 116 13 4182
3 13 116 173
3 173 116 284
3 173 284 331
3 331 284 436
3 436 4183 331
3 2180 4186 2178
3 2178 4186 4184
3 2178 2330 2180
3 2178 2328 2330
3 2328 2462 2330
3 2328 2460 2462
3 2460 2610 2462
3 2460 2608 2610
3 4187 2610 2663
3 2610 2778 2663
3 2610 2608 2778
3 2663 2778 2843
3 2843 2778 2958
3 2843 2958 3037
3 3037 2958 3158
3 3037 3158 3263
3 3263 3158 3382
3 3608 4188 3487
3 3487 4188 3938
3 4188 3263 3938
3 3263 3382 3938
3 3709 3842 3608
3 3709 3608 3487
3 4092 3967 3939
3 3939 3967 3709
3 3967 4189 3709
3 4189 3842 3709
3 4092 4185 3967
3 2182 4190 2180
3 2180 4190 4186
3 2180 2332 2182
3 2180 2330 2332
3 2330 2464 2332
3 2330 2462 2464
3 4191 2464 2495
3 2464 2610 2495
3 2464 2462 2610
3 2610 4187 2495
3 3608 3489 4188
3 3489 3608 3711
3 3711 3608 3842
3 3842 4189 3711
3 2182 2043 4190
3 2043 2182 2215
3 2215 2182 2332
3 2215 2332 2353
3 2353 2332 2464
3 2464 4191 2353
3 4340 6468 6536
3 6536 6468 6816
3 6816 6468 6762
3 6816 6762 7084
3 7084 6762 7032
3 7084 7032 7374
3 7374 7032 7310
3 7310 4341 7374
3 6538 4342 6536
3 6536 4342 4340
3 6816 6760 4096
3 6538 6816 4096
3 6536 6816 6538
3 7084 7030 6760
3 7084 6760 6816
3 7380 4097 7030
3 7084 7380 7030
3 7374 7380 7084
3 7624 7688 4341
3 7688 7374 4341
3 7688 7380 7374
3 7624 4343 7688
3 6540 4344 6538
3 6538 4344 4342
3 6538 4096 4098
3 6538 4098 6540
3 7380 7308 4097
3 7688 7622 7308
3 7688 7308 7380
3 7622 7688 4343
3 7918 7622 4343
3 7916 7622 7918
3 4099 7916 8258
3 7916 8204 8258
3 7916 7918 8204
3 8258 8204 8524
3 8524 8204 8472
3 8524 8472 8798
3 8798 8472 8734
3 8798 8734 9068
3 9068 8734 9002
3 9002 4345 9068
3 6542 4346 6540
3 6540 4346 4344
3 6540 4098 4100
3 6540 4100 6542
3 8258 8202 4099
3 8524 8468 8202
3 8524 8202 8258
3 8800 4101 8468
3 8524 8800 8468
3 8798 8800 8524
3 8798 9070 8800
3 8798 9068 9070
3 9068 4345 9070
3 9070 4345 4347
3 6544 4348 6542
3 6542 4348 4346
3 6542 4100 4102
3 6542 4102 6544
3 8802 4103 4101
3 8802 4101 8800
3 8800 9072 8802
3 8800 9070 9072
3 9070 4347 9072
3 9072 4347 4349
3 4350 6178 6250
3 4348 6544 6178
3 6178 6544 6250
3 6544 6466 6250
3 6466 4104 6250
3 6544 4102 6466
3 8804 4105 4103
3 8804 4103 8802
3 4351 8804 9003
3 8804 9072 9003
3 8804 8802 9072
3 9072 4349 9003
3 4352 5440 4106
3 4106 5440 5438
3 5440 5670 5438
3 5672 5670 5440
3 5672 5926 5670
3 5928 5926 5672
3 5928 4350 6250
3 6176 5928 6250
3 5926 5928 6176
3 6250 4104 6176
3 8806 4107 4105
3 8806 4105 8804
3 8804 4351 8806
3 8806 4351 4353
3 4354 5174 4108
3 4108 5174 5170
3 4106 5170 5174
3 4106 5174 4352
3 4107 8806 8735
3 4355 4107 8735
3 4109 4107 4355
3 8806 4353 8735
3 4356 4108 4110
3 4356 4354 4108
3 4355 8736 8810
3 4111 4355 8810
3 4109 4355 4111
3 8736 4357 8810
3 4358 4110 4112
3 4358 4356 4110
3 8812 4113 4111
3 8812 4111 8810
3 8810 4357 8812
3 8812 4357 4359
3 4112 5171 4358
3 4358 5171 5175
3 4360 5175 5171
3 4360 5171 4114
3 8812 8730 4113
3 4359 9004 9084
3 4359 9084 4115
3 8812 4359 4115
3 8730 8812 4115
3 9084 9004 9332
3 9332 9004 9252
3 9332 9252 9568
3 9568 9252 9488
3 9568 9488 9776
3 9776 9488 9696
3 9776 9696 9960
3 9960 9696 9894
3 9894 4361 9960
3 4362 4114 4116
3 4362 4360 4114
3 9086 4117 4115
3 9086 4115 9084
3 9084 9334 9086
3 9084 9332 9334
3 9568 9486 4118
3 9334 9568 4118
3 9332 9568 9334
3 9776 9694 9486
3 9776 9486 9568
3 9960 9892 9694
3 9960 9694 9776
3 4361 10066 10130
3 4361 10130 4119
3 9960 4361 4119
3 9892 9960 4119
3 10066 4363 10130
3 4364 4116 4120
3 4364 4362 4116
3 9086 8998 4117
3 9334 9250 8998
3 9334 8998 9086
3 9334 4118 9250
3 10132 4121 4119
3 10132 4119 10130
3 10130 4363 10132
3 10132 4363 4365
3 4366 4120 4122
3 4366 4364 4120
3 8999 9090 4123
3 4124 9090 8999
3 10134 4125 4121
3 10134 4121 10132
3 10132 4365 10134
3 10134 4365 4367
3 4368 4122 4126
3 4368 4366 4122
3 8469 8548 4127
3 8731 8822 8548
3 8731 8548 8469
3 8822 8731 4123
3 9090 8822 4123
3 9092 8822 9090
3 9090 4124 4128
3 9090 4128 9092
3 10136 4129 4125
3 10136 4125 10134
3 10134 4367 10136
3 10136 4367 4369
3 4370 746 824
3 824 746 982
3 982 746 892
3 892 4371 982
3 4999 4928 4130
3 4372 5176 4999
3 5176 4928 4999
3 5176 5172 4928
3 4126 5172 5176
3 4126 5176 4368
3 8550 4131 4127
3 8550 4127 8548
3 8548 8824 8550
3 8548 8822 8824
3 8822 9094 8824
3 8822 9092 9094
3 9092 4128 4132
3 9092 4132 9094
3 10136 10064 4129
3 10136 4369 10064
3 4369 4133 10064
3 4369 4373 4133
3 4374 618 696
3 4370 824 618
3 618 824 696
3 824 744 696
3 744 4134 696
3 982 890 744
3 982 744 824
3 4371 1052 1152
3 4371 1152 4135
3 982 4371 4135
3 890 982 4135
3 1052 4375 1152
3 4376 4454 4136
3 4136 4454 4452
3 4454 4694 4452
3 4696 4694 4454
3 4930 4999 4130
3 4694 4930 4130
3 4696 4930 4694
3 4372 4999 4930
3 8550 8470 4131
3 8826 4137 8470
3 8550 8826 8470
3 8824 8826 8550
3 8824 9096 8826
3 8824 9094 9096
3 9094 4132 4138
3 9094 4138 9096
3 4373 14 86
3 4139 4373 86
3 4133 4373 4139
3 86 14 254
3 254 14 174
3 254 174 404
3 404 174 332
3 404 332 556
3 556 332 478
3 4374 696 478
3 478 696 556
3 696 616 556
3 616 4140 556
3 696 4134 616
3 1152 1050 4135
3 1152 4375 1050
3 4375 4141 1050
3 4375 4377 4141
3 4378 4214 4292
3 4142 4292 4214
3 4376 4142 4214
3 4136 4142 4376
3 8826 8732 4137
3 9096 9000 8732
3 9096 8732 8826
3 9096 4138 9000
3 86 12 4139
3 254 172 12
3 254 12 86
3 404 330 172
3 404 172 254
3 556 476 330
3 556 330 404
3 556 4140 476
3 4377 1218 1314
3 4143 4377 1314
3 4141 4377 4143
3 1218 4379 1314
3 4298 4380 4292
3 4292 4380 4378
3 4292 4142 4144
3 4292 4144 4298
3 1316 4145 4143
3 1316 4143 1314
3 1374 1472 4379
3 1472 1314 4379
3 1472 1316 1314
3 1374 4381 1472
3 4304 4382 4298
3 4298 4382 4380
3 4298 4144 4146
3 4298 4146 4304
3 1316 1216 4145
3 1474 4147 1216
3 1316 1474 1216
3 1472 1474 1316
3 1472 4381 1474
3 1474 4381 4383
3 4308 4384 4304
3 4304 4384 4382
3 4304 4146 4148
3 4304 4148 4308
3 1476 4149 4147
3 1476 4147 1474
3 1474 4383 1476
3 1476 4383 4385
3 4212 4150 4308
3 4150 4384 4308
3 4150 4386 4384
3 4308 4148 4212
3 4149 1476 1375
3 4387 4149 1375
3 4151 4149 4387
3 1476 4385 1375
3 4388 3968 4152
3 4152 3968 3966
3 4150 3966 3968
3 4150 3968 4386
3 4151 4389 4153
3 4387 4389 4151
3 4390 3490 4154
3 4154 3490 3488
3 3490 3710 3488
3 3712 3710 3490
3 4152 3710 3712
3 4152 3712 4388
3 4391 1481 1372
3 4153 4391 1372
3 4389 4391 4153
3 1481 4155 1372
3 4392 4154 4156
3 4392 4390 4154
3 4157 1373 1481
3 4391 4157 1481
3 4393 4157 4391
3 4155 1481 1373
3 4394 3264 4158
3 4158 3264 3262
3 4156 3262 3264
3 4156 3264 4392
3 1219 4395 1331
3 1331 4159 1219
3 4159 4393 1219
3 4159 4157 4393
3 4396 2664 2766
3 2766 2664 4160
3 2664 2842 4160
3 2664 2844 2842
3 2844 3036 2842
3 3038 3036 2844
3 4158 3036 3038
3 4158 3038 4394
3 745 854 4161
3 893 4397 854
3 745 893 854
3 891 893 745
3 1051 893 891
3 1051 1053 893
3 4395 1053 1331
3 1053 1217 1331
3 1053 1051 1217
3 4159 1331 1217
3 4398 2044 2168
3 2168 2044 2318
3 2318 2044 2216
3 2318 2216 2450
3 2450 2216 2354
3 2450 2354 2598
3 2598 2354 2496
3 4396 2766 2496
3 2766 2598 2496
3 2766 2768 2598
3 2766 4160 4162
3 2766 4162 2768
3 5673 4399 5777
3 5673 5777 4163
3 5927 5673 4163
3 5929 5673 5927
3 6177 5929 5927
3 6177 6179 5929
3 4400 6179 6177
3 4400 6177 4164
3 619 4401 4165
3 619 4165 617
3 854 747 4161
3 747 617 4161
3 747 619 617
3 854 4397 747
3 2170 4402 2168
3 2168 4402 4398
3 2318 2214 4166
3 2170 2318 4166
3 2168 2318 2170
3 2450 2352 2214
3 2450 2214 2318
3 2598 2494 2352
3 2598 2352 2450
3 2768 2662 2494
3 2768 2494 2598
3 2768 4162 2662
3 4931 4403 5039
3 4931 5039 5311
3 4931 5311 5177
3 5177 5311 4167
3 5439 5177 4167
3 5441 5177 5439
3 4399 5441 5777
3 5441 5671 5777
3 5441 5439 5671
3 4163 5777 5671
3 4164 6467 4400
3 4400 6467 6469
3 6761 6469 6467
3 6761 6763 6469
3 7031 6763 6761
3 7031 7033 6763
3 7309 7033 7031
3 7309 7311 7033
3 7623 7746 4404
3 7311 7623 4404
3 7309 7623 7311
3 4168 7746 7623
3 479 4405 4169
3 479 4169 477
3 477 4165 479
3 479 4165 4401
3 2172 4406 2170
3 2170 4406 4402
3 2170 4166 4170
3 2170 4170 2172
3 4697 4407 4805
3 5039 4403 4697
3 4805 5039 4697
3 5043 5039 4805
3 5173 5311 4171
3 5311 5043 4171
3 5311 5039 5043
3 4167 5311 5173
3 7746 7625 4404
3 8038 4408 7917
3 7917 4408 4168
3 4408 7625 4168
3 7625 7746 4168
3 4172 8038 7917
3 4169 4409 4173
3 4405 4409 4169
3 2174 4410 2172
3 2172 4410 4406
3 2172 4170 4174
3 2172 4174 2174
3 4455 4411 4175
3 4455 4175 4453
3 4407 4455 4805
3 4455 4695 4805
3 4455 4453 4695
3 4929 5043 4695
3 4695 5043 4805
3 4171 5043 4929
3 8038 7919 4408
3 4172 8203 8038
3 8203 7919 8038
3 8203 8205 7919
3 4412 8205 8203
3 4412 8203 4176
3 4409 480 588
3 4177 4409 588
3 4173 4409 4177
3 480 4413 588
3 2042 4178 2174
3 4178 4410 2174
3 4178 4414 4410
3 2174 4174 2042
3 4175 4415 4179
3 4411 4415 4175
3 8582 4416 8471
3 4416 4176 8471
3 4416 4412 4176
3 4180 8582 8471
3 9251 9376 4181
3 9487 9612 9376
3 9487 9376 9251
3 9695 9820 9612
3 9695 9612 9487
3 9893 10002 9820
3 9893 9820 9695
3 10065 10170 10002
3 10065 10002 9893
3 4182 10170 10065
3 4177 588 481
3 4417 4177 481
3 4183 4177 4417
3 588 4413 481
3 4418 1848 1994
3 4184 1994 1848
3 4414 4184 1848
3 4178 4184 4414
3 4215 4419 4185
3 4215 4185 4213
3 4213 4179 4215
3 4215 4179 4415
3 8584 4420 8582
3 8582 4420 4416
3 8582 4180 8733
3 8858 8582 8733
3 8584 8582 8858
3 9001 9130 8858
3 9001 8858 8733
3 9376 9253 4181
3 4181 9253 9001
3 9253 4421 9001
3 4421 9130 9001
3 9253 9376 9489
3 9489 9376 9612
3 9489 9612 9697
3 9697 9612 9820
3 9697 9820 9895
3 9895 9820 10002
3 9895 10002 10067
3 10067 10002 10170
3 118 4422 13
3 13 4422 4182
3 4422 10067 4182
3 10067 10170 4182
3 173 286 118
3 173 118 13
3 333 4423 286
3 173 333 286
3 331 333 173
3 331 4183 333
3 333 4183 4417
3 1996 4424 1994
3 1994 4424 4418
3 1994 4184 4186
3 1994 4186 1996
3 2663 2780 4187
3 2843 2960 2780
3 2843 2780 2663
3 3037 3160 2960
3 3037 2960 2843
3 3265 4425 3160
3 3037 3265 3160
3 3263 3265 3037
3 4426 3265 3263
3 4426 3263 4188
3 3967 4094 4189
3 3967 4185 4094
3 4185 4427 4094
3 4185 4419 4427
3 8584 8473 4420
3 8473 8584 8737
3 8737 8584 8858
3 8737 8858 9005
3 9005 8858 9130
3 9130 4421 9005
3 118 15 4422
3 15 118 175
3 175 118 286
3 286 4423 175
3 1996 1849 4424
3 4428 1849 1996
3 4186 4428 1996
3 4190 4428 4186
3 2495 2612 4191
3 2780 2665 4187
3 4187 2665 2495
3 2665 4429 2495
3 4429 2612 2495
3 2665 2780 2845
3 2845 2780 2960
3 2845 2960 3039
3 3039 2960 3160
3 3160 4425 3039
3 4188 3489 4426
3 4426 3489 3491
3 3711 3491 3489
3 3711 3713 3491
3 4094 3969 4189
3 3969 3711 4189
3 3969 3713 3711
3 4094 4427 3969
3 4190 2043 4428
3 4428 2043 2045
3 2215 2334 4430
3 2045 2215 4430
3 2043 2215 2045
3 2355 4431 2334
3 2215 2355 2334
3 2353 2355 2215
3 2612 2497 4191
3 2497 2353 4191
3 2497 2355 2353
3 2612 4429 2497
3 2334 2217 4430
3 2334 4431 2217
3 4566 6764 6814
3 6814 6764 7082
3 7082 6764 7034
3 7034 4567 7082
3 4568 6470 4340
3 4340 6470 6468
3 6470 4566 6814
3 6762 6470 6814
3 6468 6470 6762
3 7082 7032 6762
3 7082 6762 6814
3 7032 7082 4567
3 7312 7032 4567
3 7310 7032 7312
3 7312 4569 7310
3 7310 4569 4341
3 4570 4340 4342
3 4570 4568 4340
3 7624 4341 4569
3 7624 4569 7626
3 7626 4571 7624
3 7624 4571 4343
3 4572 8738 8796
3 8738 4573 8796
3 4574 4342 4344
3 4574 4570 4342
3 7918 4343 4571
3 7918 4571 7920
3 7920 8204 7918
3 8206 8204 7920
3 8206 8472 8204
3 8474 8472 8206
3 8474 4572 8796
3 8734 8474 8796
3 8472 8474 8734
3 8734 8796 4573
3 9006 8734 4573
3 9002 8734 9006
3 4345 9002 9316
3 9002 9254 9316
3 9002 9006 9254
3 9254 4575 9316
3 4576 4344 4346
3 4576 4574 4344
3 9318 4347 4345
3 9318 4345 9316
3 9316 4575 9318
3 9318 4575 4577
3 4578 4346 4348
3 4578 4576 4346
3 9320 4349 4347
3 9320 4347 9318
3 9318 4577 9320
3 9320 4577 4579
3 4580 6180 4350
3 4350 6180 6178
3 4348 6178 6180
3 4348 6180 4578
3 9003 9074 4351
3 9074 9003 4349
3 9320 9074 4349
3 9322 9074 9320
3 9320 4579 9322
3 9322 4579 4581
3 4582 10068 10118
3 10118 10068 64
3 64 10068 16
3 64 16 232
3 232 16 176
3 176 4583 232
3 5495 5440 4352
3 5729 5672 5495
3 5495 5672 5440
3 4584 5930 5729
3 5930 5672 5729
3 5930 5928 5672
3 4350 5928 5930
3 4350 5930 4580
3 9076 4353 4351
3 9076 4351 9074
3 4585 9076 9255
3 9076 9322 9255
3 9076 9074 9322
3 9322 4581 9255
3 10120 4586 10118
3 10118 4586 4582
3 10118 66 10120
3 10118 64 66
3 64 234 66
3 64 232 234
3 232 4583 234
3 234 4583 4587
3 5245 5174 4354
3 5442 5495 4352
3 5442 4352 5174
3 4588 5442 5174
3 5245 4588 5174
3 5495 5442 5674
3 5495 5674 5729
3 4584 5729 5674
3 8735 8808 4355
3 9076 9007 4353
3 4353 9007 8735
3 9007 4589 8735
3 4589 8808 8735
3 9076 4585 9007
3 10120 10069 4586
3 10069 10120 4590
3 10120 68 4590
3 10120 66 68
3 66 236 68
3 66 234 236
3 234 4587 236
3 236 4587 4591
3 5245 4354 5178
3 4354 4592 5178
3 4354 4356 4592
3 4588 5245 5178
3 8808 8736 4355
3 4589 9008 9080
3 4589 9080 4357
3 8808 4589 4357
3 8736 8808 4357
3 9008 4593 9080
3 70 4594 68
3 68 4594 4590
3 4595 70 177
3 70 236 177
3 70 68 236
3 236 4591 177
3 5179 4592 5249
3 4592 4358 5249
3 4592 4356 4358
3 4596 5179 5249
3 9082 4359 4357
3 9082 4357 9080
3 9256 9330 4593
3 9330 9080 4593
3 9330 9082 9080
3 9330 9256 9566
3 9566 9256 9490
3 9490 4597 9566
3 4598 10070 10126
3 4594 70 10070
3 70 10126 10070
3 70 72 10126
3 178 240 4595
3 240 70 4595
3 240 72 70
3 178 4599 240
3 5175 5249 4358
3 4596 5249 5175
3 4360 4596 5175
3 4600 4596 4360
3 9082 9004 4359
3 9330 9252 9004
3 9330 9004 9082
3 9566 9488 9252
3 9566 9252 9330
3 9488 9566 4597
3 9698 9488 4597
3 9696 9488 9698
3 9698 9894 9696
3 9896 9894 9698
3 10126 10128 4361
3 9896 10126 4361
3 9894 9896 4361
3 10126 9896 4598
3 10126 74 10128
3 10126 72 74
3 72 242 74
3 72 240 242
3 240 4599 242
3 242 4599 4601
3 4602 4360 4362
3 4602 4600 4360
3 10128 10066 4361
3 76 4363 10066
3 10128 76 10066
3 74 76 10128
3 4603 76 179
3 76 242 179
3 76 74 242
3 242 4601 179
3 4604 4362 4364
3 4604 4602 4362
3 78 4365 4363
3 78 4363 76
3 76 4603 78
3 78 4603 4605
3 4606 482 548
3 548 482 690
3 690 482 620
3 690 620 820
3 820 620 748
3 748 4607 820
3 4608 4364 4366
3 4608 4604 4364
3 80 4367 4365
3 80 4365 78
3 78 4605 80
3 80 4605 4609
3 550 4610 548
3 548 4610 4606
3 548 692 550
3 548 690 692
3 690 822 692
3 690 820 822
3 820 4607 822
3 822 4607 4611
3 4612 5180 5268
3 4368 5268 5180
3 4608 4368 5180
3 4366 4368 4608
3 82 4369 4367
3 82 4367 80
3 180 250 4609
3 250 80 4609
3 250 82 80
3 180 4613 250
3 552 4614 550
3 550 4614 4610
3 550 694 552
3 550 692 694
3 822 746 4370
3 694 822 4370
3 692 822 694
3 746 822 4611
3 894 746 4611
3 892 746 894
3 4371 892 1150
3 892 1054 1150
3 892 894 1054
3 1054 4615 1150
3 4616 4932 5000
3 4612 5268 4932
3 4932 5268 5000
3 5268 5176 5000
3 5176 4372 5000
3 5268 4368 5176
3 84 4373 4369
3 84 4369 82
3 82 252 84
3 82 250 252
3 334 402 4613
3 402 250 4613
3 402 252 250
3 4614 552 334
3 552 402 334
3 552 554 402
3 694 618 4374
3 554 694 4374
3 552 694 554
3 694 4370 618
3 1150 1052 4371
3 4615 1220 1310
3 4615 1310 4375
3 1150 4615 4375
3 1052 1150 4375
3 1220 4617 1310
3 4618 4456 4376
3 4376 4456 4454
3 4456 4696 4454
3 4698 4696 4456
3 4698 4616 5000
3 4930 4698 5000
3 4696 4698 4930
3 5000 4372 4930
3 84 14 4373
3 252 174 14
3 252 14 84
3 402 332 174
3 402 174 252
3 554 478 332
3 554 332 402
3 554 4374 478
3 1312 4377 4375
3 1312 4375 1310
3 1310 4617 1312
3 1312 4617 4619
3 4620 4216 4378
3 4378 4216 4214
3 4376 4214 4216
3 4376 4216 4618
3 1312 1218 4377
3 4619 1376 1470
3 4619 1470 4379
3 1312 4619 4379
3 1218 1312 4379
3 1376 4621 1470
3 4622 4378 4380
3 4622 4620 4378
3 1470 1374 4379
3 1470 4621 1374
3 4621 4381 1374
3 4621 4623 4381
3 4624 4380 4382
3 4624 4622 4380
3 4623 1534 1660
3 4383 4623 1660
3 4381 4623 4383
3 1534 4625 1660
3 4626 4382 4384
3 4626 4624 4382
3 4383 1660 1535
3 4627 4383 1535
3 4385 4383 4627
3 1660 4625 1535
3 4628 3970 4066
3 4386 4066 3970
3 4626 4386 3970
3 4384 4386 4626
3 1377 4629 4387
3 1377 4387 1375
3 1375 4385 1377
3 1377 4385 4627
3 4630 3714 3816
3 4628 4066 3714
3 3714 4066 3816
3 4066 3968 3816
3 3968 4388 3816
3 4066 4386 3968
3 4387 4631 4389
3 4629 4631 4387
3 4632 3492 4390
3 4390 3492 3490
3 3492 4630 3816
3 3712 3492 3816
3 3490 3492 3712
3 3816 4388 3712
3 1221 4633 1327
3 1327 4391 1221
3 4391 4631 1221
3 4391 4389 4631
3 4634 4390 4392
3 4634 4632 4390
3 4635 1329 1327
3 4635 1327 4633
3 4391 1327 4393
3 4393 1327 1329
3 4636 3040 3144
3 3144 3040 4394
3 3040 3264 4394
3 3040 3266 3264
3 4392 3264 3266
3 4392 3266 4634
3 4395 1219 1329
3 4635 4395 1329
3 4637 4395 4635
3 4393 1329 1219
3 4638 2218 2314
3 2314 2218 2448
3 2448 2218 2356
3 2448 2356 2596
3 2596 2356 2498
3 2596 2498 4396
3 2498 2664 4396
3 2498 2666 2664
3 2666 2844 2664
3 2846 2844 2666
3 2846 4636 3144
3 3038 2846 3144
3 2844 2846 3038
3 3144 4394 3038
3 893 1010 4397
3 1055 4639 1010
3 893 1055 1010
3 1053 1055 893
3 1053 4395 1055
3 1055 4395 4637
3 4640 2046 4398
3 4398 2046 2044
3 2046 4638 2314
3 2216 2046 2314
3 2044 2046 2216
3 2448 2354 2216
3 2448 2216 2314
3 2596 2496 2354
3 2596 2354 2448
3 2596 4396 2496
3 5675 4641 4399
3 5675 4399 5673
3 5929 5675 5673
3 5929 5931 5675
3 6179 6306 4642
3 5931 6179 4642
3 5929 6179 5931
3 4400 6306 6179
3 621 4643 4401
3 621 4401 619
3 747 621 619
3 747 749 621
3 1010 895 4397
3 895 747 4397
3 895 749 747
3 1010 4639 895
3 4644 4398 4402
3 4644 4640 4398
3 4933 4645 4403
3 4933 4403 4931
3 5177 4933 4931
3 5177 5181 4933
3 5441 5181 5177
3 5441 5443 5181
3 5441 4399 5443
3 5443 4399 4641
3 6306 6181 4642
3 4400 6469 6306
3 6469 6181 6306
3 6469 6471 6181
3 6763 6872 4646
3 6471 6763 4646
3 6469 6763 6471
3 7033 7144 6872
3 7033 6872 6763
3 7311 7452 7144
3 7311 7144 7033
3 4404 7452 7311
3 479 584 4405
3 479 4401 584
3 4401 4647 584
3 4401 4643 4647
3 4648 4402 4406
3 4648 4644 4402
3 4699 4649 4407
3 4699 4407 4697
3 4697 4403 4699
3 4699 4403 4645
3 6872 6765 4646
3 6765 6872 7035
3 7035 6872 7144
3 7035 7144 7313
3 7313 7144 7452
3 4404 7625 7452
3 7625 7313 7452
3 7625 7627 7313
3 4650 7627 7625
3 4650 7625 4408
3 586 4409 4405
3 586 4405 584
3 584 4647 586
3 586 4647 4651
3 4652 4406 4410
3 4652 4648 4406
3 4455 4562 4411
3 4455 4407 4562
3 4407 4653 4562
3 4407 4649 4653
3 8040 4654 7919
3 4654 4408 7919
3 4654 4650 4408
3 8205 8314 8040
3 8205 8040 7919
3 4412 8314 8205
3 586 480 4409
3 586 4651 480
3 4651 4413 480
3 4651 4655 4413
3 4656 4410 4414
3 4656 4652 4410
3 4411 4562 4457
3 4657 4411 4457
3 4415 4411 4657
3 4562 4653 4457
3 8040 7921 4654
3 7921 8040 4658
3 8040 8316 4658
3 8040 8314 8316
3 8314 4412 4416
3 8314 4416 8316
3 481 590 4417
3 481 4413 590
3 4413 4659 590
3 4413 4655 4659
3 4660 1850 4418
3 4418 1850 1848
3 4414 1848 1850
3 4414 1850 4656
3 4217 4661 4419
3 4217 4419 4215
3 4215 4415 4217
3 4217 4415 4657
3 8316 8207 4658
3 4662 8207 8316
3 4416 4662 8316
3 4420 4662 4416
3 9253 9378 4421
3 9489 9614 9378
3 9489 9378 9253
3 9697 9822 9614
3 9697 9614 9489
3 9897 4663 9822
3 9697 9897 9822
3 9895 9897 9697
3 10067 10172 4664
3 9897 10067 4664
3 9895 10067 9897
3 4422 10172 10067
3 333 438 4423
3 590 483 4417
3 4417 483 333
3 483 4665 333
3 4665 438 333
3 590 4659 483
3 4666 4418 4424
3 4666 4660 4418
3 3267 4667 4425
3 3267 4425 3265
3 4668 3267 3265
3 4668 3265 4426
3 3971 4669 4095
3 4095 4427 3971
3 4427 4661 3971
3 4427 4419 4661
3 8586 4670 8473
3 4670 4420 8473
3 4670 4662 4420
3 8737 8860 8586
3 8737 8586 8473
3 9005 9132 8860
3 9005 8860 8737
3 9378 9257 4421
3 4421 9257 9005
3 9257 4671 9005
3 4671 9132 9005
3 9257 9378 9491
3 9491 9378 9614
3 9491 9614 9699
3 9699 9614 9822
3 9822 4663 9699
3 10172 10071 4664
3 4422 15 10172
3 15 10071 10172
3 15 17 10071
3 175 17 15
3 175 181 17
3 438 335 4423
3 335 175 4423
3 335 181 175
3 438 4665 335
3 4424 1849 4666
3 4666 1849 1851
3 4672 1851 1849
3 4672 1849 4428
3 2667 4673 4429
3 2667 4429 2665
3 2845 2667 2665
3 2845 2847 2667
3 3039 2847 2845
3 3039 3041 2847
3 3039 4425 3041
3 3041 4425 4667
3 4426 3491 4668
3 4668 3491 3493
3 3713 3493 3491
3 3713 3715 3493
3 4669 3715 4095
3 3715 3969 4095
3 3715 3713 3969
3 4427 4095 3969
3 8586 8475 4670
3 8475 8586 8739
3 8739 8586 8860
3 8739 8860 9009
3 9009 8860 9132
3 9132 4671 9009
3 4428 2045 4672
3 4672 2045 2047
3 4674 2047 2045
3 4674 2045 4430
3 2357 4675 4431
3 2357 4431 2355
3 2497 2357 2355
3 2497 2499 2357
3 2497 4429 2499
3 2499 4429 4673
3 4430 2217 4674
3 4674 2217 2219
3 2217 4431 2219
3 2219 4431 4675
3 4812 6766 4566
3 4566 6766 6764
3 6766 7034 6764
3 7036 7034 6766
3 7036 4813 7034
3 7034 4813 4567
3 4814 6472 4568
3 4568 6472 6470
3 4566 6470 6472
3 4566 6472 4812
3 7312 4567 4813
3 7312 4813 7314
3 4569 7312 7686
3 7312 7628 7686
3 7312 7314 7628
3 7628 4815 7686
3 4816 4568 4570
3 4816 4814 4568
3 7686 7626 4569
3 4815 7922 7980
3 4815 7980 4571
3 7686 4815 4571
3 7626 7686 4571
3 7980 7922 8256
3 8256 7922 8208
3 8256 8208 8522
3 8522 8208 8476
3 8522 8476 4572
3 8476 8738 4572
3 8476 8740 8738
3 4573 8738 9066
3 8738 9010 9066
3 8738 8740 9010
3 9010 4817 9066
3 4818 4570 4574
3 4818 4816 4570
3 7980 7920 4571
3 8256 8206 7920
3 8256 7920 7980
3 8522 8474 8206
3 8522 8206 8256
3 8522 4572 8474
3 9066 9006 4573
3 9006 9066 4817
3 9258 9006 4817
3 9254 9006 9258
3 9258 4819 9254
3 9254 4819 4575
3 4820 10072 10112
3 10112 10072 58
3 58 10072 18
3 58 18 226
3 226 18 182
3 182 4821 226
3 4822 4574 4576
3 4822 4818 4574
3 4819 9492 9554
3 4577 4819 9554
3 4575 4819 4577
3 9492 4823 9554
3 10114 4824 10112
3 10112 4824 4820
3 10112 60 10114
3 10112 58 60
3 58 228 60
3 58 226 228
3 226 4821 228
3 228 4821 4825
3 4826 4576 4578
3 4826 4822 4576
3 9556 4579 4577
3 9556 4577 9554
3 9700 9764 4823
3 9764 9554 4823
3 9764 9556 9554
3 9764 9700 9948
3 9948 9700 9898
3 4824 10114 9898
3 10114 9948 9898
3 10114 10116 9948
3 10114 62 10116
3 10114 60 62
3 60 230 62
3 60 228 230
3 336 380 4825
3 380 228 4825
3 380 230 228
3 336 4827 380
3 4828 6182 4580
3 4580 6182 6180
3 4578 6180 6182
3 4578 6182 4826
3 9558 4581 4579
3 9558 4579 9556
3 9556 9766 9558
3 9556 9764 9766
3 9764 9950 9766
3 9764 9948 9950
3 10116 10068 4582
3 9950 10116 4582
3 9948 10116 9950
3 62 16 10068
3 62 10068 10116
3 230 176 16
3 230 16 62
3 382 4583 176
3 230 382 176
3 380 382 230
3 380 4827 382
3 382 4827 4829
3 5983 5930 4584
3 4580 5930 5983
3 4830 4580 5983
3 4828 4580 4830
3 9255 9324 4585
3 9324 9255 4581
3 9558 9324 4581
3 9560 9324 9558
3 9558 9768 9560
3 9558 9766 9768
3 9766 9952 9768
3 9766 9950 9952
3 9950 4582 4586
3 9950 4586 9952
3 384 4587 4583
3 384 4583 382
3 382 4829 384
3 384 4829 4831
3 5497 5442 4588
3 5731 5674 5497
3 5497 5674 5442
3 5674 5731 4584
3 5731 5983 4584
3 5731 5985 5983
3 6255 6183 4830
3 5983 6255 4830
3 5985 6255 5983
3 4832 6183 6255
3 9007 9078 4589
3 9078 9007 4585
3 9324 9078 4585
3 9326 9078 9324
3 9324 9562 9326
3 9324 9560 9562
3 9560 9770 9562
3 9560 9768 9770
3 9768 9954 9770
3 9768 9952 9954
3 9952 4586 10069
3 10122 9952 10069
3 9954 9952 10122
3 4590 10122 10069
3 386 4591 4587
3 386 4587 384
3 384 4831 386
3 386 4831 4833
3 5247 5178 4592
3 5178 5247 4588
3 5247 5497 4588
3 5247 5499 5497
3 5733 5497 5499
3 5731 5497 5733
3 5987 5731 5733
3 5985 5731 5987
3 6257 5985 5987
3 6255 5985 6257
3 4832 6255 6257
3 4832 6257 4834
3 9078 9008 4589
3 9328 4593 9008
3 9078 9328 9008
3 9326 9328 9078
3 9326 9564 9328
3 9326 9562 9564
3 9562 9772 9564
3 9562 9770 9772
3 9770 9956 9772
3 9770 9954 9956
3 9954 10124 9956
3 9954 10122 10124
3 10122 4590 4594
3 10122 4594 10124
3 177 238 4595
3 238 177 4591
3 386 238 4591
3 388 238 386
3 386 4833 388
3 388 4833 4835
3 5179 5247 4592
3 4596 5501 5179
3 5501 5247 5179
3 5501 5499 5247
3 5501 4836 5676
3 5733 5501 5676
3 5499 5501 5733
3 5733 5676 4837
3 5989 5733 4837
3 5987 5733 5989
3 5989 4838 6184
3 6257 5989 6184
3 5987 5989 6257
3 4834 6257 6184
3 9328 9256 4593
3 9564 9490 9256
3 9564 9256 9328
3 9774 4597 9490
3 9564 9774 9490
3 9772 9774 9564
3 9772 9958 9774
3 9772 9956 9958
3 10124 10070 4598
3 9958 10124 4598
3 9956 10124 9958
3 10124 4594 10070
3 238 178 4595
3 390 4599 178
3 238 390 178
3 388 390 238
3 388 4835 390
3 390 4835 4839
3 5501 4596 5444
3 4596 4840 5444
3 4596 4600 4840
3 4836 5501 5444
3 5932 5989 4837
3 4838 5989 5932
3 9774 9698 4597
3 9958 9896 9698
3 9958 9698 9774
3 9958 4598 9896
3 392 4601 4599
3 392 4599 390
3 484 544 4839
3 544 390 4839
3 544 392 390
3 484 4841 544
3 4842 4600 4602
3 4842 4840 4600
3 179 244 4603
3 244 179 4601
3 392 244 4601
3 394 244 392
3 392 546 394
3 392 544 546
3 622 688 4841
3 688 544 4841
3 688 546 544
3 688 622 818
3 818 622 750
3 750 4843 818
3 4844 5182 5258
3 4604 5258 5182
3 4842 4604 5182
3 4602 4604 4842
3 246 4605 4603
3 246 4603 244
3 244 396 246
3 244 394 396
3 546 482 4606
3 396 546 4606
3 394 546 396
3 688 620 482
3 688 482 546
3 818 748 620
3 818 620 688
3 4843 896 978
3 4843 978 4607
3 818 4843 4607
3 748 818 4607
3 896 4845 978
3 5262 4846 5258
3 5258 4846 4844
3 5258 4604 4608
3 5258 4608 5262
3 248 4609 4605
3 248 4605 246
3 246 398 248
3 246 396 398
3 396 4606 4610
3 396 4610 398
3 980 4611 4607
3 980 4607 978
3 1056 1148 4845
3 1148 978 4845
3 1148 980 978
3 1056 4847 1148
3 4848 1706 1830
3 1830 1706 2024
3 2024 1706 1898
3 1898 4849 2024
3 5180 4612 5262
3 4612 4846 5262
3 4612 4850 4846
3 5262 4608 5180
3 248 180 4609
3 400 4613 180
3 248 400 180
3 398 400 248
3 398 4610 4614
3 398 4614 400
3 980 894 4611
3 1148 1054 894
3 1148 894 980
3 4847 1222 1308
3 4847 1308 4615
3 1148 4847 4615
3 1054 1148 4615
3 1308 1222 1464
3 1464 1222 1378
3 1464 1378 1650
3 1650 1378 1536
3 4848 1830 1536
3 1830 1650 1536
3 1830 1832 1650
3 1830 2028 1832
3 1830 2024 2028
3 2024 4849 2028
3 2028 4849 4851
3 4852 4934 4616
3 4616 4934 4932
3 4612 4932 4934
3 4612 4934 4850
3 400 334 4613
3 400 4614 334
3 1308 1220 4615
3 1466 4617 1220
3 1308 1466 1220
3 1464 1466 1308
3 1464 1652 1466
3 1464 1650 1652
3 1650 1834 1652
3 1650 1832 1834
3 1832 2032 1834
3 1832 2028 2032
3 2028 4851 2032
3 2032 4851 4853
3 4854 4458 4618
3 4618 4458 4456
3 4458 4698 4456
3 4700 4698 4458
3 4616 4698 4700
3 4616 4700 4852
3 1468 4619 4617
3 1468 4617 1466
3 1466 1654 1468
3 1466 1652 1654
3 1652 1836 1654
3 1652 1834 1836
3 4855 1836 1899
3 1836 2032 1899
3 1836 1834 2032
3 2032 4853 1899
3 4293 4216 4620
3 4618 4216 4293
3 4856 4618 4293
3 4854 4618 4856
3 1468 1376 4619
3 1656 4621 1376
3 1468 1656 1376
3 1654 1656 1468
3 1654 1838 1656
3 1654 1836 1838
3 1836 4855 1838
3 1838 4855 4857
3 4293 4620 4218
3 4620 4858 4218
3 4620 4622 4858
3 4856 4293 4218
3 1658 4623 4621
3 1658 4621 1656
3 1656 1840 1658
3 1656 1838 1840
3 1838 4857 1840
3 1840 4857 4859
3 4860 4622 4624
3 4860 4858 4622
3 1658 1534 4623
3 1658 1840 1534
3 1840 4861 1534
3 4861 4625 1534
3 1840 1707 4861
3 1840 4859 1707
3 4862 3972 4062
3 4626 4062 3972
3 4860 4626 3972
3 4624 4626 4860
3 1535 1662 4627
3 1535 4625 1662
3 4625 4863 1662
3 4625 4861 4863
3 4864 3494 3582
3 3582 3494 3812
3 3812 3494 3716
3 4862 4062 3716
3 3716 4062 3812
3 4062 3970 3812
3 3970 4628 3812
3 4062 4626 3970
3 1379 4865 4629
3 1379 4629 1377
3 1662 1537 4627
3 1537 1377 4627
3 1537 1379 1377
3 1662 4863 1537
3 3586 4866 3582
3 3582 4866 4864
3 3812 3714 4630
3 3586 3812 4630
3 3582 3812 3586
3 3812 4628 3714
3 1223 4867 1325
3 1325 4631 1223
3 4631 4865 1223
3 4631 4629 4865
3 4868 3268 3362
3 4866 3586 3268
3 3268 3586 3362
3 3586 3492 3362
3 3492 4632 3362
3 3586 4630 3492
3 4633 1221 1325
3 4867 4633 1325
3 4869 4633 4867
3 4631 1325 1221
3 3366 4870 3362
3 3362 4870 4868
3 3362 4632 4634
3 3362 4634 3366
3 4633 4871 4635
3 4869 4871 4633
3 4872 3042 4636
3 4636 3042 3040
3 3042 4870 3366
3 3266 3042 3366
3 3040 3042 3266
3 3366 4634 3266
3 4635 4873 4637
3 4871 4873 4635
3 4874 2220 4638
3 4638 2220 2218
3 2220 2356 2218
3 2358 2356 2220
3 2358 2498 2356
3 2500 2498 2358
3 2500 2666 2498
3 2668 2666 2500
3 2668 2846 2666
3 2848 2846 2668
3 4636 2846 2848
3 4636 2848 4872
3 897 4875 1011
3 897 1011 4639
3 1055 897 4639
3 1057 897 1055
3 1055 4637 1057
3 1057 4637 4873
3 4876 2048 4640
3 4640 2048 2046
3 4638 2046 2048
3 4638 2048 4874
3 5675 5778 4641
3 5931 6034 5778
3 5931 5778 5675
3 4642 6034 5931
3 623 4877 4643
3 623 4643 621
3 749 623 621
3 749 751 623
3 4875 751 1011
3 751 895 1011
3 751 749 895
3 4639 1011 895
3 4878 4640 4644
3 4878 4876 4640
3 4701 4879 4801
3 4701 4801 4645
3 4933 4701 4645
3 4935 4701 4933
3 5181 4935 4933
3 5181 5183 4935
3 5443 5183 5181
3 5443 5445 5183
3 5778 5677 4641
3 5677 5443 4641
3 5677 5445 5443
3 5677 5778 5933
3 5933 5778 6034
3 4642 6181 6034
3 6181 5933 6034
3 6181 6185 5933
3 6471 6606 4880
3 6185 6471 4880
3 6181 6471 6185
3 4646 6606 6471
3 485 4881 585
3 585 4647 485
3 4647 4877 485
3 4647 4643 4877
3 4882 4644 4648
3 4882 4878 4644
3 4649 4699 4801
3 4879 4649 4801
3 4883 4649 4879
3 4645 4801 4699
3 6606 6473 4880
3 6874 4884 6765
3 6765 4884 4646
3 4884 6473 4646
3 6473 6606 4646
3 7037 4885 6874
3 6765 7037 6874
3 7035 7037 6765
3 7313 7454 4886
3 7037 7313 4886
3 7035 7313 7037
3 7627 7748 7454
3 7627 7454 7313
3 4650 7748 7627
3 4887 587 585
3 4887 585 4881
3 4647 585 4651
3 4651 585 587
3 4888 4648 4652
3 4888 4882 4648
3 4459 4889 4563
3 4563 4653 4459
3 4653 4883 4459
3 4653 4649 4883
3 6874 6767 4884
3 6874 4885 6767
3 7454 7315 4886
3 7315 7454 4890
3 7454 7750 4890
3 7454 7748 7750
3 7748 4650 4654
3 7748 4654 7750
3 486 587 4887
3 486 4891 587
3 4891 4651 587
3 4891 4655 4651
3 4892 1852 1992
3 4656 1992 1852
3 4888 4656 1852
3 4652 4656 4888
3 4219 4893 4337
3 4563 4889 4219
3 4563 4219 4337
3 4457 4563 4337
3 4657 4457 4337
3 4653 4563 4457
3 7750 7629 4890
3 8042 4894 7921
3 7921 4894 4654
3 4894 7629 4654
3 7629 7750 4654
3 4658 8042 7921
3 487 4895 591
3 591 4659 487
3 4659 4891 487
3 4659 4655 4891
3 1850 4660 1992
3 4660 4892 1992
3 4660 4896 4892
3 1992 4656 1850
3 3973 4897 4093
3 4337 4893 3973
3 4337 3973 4093
3 4217 4337 4093
3 4661 4217 4093
3 4657 4337 4217
3 8042 7923 4894
3 8318 4898 8207
3 8207 4898 4658
3 4898 7923 4658
3 7923 8042 4658
3 4662 8318 8207
3 9899 4899 4663
3 9899 4663 9897
3 9897 4664 10173
3 10073 9897 10173
3 9899 9897 10073
3 4900 10073 10173
3 337 4901 439
3 591 4895 337
3 591 337 439
3 483 591 439
3 4665 483 439
3 4659 591 483
3 4902 4660 4666
3 4902 4896 4660
3 3267 3384 4667
3 4668 3384 3267
3 3717 4903 3843
3 4093 4897 3717
3 4093 3717 3843
3 3971 4093 3843
3 4669 3971 3843
3 4661 4093 3971
3 8318 8209 4898
3 4904 8209 8318
3 4662 4904 8318
3 4670 4904 4662
3 9259 4905 4671
3 9259 4671 9257
3 9491 9259 9257
3 9491 9493 9259
3 9699 9493 9491
3 9699 9701 9493
3 9699 4663 9701
3 9701 4663 4899
3 10071 10173 4664
3 10173 10071 4900
3 10071 19 4900
3 10071 17 19
3 181 19 17
3 181 183 19
3 4901 183 439
3 183 335 439
3 183 181 335
3 4665 439 335
3 4666 1851 4902
3 4902 1851 1853
3 4906 1853 1851
3 4906 1851 4672
3 2667 2782 4673
3 2849 4907 2782
3 2667 2849 2782
3 2847 2849 2667
3 3041 2849 2847
3 3041 3043 2849
3 3384 3269 4667
3 3269 3041 4667
3 3269 3043 3041
3 4668 3493 3384
3 3493 3269 3384
3 3493 3495 3269
3 4903 3495 3843
3 3495 3715 3843
3 3495 3493 3715
3 4669 3843 3715
3 4670 8475 4904
3 4904 8475 8477
3 8739 8477 8475
3 8739 8741 8477
3 9009 8741 8739
3 9009 9011 8741
3 9009 4671 9011
3 9011 4671 4905
3 4672 2047 4906
3 4906 2047 2049
3 4908 2049 2047
3 4908 2047 4674
3 2357 2466 4675
3 2501 4909 2466
3 2357 2501 2466
3 2499 2501 2357
3 2782 2669 4673
3 2669 2499 4673
3 2669 2501 2499
3 2782 4907 2669
3 4674 2219 4908
3 4908 2219 2221
3 2466 2359 4675
3 2359 2219 4675
3 2359 2221 2219
3 2466 4909 2359
3 6815 6766 4812
3 7083 7036 6815
3 6815 7036 6766
3 7083 4813 7036
3 5056 6474 4814
3 4814 6474 6472
3 6768 6815 4812
3 6472 6768 4812
3 6474 6768 6472
3 6815 6768 7038
3 6815 7038 7083
3 7314 4813 7083
3 7038 7314 7083
3 7316 7314 7038
3 7316 7628 7314
3 7630 7628 7316
3 4815 7628 7978
3 7628 7924 7978
3 7628 7630 7924
3 7924 5057 7978
3 5058 4814 4816
3 5058 5056 4814
3 7978 7922 4815
3 7922 7978 5057
3 8210 7922 5057
3 8208 7922 8210
3 8210 8476 8208
3 8478 8476 8210
3 8478 8740 8476
3 8742 8740 8478
3 8742 9010 8740
3 9012 9010 8742
3 9012 5059 9010
3 9010 5059 4817
3 5060 20 54
3 54 20 224
3 224 20 184
3 184 5061 224
3 5062 4816 4818
3 5062 5058 4816
3 9258 4817 5059
3 9258 5059 9260
3 9260 5063 9258
3 9258 5063 4819
3 5064 9900 9944
3 9944 9900 4820
3 9900 10072 4820
3 9900 10074 10072
3 10074 5060 54
3 18 10074 54
3 10072 10074 18
3 224 182 18
3 224 18 54
3 5061 338 376
3 5061 376 4821
3 224 5061 4821
3 182 224 4821
3 338 5065 376
3 5066 6186 6246
3 4822 6246 6186
3 5062 4822 6186
3 4818 4822 5062
3 9492 4819 5063
3 9492 5063 9494
3 4823 9492 9762
3 9492 9702 9762
3 9492 9494 9702
3 5064 9944 9702
3 9944 9762 9702
3 9944 9946 9762
3 9944 4820 4824
3 9944 4824 9946
3 378 4825 4821
3 378 4821 376
3 376 5065 378
3 378 5065 5067
3 6248 5068 6246
3 6246 5068 5066
3 6246 4822 4826
3 6246 4826 6248
3 9762 9700 4823
3 9946 9898 9700
3 9946 9700 9762
3 9946 4824 9898
3 378 336 4825
3 5067 488 532
3 5067 532 4827
3 378 5067 4827
3 336 378 4827
3 532 488 674
3 674 488 624
3 674 624 804
3 804 624 752
3 752 5069 804
3 6182 4828 6248
3 4828 5068 6248
3 4828 5070 5068
3 6248 4826 6182
3 534 4829 4827
3 534 4827 532
3 532 676 534
3 532 674 676
3 674 806 676
3 674 804 806
3 804 5069 806
3 806 5069 5071
3 6187 5070 6253
3 5070 4830 6253
3 5070 4828 4830
3 5072 6187 6253
3 536 4831 4829
3 536 4829 534
3 534 678 536
3 534 676 678
3 676 808 678
3 676 806 808
3 806 5071 808
3 808 5071 5073
3 6183 6253 4830
3 6475 5072 6551
3 6551 5072 4832
3 5072 6253 4832
3 6253 6183 4832
3 5074 6475 6551
3 538 4833 4831
3 538 4831 536
3 5075 538 625
3 538 678 625
3 538 536 678
3 625 678 753
3 753 678 808
3 808 5073 753
3 4834 6553 4832
3 4832 6553 6551
3 5074 6551 6553
3 5074 6553 5076
3 540 4835 4833
3 540 4833 538
3 538 5075 540
3 540 5075 5077
3 5735 5676 4836
3 5735 4837 5676
3 6259 6184 4838
3 6184 6259 4834
3 6259 6553 4834
3 6259 6555 6553
3 5076 6553 6555
3 5076 6555 5078
3 542 4839 4835
3 542 4835 540
3 540 5077 542
3 542 5077 5079
3 5503 5444 4840
3 5678 5735 4836
3 5678 4836 5444
3 5080 5678 5444
3 5503 5080 5444
3 5081 5991 5932
3 5081 5932 4837
3 5678 5081 4837
3 5735 5678 4837
3 5932 5991 4838
3 5991 6259 4838
3 5991 6261 6259
3 6261 5082 6476
3 6555 6261 6476
3 6259 6261 6555
3 5078 6555 6476
3 542 484 4839
3 5079 626 686
3 5079 686 4841
3 542 5079 4841
3 484 542 4841
3 686 626 816
3 816 626 754
3 754 5083 816
3 5503 4840 5446
3 4840 5084 5446
3 4840 4842 5084
3 5080 5503 5446
3 5934 5991 5081
3 5991 5934 6188
3 5991 6188 6261
3 5082 6261 6188
3 686 622 4841
3 816 750 622
3 816 622 686
3 5083 898 976
3 5083 976 4843
3 816 5083 4843
3 750 816 4843
3 898 5085 976
3 5086 5184 4844
3 4844 5184 5182
3 4842 5182 5184
3 4842 5184 5084
3 976 896 4843
3 976 5085 896
3 5085 4845 896
3 5085 5087 4845
3 5088 1708 1828
3 1828 1708 2020
3 2020 1708 1900
3 1900 5089 2020
3 5090 4844 4846
3 5090 5086 4844
3 1056 4845 5087
3 1056 5087 1058
3 4847 1056 1306
3 1056 1224 1306
3 1056 1058 1224
3 1306 1224 1462
3 1462 1224 1380
3 1462 1380 1648
3 1648 1380 1538
3 5088 1828 1538
3 1538 1828 1648
3 1828 1706 1648
3 1706 4848 1648
3 2020 1898 1706
3 2020 1706 1828
3 5089 2092 2194
3 5089 2194 4849
3 2020 5089 4849
3 1898 2020 4849
3 2092 5091 2194
3 5092 4846 4850
3 5092 5090 4846
3 1306 1222 4847
3 1462 1378 1222
3 1462 1222 1306
3 1648 1536 1378
3 1648 1378 1462
3 1648 4848 1536
3 2196 4851 4849
3 2196 4849 2194
3 2194 5091 2196
3 2196 5091 5093
3 5001 4934 4852
3 4850 4934 5001
3 5094 4850 5001
3 5092 4850 5094
3 2200 4853 4851
3 2200 4851 2196
3 2196 5093 2200
3 2200 5093 5095
3 4527 4458 4854
3 5096 4702 4527
3 4702 4458 4527
3 4702 4700 4458
3 4936 5001 4852
3 4700 4936 4852
3 4702 4936 4700
3 5094 5001 4936
3 1899 2034 4855
3 2200 2093 4853
3 4853 2093 1899
3 2093 5097 1899
3 5097 2034 1899
3 2200 5095 2093
3 4527 4854 4460
3 4854 5098 4460
3 4854 4856 5098
3 5096 4527 4460
3 2036 4857 4855
3 2036 4855 2034
3 2034 5097 2036
3 2036 5097 5099
3 4299 4218 4858
3 4856 4218 4299
3 5100 4856 4299
3 5098 4856 5100
3 2038 4859 4857
3 2038 4857 2036
3 2036 5099 2038
3 2038 5099 5101
3 4299 4858 4220
3 4858 5102 4220
3 4858 4860 5102
3 5100 4299 4220
3 1707 1842 4861
3 1842 1707 4859
3 2038 1842 4859
3 2040 1842 2038
3 2038 5101 2040
3 2040 5101 5103
3 5104 3718 3808
3 3808 3718 4862
3 3718 3972 4862
3 3718 3974 3972
3 4860 3972 3974
3 4860 3974 5102
3 1844 4863 4861
3 1844 4861 1842
3 5105 1844 1901
3 1844 2040 1901
3 1844 1842 2040
3 2040 5103 1901
3 5106 3496 4864
3 4864 3496 3494
3 3496 5104 3808
3 3716 3496 3808
3 3494 3496 3716
3 3808 4862 3716
3 1381 5107 4865
3 1381 4865 1379
3 1537 1381 1379
3 1537 1539 1381
3 1844 1709 4863
3 1709 1537 4863
3 1709 1539 1537
3 1844 5105 1709
3 5108 4864 4866
3 5108 5106 4864
3 1225 5109 4867
3 1225 4867 1223
3 1223 4865 1225
3 1225 4865 5107
3 5110 3270 4868
3 4868 3270 3268
3 4866 3268 3270
3 4866 3270 5108
3 1059 5111 1171
3 1171 4869 1059
3 4869 5109 1059
3 4869 4867 5109
3 5112 3044 3140
3 4870 3140 3044
3 5110 4870 3044
3 4868 4870 5110
3 5113 1173 1171
3 5113 1171 5111
3 4869 1171 4871
3 4871 1171 1173
3 5114 2850 2942
3 5112 3140 2850
3 2850 3140 2942
3 3140 3042 2942
3 3042 4872 2942
3 3140 4870 3042
3 5115 1175 1173
3 5115 1173 5113
3 4871 1173 4873
3 4873 1173 1175
3 2315 2220 4874
3 5116 2360 2315
3 2360 2220 2315
3 2360 2358 2220
3 2360 2500 2358
3 2502 2500 2360
3 2502 2668 2500
3 2670 2668 2502
3 2670 5114 2942
3 2848 2670 2942
3 2668 2670 2848
3 2942 4872 2848
3 489 5117 581
3 489 581 725
3 489 725 627
3 627 725 855
3 627 855 755
3 755 855 4875
3 897 755 4875
3 899 755 897
3 5115 899 1175
3 899 1057 1175
3 899 897 1057
3 4873 1175 1057
3 5118 2050 4876
3 4876 2050 2048
3 2222 2315 4874
3 2048 2222 4874
3 2050 2222 2048
3 5116 2315 2222
3 5119 583 581
3 5119 581 5117
3 623 725 4877
3 725 583 4877
3 725 581 583
3 751 855 623
3 623 855 725
3 4875 855 751
3 5120 4876 4878
3 5120 5118 4876
3 4703 5121 4879
3 4703 4879 4701
3 4935 4703 4701
3 4935 4937 4703
3 5183 4937 4935
3 5183 5185 4937
3 5445 5185 5183
3 5445 5447 5185
3 5677 5447 5445
3 5677 5679 5447
3 5933 5679 5677
3 5933 5935 5679
3 6185 6308 5122
3 5935 6185 5122
3 5933 6185 5935
3 4880 6308 6185
3 4881 485 583
3 5119 4881 583
3 5123 4881 5119
3 4877 583 485
3 5124 1854 1988
3 4882 1988 1854
3 5120 4882 1854
3 4878 4882 5120
3 4879 5125 4883
3 5121 5125 4879
3 6308 6189 5122
3 6608 5126 6473
3 6473 5126 4880
3 5126 6189 4880
3 6189 6308 4880
3 4884 6608 6473
3 7037 7146 4885
3 4886 7146 7037
3 4881 5127 4887
3 5123 5127 4881
3 1990 5128 1988
3 1988 5128 5124
3 1988 4882 4888
3 1988 4888 1990
3 4461 5129 4889
3 4461 4889 4459
3 4459 4883 4461
3 4461 4883 5125
3 6608 6477 5126
3 4884 6767 6608
3 6767 6477 6608
3 6767 6769 6477
3 7146 7039 4885
3 7039 6767 4885
3 7039 6769 6767
3 7456 5130 7315
3 7315 5130 4886
3 5130 7039 4886
3 7039 7146 4886
3 4890 7456 7315
3 5131 589 486
3 4887 5131 486
3 5127 5131 4887
3 589 4891 486
3 1852 4892 1990
3 4892 5128 1990
3 4892 5132 5128
3 1990 4888 1852
3 4221 5133 4893
3 4221 4893 4219
3 4219 4889 4221
3 4221 4889 5129
3 7456 7317 5130
3 7752 5134 7629
3 7629 5134 4890
3 5134 7317 4890
3 7317 7456 4890
3 4894 7752 7629
3 339 5135 437
3 589 5131 339
3 589 339 437
3 487 589 437
3 4895 487 437
3 4891 589 487
3 5136 4892 4896
3 5136 5132 4892
3 3975 5137 4897
3 3975 4897 3973
3 3973 4893 3975
3 3975 4893 5133
3 7754 5138 7752
3 7752 5138 5134
3 7752 4894 7923
3 8044 7752 7923
3 7754 7752 8044
3 4898 8044 7923
3 9901 5139 4899
3 9901 4899 9899
3 10073 9901 9899
3 10073 10075 9901
3 10073 4900 119
3 21 10073 119
3 10075 10073 21
3 21 119 287
3 21 287 185
3 437 5135 185
3 437 185 287
3 337 437 287
3 4901 337 287
3 4895 437 337
3 5140 4896 4902
3 5140 5136 4896
3 3719 5141 4903
3 3719 4903 3717
3 3717 4897 3719
3 3719 4897 5137
3 7754 7631 5138
3 7631 7754 5142
3 7754 8046 5142
3 7754 8044 8046
3 8044 4898 8209
3 8320 8044 8209
3 8046 8044 8320
3 4904 8320 8209
3 9259 9380 4905
3 9495 5143 9380
3 9259 9495 9380
3 9493 9495 9259
3 9701 9495 9493
3 9701 9703 9495
3 9701 4899 9703
3 9703 4899 5139
3 19 119 4900
3 183 287 19
3 19 287 119
3 4901 287 183
3 4902 1853 5140
3 5140 1853 1855
3 5144 1855 1853
3 5144 1853 4906
3 2849 2962 4907
3 3043 3162 2962
3 3043 2962 2849
3 3271 5145 3162
3 3043 3271 3162
3 3269 3271 3043
3 3495 3271 3269
3 3495 3497 3271
3 3495 4903 3497
3 3497 4903 5141
3 8046 7925 5142
3 7925 8046 8211
3 8211 8046 8320
3 4904 8477 8320
3 8477 8211 8320
3 8477 8479 8211
3 8741 8479 8477
3 8741 8743 8479
3 9011 8743 8741
3 9011 9013 8743
3 9380 9261 4905
3 9261 9011 4905
3 9261 9013 9011
3 9380 5143 9261
3 2184 5146 2049
3 5146 4906 2049
3 5146 5144 4906
3 4908 2184 2049
3 2501 2614 4909
3 2669 2784 2614
3 2669 2614 2501
3 2784 2669 4907
3 2962 2784 4907
3 2964 2784 2962
3 5147 2964 3045
3 2964 3162 3045
3 2964 2962 3162
3 3162 5145 3045
3 2184 2051 5146
3 4908 2221 2184
3 2221 2051 2184
3 2221 2223 2051
3 2359 2223 2221
3 2359 2361 2223
3 2614 2503 4909
3 2503 2359 4909
3 2503 2361 2359
3 2503 2614 2671
3 2671 2614 2784
3 2671 2784 2851
3 2851 2784 2964
3 2964 5147 2851
3 6537 6474 5056
3 5326 6770 6537
3 6770 6474 6537
3 6770 6768 6474
3 6770 7038 6768
3 7040 7038 6770
3 7040 7316 7038
3 7318 7316 7040
3 7318 7630 7316
3 7632 7630 7318
3 7632 7924 7630
3 7926 7924 7632
3 5057 7924 8254
3 7924 8212 8254
3 7924 7926 8212
3 8254 8212 8520
3 8520 8212 8480
3 8520 8480 8794
3 8794 8480 8744
3 8794 8744 9064
3 9064 8744 9014
3 9014 5327 9064
3 6537 5056 6478
3 5056 5328 6478
3 5056 5058 5328
3 5326 6537 6478
3 8254 8210 5057
3 8520 8478 8210
3 8520 8210 8254
3 8794 8742 8478
3 8794 8478 8520
3 9064 9012 8742
3 9064 8742 8794
3 9064 5327 9012
3 5327 5059 9012
3 5327 5329 5059
3 5330 22 5060
3 5060 22 20
3 22 184 20
3 186 184 22
3 186 5331 184
3 184 5331 5061
3 5332 6190 6244
3 5062 6244 6190
3 5328 5062 6190
3 5058 5062 5328
3 9260 5059 5329
3 9260 5329 9262
3 9262 5333 9260
3 9260 5333 5063
3 5334 9902 5064
3 5064 9902 9900
3 9902 10074 9900
3 10076 10074 9902
3 5060 10074 10076
3 5060 10076 5330
3 338 5061 5331
3 338 5331 340
3 340 5335 338
3 338 5335 5065
3 6186 5066 6244
3 5066 5332 6244
3 5066 5336 5332
3 6244 5062 6186
3 9494 5063 5333
3 9494 5333 9496
3 9496 9702 9494
3 9704 9702 9496
3 5064 9702 9704
3 5064 9704 5334
3 5335 490 530
3 5067 5335 530
3 5065 5335 5067
3 530 490 672
3 672 490 628
3 672 628 802
3 802 628 756
3 756 5337 802
3 5338 5066 5068
3 5338 5336 5066
3 530 488 5067
3 672 624 488
3 672 488 530
3 802 752 624
3 802 624 672
3 5337 900 962
3 5337 962 5069
3 802 5337 5069
3 752 802 5069
3 900 5339 962
3 5340 5068 5070
3 5340 5338 5068
3 964 5071 5069
3 964 5069 962
3 1060 1132 5339
3 1132 962 5339
3 1132 964 962
3 1060 5341 1132
3 5070 6187 5340
3 5340 6187 6191
3 5342 6191 6187
3 5342 6187 5072
3 966 5073 5071
3 966 5071 964
3 5343 966 1061
3 966 1132 1061
3 966 964 1132
3 1132 5341 1061
3 5072 6475 5342
3 5342 6475 6479
3 5344 6479 6475
3 5344 6475 5074
3 625 680 5075
3 753 810 680
3 753 680 625
3 810 753 5073
3 966 810 5073
3 968 810 966
3 966 5343 968
3 968 5343 5345
3 6771 5344 6833
3 5344 5076 6833
3 5344 5074 5076
3 5346 6771 6833
3 682 5077 5075
3 682 5075 680
3 680 812 682
3 680 810 812
3 5347 812 901
3 812 968 901
3 812 810 968
3 968 5345 901
3 5078 6835 5076
3 5076 6835 6833
3 5346 6833 6835
3 5346 6835 5348
3 684 5079 5077
3 684 5077 682
3 682 814 684
3 682 812 814
3 812 5347 814
3 814 5347 5349
3 5737 5678 5080
3 5737 5081 5678
3 6557 6476 5082
3 6772 6835 5078
3 6772 5078 6476
3 5350 6772 6476
3 6557 5350 6476
3 5348 6835 6772
3 684 626 5079
3 814 754 626
3 814 626 684
3 814 5349 754
3 5349 5083 754
3 5349 5351 5083
3 5352 5448 5084
3 5084 5448 5446
3 5680 5737 5080
3 5446 5680 5080
3 5448 5680 5446
3 5934 5081 5737
3 5680 5934 5737
3 5936 5934 5680
3 5936 6188 5934
3 6192 6188 5936
3 6480 6557 5082
3 6188 6480 5082
3 6192 6480 6188
3 5350 6557 6480
3 898 5083 5351
3 898 5351 902
3 902 5353 898
3 898 5353 5085
3 5259 5184 5086
3 5084 5184 5259
3 5354 5084 5259
3 5352 5084 5354
3 5353 1062 1146
3 5087 5353 1146
3 5085 5353 5087
3 1062 5355 1146
3 5356 1540 1646
3 1646 1540 5088
3 1540 1708 5088
3 1540 1710 1708
3 1710 1900 1708
3 1902 1900 1710
3 1902 5357 1900
3 1900 5357 5089
3 5090 5263 5086
3 5086 5263 5259
3 5354 5259 5263
3 5354 5263 5358
3 1146 1058 5087
3 1058 1146 5355
3 1226 1058 5355
3 1224 1058 1226
3 1226 1380 1224
3 1382 1380 1226
3 1382 5356 1646
3 1538 1382 1646
3 1380 1382 1538
3 1646 5088 1538
3 2092 5089 5357
3 2092 5357 2094
3 2094 5359 2092
3 2092 5359 5091
3 5092 5269 5090
3 5090 5269 5263
3 5358 5263 5269
3 5358 5269 5360
3 5359 2266 2342
3 5093 5359 2342
3 5091 5359 5093
3 2266 5361 2342
3 5269 5092 5186
3 5092 5362 5186
3 5092 5094 5362
3 5360 5269 5186
3 5093 2342 2267
3 5363 5093 2267
3 5095 5093 5363
3 2342 5361 2267
3 4771 4702 5096
3 5364 4938 4771
3 4938 4702 4771
3 4938 4936 4702
3 5094 4936 4938
3 5094 4938 5362
3 2093 2204 5097
3 2093 5095 2204
3 5095 5365 2204
3 5095 5363 5365
3 5366 4462 5098
3 5098 4462 4460
3 4704 4771 5096
3 4460 4704 5096
3 4462 4704 4460
3 5364 4771 4704
3 5097 2204 2095
3 5367 5097 2095
3 5099 5097 5367
3 2204 5365 2095
3 5368 5098 5100
3 5368 5366 5098
3 5099 5369 5101
3 5367 5369 5099
3 5370 4222 5102
3 5102 4222 4220
3 5100 4220 4222
3 5100 4222 5368
3 5101 5371 5103
3 5369 5371 5101
3 5372 3720 5104
3 5104 3720 3718
3 3720 3974 3718
3 3976 3974 3720
3 5102 3974 3976
3 5102 3976 5370
3 1903 5373 5105
3 1903 5105 1901
3 1901 5103 1903
3 1903 5103 5371
3 5374 3498 5106
3 5106 3498 3496
3 5104 3496 3498
3 5104 3498 5372
3 1227 5375 1323
3 1227 1323 5107
3 1381 1227 5107
3 1383 1227 1381
3 1539 1383 1381
3 1539 1541 1383
3 1709 1541 1539
3 1709 1711 1541
3 1709 5105 1711
3 1711 5105 5373
3 5376 3272 3358
3 5108 3358 3272
3 5374 5108 3272
3 5106 5108 5374
3 1063 5377 1169
3 1323 5375 1063
3 1323 1063 1169
3 1225 1323 1169
3 5109 1225 1169
3 5107 1323 1225
3 5378 3046 3136
3 5376 3358 3046
3 3046 3358 3136
3 3358 3270 3136
3 3270 5110 3136
3 3358 5108 3270
3 491 5379 575
3 491 575 719
3 491 719 629
3 629 719 849
3 629 849 757
3 757 849 1005
3 757 1005 903
3 1169 5377 903
3 1169 903 1005
3 1059 1169 1005
3 5111 1059 1005
3 5109 1169 1059
3 5380 2672 2762
3 2762 2672 2940
3 2940 2672 2852
3 5378 3136 2852
3 2852 3136 2940
3 3136 3044 2940
3 3044 5112 2940
3 3136 5110 3044
3 341 5381 423
3 575 5379 341
3 423 575 341
3 577 575 423
3 721 575 577
3 719 575 721
3 851 719 721
3 849 719 851
3 1007 849 851
3 1005 849 1007
3 5111 1005 5113
3 5113 1005 1007
3 5382 2504 2594
3 5380 2762 2504
3 2762 2594 2504
3 2762 2764 2594
3 2940 2850 5114
3 2764 2940 5114
3 2762 2940 2764
3 2940 5112 2850
3 187 5383 273
3 423 5381 187
3 273 423 187
3 425 423 273
3 579 423 425
3 577 423 579
3 723 577 579
3 721 577 723
3 853 721 723
3 851 721 853
3 1009 851 853
3 1007 851 1009
3 5113 1007 5115
3 5115 1007 1009
3 5384 2362 5116
3 5116 2362 2360
3 2362 5382 2594
3 2502 2362 2594
3 2360 2362 2502
3 2764 2670 2502
3 2764 2502 2594
3 2764 5114 2670
3 188 273 5383
3 273 188 5385
3 427 273 5385
3 425 273 427
3 489 579 5117
3 579 427 5117
3 579 425 427
3 627 723 489
3 489 723 579
3 755 853 627
3 627 853 723
3 899 1009 755
3 755 1009 853
3 5115 1009 899
3 5386 2052 5118
3 5118 2052 2050
3 2052 2222 2050
3 2224 2222 2052
3 5116 2222 2224
3 5116 2224 5384
3 5387 429 427
3 5387 427 5385
3 5117 427 5119
3 5119 427 429
3 5388 5118 5120
3 5388 5386 5118
3 4703 4802 5121
3 4939 5389 4802
3 4703 4939 4802
3 4937 4939 4703
3 5185 4939 4937
3 5185 5187 4939
3 5447 5187 5185
3 5447 5449 5187
3 5679 5449 5447
3 5679 5681 5449
3 5935 5681 5679
3 5935 5937 5681
3 5390 5937 5935
3 5390 5935 5122
3 5391 431 429
3 5391 429 5387
3 5119 429 5123
3 5123 429 431
3 5392 1856 5124
3 5124 1856 1854
3 5120 1854 1856
3 5120 1856 5388
3 5121 4802 4705
3 5393 5121 4705
3 5125 5121 5393
3 4802 5389 4705
3 6310 5394 6189
3 5394 5122 6189
3 5394 5390 5122
3 5126 6310 6189
3 5395 433 431
3 5395 431 5391
3 5123 431 5127
3 5127 431 433
3 5396 1332 1426
3 1426 1332 1612
3 1612 1332 1484
3 1612 1484 1794
3 1794 1484 1666
3 5128 1794 1666
3 5392 5128 1666
3 5124 5128 5392
3 4461 4564 5129
3 4461 5125 4564
3 5125 5397 4564
3 5125 5393 5397
3 6310 6193 5394
3 6610 5398 6477
3 6477 5398 5126
3 5398 6193 5126
3 6193 6310 5126
3 6769 6876 6610
3 6769 6610 6477
3 7039 7148 6876
3 7039 6876 6769
3 5130 7148 7039
3 5399 435 433
3 5399 433 5395
3 5127 433 5131
3 5131 433 435
3 5400 1176 1270
3 5396 1426 1176
3 1426 1270 1176
3 1426 1428 1270
3 1426 1614 1428
3 1426 1612 1614
3 1612 1796 1614
3 1612 1794 1796
3 1794 5128 5132
3 1794 5132 1796
3 4221 4338 5133
3 4564 4463 5129
3 5129 4463 4221
3 4463 5401 4221
3 5401 4338 4221
3 4564 5397 4463
3 6612 5402 6610
3 6610 5402 5398
3 6610 6878 6612
3 6610 6876 6878
3 6876 7150 6878
3 6876 7148 7150
3 7148 5130 7317
3 7458 7148 7317
3 7150 7148 7458
3 5134 7458 7317
3 189 5403 285
3 435 5399 189
3 435 189 285
3 339 435 285
3 5135 339 285
3 5131 435 339
3 1270 1177 5400
3 1177 1270 5404
3 1270 1430 5404
3 1270 1428 1430
3 1428 1616 1430
3 1428 1614 1616
3 1614 1798 1616
3 1614 1796 1798
3 1796 5132 5136
3 1796 5136 1798
3 3977 5405 5137
3 3977 5137 3975
3 4338 4223 5133
3 4223 3975 5133
3 4223 3977 3975
3 4338 5401 4223
3 6612 6481 5402
3 6481 6612 6773
3 6773 6612 6878
3 6773 6878 5406
3 6878 7152 5406
3 6878 7150 7152
3 7150 7460 7152
3 7150 7458 7460
3 7458 5134 5138
3 7458 5138 7460
3 9903 5407 5139
3 9903 5139 9901
3 10075 9903 9901
3 10075 10077 9903
3 21 10077 10075
3 21 23 10077
3 5403 23 285
3 23 185 285
3 23 21 185
3 5135 285 185
3 1430 1333 5404
3 1333 1430 1485
3 1485 1430 1616
3 1485 1616 1667
3 1667 1616 1798
3 5408 1667 1798
3 5136 5408 1798
3 5140 5408 5136
3 3719 3844 5141
3 3719 5137 3844
3 5137 5409 3844
3 5137 5405 5409
3 7152 7041 5406
3 7041 7152 5410
3 7152 7462 5410
3 7152 7460 7462
3 7460 5138 7631
3 7756 7460 7631
3 7462 7460 7756
3 5142 7756 7631
3 9495 9616 5143
3 9705 5411 9616
3 9495 9705 9616
3 9703 9705 9495
3 9703 5139 9705
3 9705 5139 5407
3 1998 5412 1855
3 5412 5140 1855
3 5412 5408 5140
3 5144 1998 1855
3 3271 3386 5145
3 3499 5413 3386
3 3271 3499 3386
3 3497 3499 3271
3 3844 3721 5141
3 3721 3497 5141
3 3721 3499 3497
3 3844 5409 3721
3 7464 5414 7462
3 7462 5414 5410
3 7462 7758 7464
3 7462 7756 7758
3 7756 5142 7925
3 8048 7756 7925
3 7758 7756 8048
3 8211 8322 8048
3 8211 8048 7925
3 8479 8588 8322
3 8479 8322 8211
3 8743 8862 8588
3 8743 8588 8479
3 9013 9134 8862
3 9013 8862 8743
3 9261 9382 9134
3 9261 9134 9013
3 9616 9497 5143
3 5143 9497 9261
3 9497 5415 9261
3 5415 9382 9261
3 9616 5411 9497
3 1998 1857 5412
3 5416 1857 1998
3 5144 5416 1998
3 5146 5416 5144
3 3045 3166 5147
3 3386 3273 5145
3 5145 3273 3045
3 3273 5417 3045
3 5417 3166 3045
3 3386 5413 3273
3 7464 7319 5414
3 7319 7464 7633
3 7633 7464 7758
3 7633 7758 7927
3 7927 7758 8048
3 7927 8048 8213
3 8213 8048 8322
3 8213 8322 8481
3 8481 8322 8588
3 8481 8588 8745
3 8745 8588 8862
3 8745 8862 9015
3 9015 8862 9134
3 9015 9134 9263
3 9263 9134 9382
3 9382 5415 9263
3 5146 2051 5416
3 5416 2051 2053
3 2223 2336 5418
3 2053 2223 5418
3 2051 2223 2053
3 2361 2468 2336
3 2361 2336 2223
3 2503 2616 2468
3 2503 2468 2361
3 2671 2786 2616
3 2671 2616 2503
3 2851 2966 2786
3 2851 2786 2671
3 3166 3047 5147
3 5147 3047 2851
3 3047 5419 2851
3 5419 2966 2851
3 3166 5417 3047
3 2336 2225 5418
3 2225 2336 2363
3 2363 2336 2468
3 2363 2468 2505
3 2505 2468 2616
3 2505 2616 2673
3 2673 2616 2786
3 2673 2786 2853
3 2853 2786 2966
3 2966 5419 2853
3 5558 8482 8518
3 8518 8482 8792
3 8792 8482 8746
3 8746 5559 8792
3 6817 6770 5326
3 7085 7040 6817
3 6817 7040 6770
3 7375 7318 7085
3 7085 7318 7040
3 5560 7634 7375
3 7634 7318 7375
3 7634 7632 7318
3 7634 7926 7632
3 7928 7926 7634
3 7928 8212 7926
3 8214 8212 7928
3 8214 5558 8518
3 8480 8214 8518
3 8212 8214 8480
3 8792 8744 8480
3 8792 8480 8518
3 8744 8792 5559
3 9016 8744 5559
3 9014 8744 9016
3 9016 5561 9014
3 9014 5561 5327
3 6539 6478 5328
3 6774 6817 5326
3 6774 5326 6478
3 5562 6774 6478
3 6539 5562 6478
3 6817 6774 7042
3 6817 7042 7085
3 7085 7042 7320
3 7085 7320 7375
3 5560 7375 7320
3 5561 9264 9314
3 5329 5561 9314
3 5327 5561 5329
3 9264 5563 9314
3 5564 24 5330
3 5330 24 22
3 225 186 5565
3 186 24 5565
3 186 22 24
3 225 5331 186
3 5566 6194 5332
3 5332 6194 6190
3 6482 6539 5328
3 6190 6482 5328
3 6194 6482 6190
3 5562 6539 6482
3 9314 9262 5329
3 5563 9498 9552
3 5563 9552 5333
3 9314 5563 5333
3 9262 9314 5333
3 9552 9498 9760
3 9760 9498 9706
3 9760 9706 5334
3 9706 9902 5334
3 9706 9904 9902
3 9904 10076 9902
3 10078 10076 9904
3 5330 10076 10078
3 5330 10078 5564
3 190 225 5565
3 340 5331 225
3 190 340 225
3 342 340 190
3 342 5567 340
3 340 5567 5335
3 5568 5332 5336
3 5568 5566 5332
3 9552 9496 5333
3 9760 9704 9496
3 9760 9496 9552
3 9760 5334 9704
3 490 5335 5567
3 490 5567 492
3 492 628 490
3 630 628 492
3 630 756 628
3 758 756 630
3 5337 756 960
3 756 904 960
3 756 758 904
3 904 5569 960
3 5570 5336 5338
3 5570 5568 5336
3 960 900 5337
3 5569 1064 1130
3 5569 1130 5339
3 960 5569 5339
3 900 960 5339
3 1064 5571 1130
3 5572 5338 5340
3 5572 5570 5338
3 1130 1060 5339
3 1130 5571 1060
3 5571 5341 1060
3 5571 5573 5341
3 5340 6191 5572
3 5572 6191 6195
3 5574 6195 6191
3 5574 6191 5342
3 1061 1134 5343
3 1061 5341 1134
3 5341 5575 1134
3 5341 5573 5575
3 5342 6479 5574
3 5574 6479 6483
3 5576 6483 6479
3 5576 6479 5344
3 1136 5345 5343
3 1136 5343 1134
3 1134 5575 1136
3 1136 5575 5577
3 5344 6771 5576
3 5576 6771 6775
3 5578 6775 6771
3 5578 6771 5346
3 901 970 5347
3 1136 1065 5345
3 5345 1065 901
3 1065 5579 901
3 5579 970 901
3 1136 5577 1065
3 5580 5346 5348
3 5580 5578 5346
3 5347 970 905
3 5581 5347 905
3 5349 5347 5581
3 970 5579 905
3 5582 6776 5350
3 5350 6776 6772
3 5348 6772 6776
3 5348 6776 5580
3 5349 5583 5351
3 5581 5583 5349
3 5505 5448 5352
3 5739 5680 5505
3 5505 5680 5448
3 5993 5936 5739
3 5739 5936 5680
3 6263 6192 5993
3 5993 6192 5936
3 6559 6480 6263
3 6263 6480 6192
3 5350 6480 6559
3 5584 5350 6559
3 5582 5350 5584
3 902 5351 5583
3 902 5583 906
3 906 5585 902
3 902 5585 5353
3 5354 5507 5352
3 5352 5507 5505
3 5507 5586 5682
3 5739 5507 5682
3 5505 5507 5739
3 5739 5682 5938
3 5739 5938 5993
3 5993 5938 6196
3 5993 6196 6263
3 6263 6196 6484
3 6263 6484 6559
3 5584 6559 6484
3 1062 5353 5585
3 1062 5585 1066
3 5355 1062 1304
3 1062 1228 1304
3 1062 1066 1228
3 1228 5587 1304
3 5588 1542 5356
3 5356 1542 1540
3 1542 1710 1540
3 1712 1710 1542
3 1712 1902 1710
3 1904 1902 1712
3 1904 5589 1902
3 1902 5589 5357
3 5507 5354 5450
3 5354 5590 5450
3 5354 5358 5590
3 5586 5507 5450
3 1304 1226 5355
3 1226 1304 5587
3 1384 1226 5587
3 1382 1226 1384
3 5356 1382 1384
3 5356 1384 5588
3 2094 5357 5589
3 2094 5589 2096
3 2096 5591 2094
3 2094 5591 5359
3 5592 5358 5360
3 5592 5590 5358
3 5593 2343 2266
3 5359 5593 2266
3 5591 5593 5359
3 2343 5361 2266
3 5275 5186 5362
3 5360 5186 5275
3 5594 5360 5275
3 5592 5360 5594
3 5363 2267 2343
3 5593 5363 2343
3 5595 5363 5593
3 5361 2343 2267
3 5596 4706 4772
3 4772 4706 5364
3 4706 4938 5364
3 4706 4940 4938
3 5188 5275 5362
3 4938 5188 5362
3 4940 5188 4938
3 5594 5275 5188
3 5363 5597 5365
3 5595 5597 5363
3 5598 4464 5366
3 5366 4464 4462
3 4464 5596 4772
3 4704 4464 4772
3 4462 4464 4704
3 4772 5364 4704
3 2097 5599 5367
3 2097 5367 2095
3 2095 5365 2097
3 2097 5365 5597
3 5600 5366 5368
3 5600 5598 5366
3 5367 5601 5369
3 5599 5601 5367
3 5602 4224 5370
3 5370 4224 4222
3 5368 4222 4224
3 5368 4224 5600
3 5369 5603 5371
3 5601 5603 5369
3 5604 3722 5372
3 5372 3722 3720
3 3722 3976 3720
3 3978 3976 3722
3 5370 3976 3978
3 5370 3978 5602
3 1905 5605 5373
3 1905 5373 1903
3 1903 5371 1905
3 1905 5371 5603
3 5606 3500 5374
3 5374 3500 3498
3 5372 3498 3500
3 5372 3500 5604
3 759 5607 843
3 759 843 1001
3 759 1001 907
3 907 1001 1167
3 907 1167 1067
3 1067 1167 5375
3 1227 1067 5375
3 1229 1067 1227
3 1383 1229 1227
3 1383 1385 1229
3 1541 1385 1383
3 1541 1543 1385
3 1711 1543 1541
3 1711 1713 1543
3 1711 5373 1713
3 1713 5373 5605
3 5608 3274 5376
3 5376 3274 3272
3 5374 3272 3274
3 5374 3274 5606
3 631 5609 715
3 843 5607 631
3 715 843 631
3 847 843 715
3 1003 843 847
3 1001 843 1003
3 1063 1167 5377
3 1167 1003 5377
3 1167 1001 1003
3 5375 1167 1063
3 5610 2854 2938
3 2938 2854 5378
3 2854 3046 5378
3 2854 3048 3046
3 5376 3046 3048
3 5376 3048 5608
3 343 5611 421
3 343 421 5379
3 491 343 5379
3 493 343 491
3 5609 493 715
3 493 629 715
3 493 491 629
3 757 847 629
3 629 847 715
3 903 1003 757
3 757 1003 847
3 5377 1003 903
3 5612 2506 2592
3 2592 2506 5380
3 2506 2672 5380
3 2506 2674 2672
3 2674 5610 2938
3 2852 2674 2938
3 2672 2674 2852
3 2938 5378 2852
3 9499 5613 9599
3 9499 9599 9807
3 9499 9807 9707
3 5614 9707 9807
3 191 5615 271
3 421 5611 191
3 421 191 271
3 341 421 271
3 5381 341 271
3 5379 421 341
3 2504 5382 2592
3 5382 5612 2592
3 5382 5616 5612
3 2592 5380 2504
3 5617 9601 9599
3 5617 9599 5613
3 9809 9599 9601
3 9807 9599 9809
3 5614 9807 9809
3 5614 9809 5618
3 5383 187 271
3 5615 5383 271
3 5619 5383 5615
3 5381 271 187
3 5620 2364 5384
3 5384 2364 2362
3 5382 2362 2364
3 5382 2364 5616
3 9500 9601 5617
3 9601 9500 9708
3 9601 9708 9809
3 5618 9809 9708
3 5621 275 188
3 5383 5621 188
3 5619 5621 5383
3 275 5385 188
3 5622 2054 5386
3 5386 2054 2052
3 2054 2224 2052
3 2226 2224 2054
3 5384 2224 2226
3 5384 2226 5620
3 192 275 5621
3 192 5623 275
3 5623 5385 275
3 5623 5387 5385
3 5624 1858 1986
3 5388 1986 1858
3 5622 5388 1858
3 5386 5388 5622
3 4941 5625 5389
3 4941 5389 4939
3 5187 4941 4939
3 5187 5189 4941
3 5449 5189 5187
3 5449 5451 5189
3 5681 5451 5449
3 5681 5683 5451
3 5937 5683 5681
3 5937 5939 5683
3 5626 5939 5937
3 5626 5937 5390
3 5387 5627 5391
3 5623 5627 5387
3 5628 1334 1424
3 1424 1334 1610
3 1610 1334 1486
3 1610 1486 1792
3 1792 1486 1668
3 5624 1986 1668
3 1668 1986 1792
3 1986 1856 1792
3 1856 5392 1792
3 1986 5388 1856
3 4707 5629 5393
3 4707 5393 4705
3 4705 5389 4707
3 4707 5389 5625
3 5630 5390 5394
3 5630 5626 5390
3 5391 5631 5395
3 5627 5631 5391
3 5632 1178 1268
3 5628 1424 1178
3 1178 1424 1268
3 1424 1332 1268
3 1332 5396 1268
3 1610 1484 1332
3 1610 1332 1424
3 1792 1666 1484
3 1792 1484 1610
3 1792 5392 1666
3 5393 5633 5397
3 5629 5633 5393
3 6312 5634 6193
3 5634 5394 6193
3 5634 5630 5394
3 5398 6312 6193
3 5395 5635 5399
3 5631 5635 5395
3 5636 1012 1114
3 5632 1268 1012
3 1012 1268 1114
3 1268 1176 1114
3 1176 5400 1114
3 1268 5396 1176
3 4225 5637 4339
3 4225 4339 5401
3 4463 4225 5401
3 4465 4225 4463
3 4463 5397 4465
3 4465 5397 5633
3 6314 5638 6312
3 6312 5638 5634
3 6312 5398 5402
3 6312 5402 6314
3 10079 5639 10171
3 10079 10171 117
3 10079 117 25
3 25 117 5403
3 189 25 5403
3 193 25 189
3 189 5399 193
3 193 5399 5635
3 1114 1013 5636
3 1272 5640 1177
3 1177 5640 5400
3 5640 1013 5400
3 1013 1114 5400
3 5404 1272 1177
3 3979 5641 5405
3 3979 5405 3977
3 5637 3979 4339
3 3979 4223 4339
3 3979 3977 4223
3 5401 4339 4223
3 6316 5642 6314
3 6314 5642 5638
3 6314 5402 6481
3 6614 6314 6481
3 6316 6314 6614
3 6773 6880 6614
3 6773 6614 6481
3 5406 6880 6773
3 9905 5643 5407
3 9905 5407 9903
3 5639 9905 10171
3 9905 10077 10171
3 9905 9903 10077
3 23 117 10077
3 10077 117 10171
3 5403 117 23
3 1274 5644 1272
3 1272 5644 5640
3 1272 5404 1333
3 1432 1272 1333
3 1274 1272 1432
3 1485 1618 1432
3 1485 1432 1333
3 1667 1800 1618
3 1667 1618 1485
3 5408 1800 1667
3 3723 5645 3845
3 3845 5409 3723
3 5409 5641 3723
3 5409 5405 5641
3 6316 6197 5642
3 6197 6316 6485
3 6485 6316 6614
3 6485 6614 6777
3 6777 6614 6880
3 7154 5646 7041
3 7041 5646 5406
3 5646 6777 5406
3 6777 6880 5406
3 5410 7154 7041
3 9705 9826 5411
3 9705 5407 9826
3 5407 5647 9826
3 5407 5643 5647
3 1274 1179 5644
3 1179 1274 1335
3 1335 1274 1432
3 1335 1432 1487
3 1487 1432 1618
3 1487 1618 5648
3 1618 1802 5648
3 1618 1800 1802
3 1800 5408 5412
3 1800 5412 1802
3 3501 5649 5413
3 3501 5413 3499
3 5645 3501 3845
3 3501 3721 3845
3 3501 3499 3721
3 5409 3845 3721
3 7154 7043 5646
3 5650 7043 7154
3 5410 5650 7154
3 5414 5650 5410
3 9497 9618 5415
3 9826 9709 5411
3 5411 9709 9497
3 9709 5651 9497
3 5651 9618 9497
3 9826 5647 9709
3 1802 1669 5648
3 5412 1857 1802
3 1857 1669 1802
3 1857 1859 1669
3 5652 1859 1857
3 5652 1857 5416
3 3275 5653 5417
3 3275 5417 3273
3 3273 5413 3275
3 3275 5413 5649
3 5414 7319 5650
3 5650 7319 7321
3 7633 7321 7319
3 7633 7635 7321
3 7927 7635 7633
3 7927 7929 7635
3 8213 7929 7927
3 8213 8215 7929
3 8481 8215 8213
3 8481 8483 8215
3 8745 8483 8481
3 8745 8747 8483
3 9015 8747 8745
3 9015 9017 8747
3 9263 9017 9015
3 9263 9265 9017
3 9618 9501 5415
3 9501 9263 5415
3 9501 9265 9263
3 9618 5651 9501
3 5416 2053 5652
3 5652 2053 2055
3 5654 2055 2053
3 5654 2053 5418
3 3049 5655 5419
3 3049 5419 3047
3 3047 5417 3049
3 3049 5417 5653
3 5418 2225 5654
3 5654 2225 2227
3 2363 2227 2225
3 2363 2365 2227
3 2505 2365 2363
3 2505 2507 2365
3 2673 2507 2505
3 2673 2675 2507
3 2853 2675 2673
3 2853 2855 2675
3 2853 5419 2855
3 2855 5419 5655
3 5792 8484 5558
3 5558 8484 8482
3 8484 8746 8482
3 8748 8746 8484
3 5559 8746 9060
3 8746 9018 9060
3 8746 8748 9018
3 9018 5793 9060
3 5794 7636 5560
3 5560 7636 7634
3 7636 7928 7634
3 7930 7928 7636
3 7930 8214 7928
3 8216 8214 7930
3 5558 8214 8216
3 5558 8216 5792
3 9060 9016 5559
3 9060 5793 9016
3 5793 5561 9016
3 5793 5795 5561
3 6819 6774 5562
3 5796 7044 6819
3 7044 6774 6819
3 7044 7042 6774
3 7044 7320 7042
3 7322 7320 7044
3 5560 7320 7322
3 5560 7322 5794
3 9264 5561 5795
3 9264 5795 9266
3 9266 5797 9264
3 9264 5797 5563
3 5798 10080 10110
3 10110 10080 5564
3 10080 24 5564
3 10080 26 24
3 26 5799 24
3 24 5799 5565
3 6245 6194 5566
3 5800 6486 6245
3 6486 6194 6245
3 6486 6482 6194
3 6778 6819 5562
3 6482 6778 5562
3 6486 6778 6482
3 5796 6819 6778
3 9498 5563 5797
3 9498 5797 9502
3 9502 9706 9498
3 9710 9706 9502
3 9710 9904 9706
3 9906 9904 9710
3 9906 5798 10110
3 10078 9906 10110
3 9904 9906 10078
3 10110 5564 10078
3 190 5565 5799
3 190 5799 194
3 194 342 190
3 344 342 194
3 5567 342 528
3 342 494 528
3 342 344 494
3 494 5801 528
3 6245 5566 6198
3 5566 5802 6198
3 5566 5568 5802
3 5800 6245 6198
3 528 492 5567
3 492 528 5801
3 632 492 5801
3 630 492 632
3 632 758 630
3 760 758 632
3 760 904 758
3 908 904 760
3 908 5803 904
3 904 5803 5569
3 5804 5568 5570
3 5804 5802 5568
3 1064 5569 5803
3 1064 5803 1068
3 1068 5805 1064
3 1064 5805 5571
3 6199 5804 6251
3 5804 5572 6251
3 5804 5570 5572
3 5806 6199 6251
3 5571 5807 5573
3 5805 5807 5571
3 6195 6251 5572
3 6487 5806 6549
3 6549 5806 5574
3 5806 6251 5574
3 6251 6195 5574
3 5808 6487 6549
3 5573 5809 5575
3 5807 5809 5573
3 6483 6549 5574
3 6779 5808 6831
3 6831 5808 5576
3 5808 6549 5576
3 6549 6483 5576
3 5810 6779 6831
3 5575 5811 5577
3 5809 5811 5575
3 6775 6831 5576
3 5810 6831 6775
3 5578 5810 6775
3 5812 5810 5578
3 1065 1138 5579
3 1065 5577 1138
3 5577 5813 1138
3 5577 5811 5813
3 5814 5578 5580
3 5814 5812 5578
3 905 972 5581
3 1138 1069 5579
3 5579 1069 905
3 1069 5815 905
3 5815 972 905
3 1138 5813 1069
3 5816 6780 5582
3 5582 6780 6776
3 5580 6776 6780
3 5580 6780 5814
3 974 5583 5581
3 974 5581 972
3 1070 1142 5815
3 1142 972 5815
3 1142 974 972
3 1070 5817 1142
3 5818 5582 5584
3 5818 5816 5582
3 974 906 5583
3 1144 5585 906
3 974 1144 906
3 1142 1144 974
3 1230 1302 5817
3 1302 1142 5817
3 1302 1144 1142
3 1302 1230 1458
3 1458 1230 1386
3 1458 1386 1644
3 1644 1386 1544
3 1544 5819 1644
3 5741 5682 5586
3 5995 5938 5741
3 5741 5938 5682
3 6265 6196 5995
3 5995 6196 5938
3 5820 6488 6265
3 6488 6196 6265
3 6488 6484 6196
3 5584 6484 6488
3 5584 6488 5818
3 1144 1066 5585
3 1302 1228 1066
3 1302 1066 1144
3 1460 5587 1228
3 1302 1460 1228
3 1458 1460 1302
3 1644 1542 5588
3 1460 1644 5588
3 1458 1644 1460
3 1542 1644 5819
3 1714 1542 5819
3 1712 1542 1714
3 2021 1904 5821
3 1904 1714 5821
3 1904 1712 1714
3 2021 5589 1904
3 5509 5450 5590
3 5684 5741 5586
3 5684 5586 5450
3 5822 5684 5450
3 5509 5822 5450
3 5741 5684 5940
3 5741 5940 5995
3 5995 5940 6200
3 5995 6200 6265
3 5820 6265 6200
3 1460 1384 5587
3 1460 5588 1384
3 1906 2021 5821
3 2096 5589 2021
3 1906 2096 2021
3 2098 2096 1906
3 2098 5823 2096
3 2096 5823 5591
3 5509 5590 5452
3 5590 5824 5452
3 5590 5592 5824
3 5822 5509 5452
3 5591 5825 5593
3 5823 5825 5591
3 5826 5592 5594
3 5826 5824 5592
3 5593 5827 5595
3 5825 5827 5593
3 4773 4706 5596
3 5828 4942 4773
3 4942 4706 4773
3 4942 4940 4706
3 4942 5188 4940
3 5190 5188 4942
3 5594 5188 5190
3 5594 5190 5826
3 5595 5829 5597
3 5827 5829 5595
3 5830 4466 5598
3 5598 4466 4464
3 4708 4773 5596
3 4464 4708 5596
3 4466 4708 4464
3 5828 4773 4708
3 2099 5831 5599
3 2099 5599 2097
3 2097 5597 2099
3 2099 5597 5829
3 5832 4226 4300
3 5600 4300 4226
3 5830 5600 4226
3 5598 5600 5830
3 5599 5833 5601
3 5831 5833 5599
3 5834 3724 3806
3 3806 3724 4058
3 4058 3724 3980
3 5832 4300 3980
3 3980 4300 4058
3 4300 4224 4058
3 4224 5602 4058
3 4300 5600 4224
3 5601 5835 5603
3 5833 5835 5601
3 5836 2056 2154
3 2056 5837 2154
3 5838 3502 3578
3 5834 3806 3502
3 3502 3806 3578
3 3806 3722 3578
3 3722 5604 3578
3 4058 3978 3722
3 4058 3722 3806
3 4058 5602 3978
3 761 5839 839
3 761 839 997
3 761 997 909
3 909 997 1163
3 909 1163 1071
3 5840 1071 1163
3 1715 5841 1845
3 1715 1845 5605
3 1905 1715 5605
3 1907 1715 1905
3 1905 5603 1907
3 1907 5603 5835
3 5842 1860 1972
3 5836 2154 1860
3 2154 1972 1860
3 2154 2156 1972
3 2228 2304 5837
3 2304 2154 5837
3 2304 2156 2154
3 2228 5843 2304
3 5844 3276 3354
3 5838 3578 3276
3 3276 3578 3354
3 3578 3500 3354
3 3500 5606 3354
3 3578 5604 3500
3 633 5845 711
3 839 5839 633
3 839 633 711
3 759 839 711
3 5607 759 711
3 907 997 759
3 759 997 839
3 1067 1163 907
3 907 1163 997
3 1163 1067 5840
3 1067 1231 5840
3 1067 1229 1231
3 1385 1231 1229
3 1385 1387 1231
3 1543 1387 1385
3 1543 1545 1387
3 5841 1545 1845
3 1545 1713 1845
3 1545 1543 1713
3 5605 1845 1713
3 1974 5846 1972
3 1972 5846 5842
3 1972 2158 1974
3 1972 2156 2158
3 2156 2306 2158
3 2156 2304 2306
3 2304 5843 2306
3 2306 5843 5847
3 5848 2676 2758
3 2758 2676 2936
3 2936 2676 2856
3 2936 2856 3132
3 3132 2856 3050
3 5844 3354 3050
3 3050 3354 3132
3 3354 3274 3132
3 3274 5608 3132
3 3354 5606 3274
3 495 5849 571
3 711 5845 495
3 711 495 571
3 631 711 571
3 5609 631 571
3 5607 711 631
3 1976 5850 1974
3 1974 5850 5846
3 1974 2160 1976
3 1974 2158 2160
3 2158 2308 2160
3 2158 2306 2308
3 2366 2442 5847
3 2442 2306 5847
3 2442 2308 2306
3 2442 2366 2590
3 2590 2366 2508
3 5848 2758 2508
3 2758 2590 2508
3 2758 2760 2590
3 2936 2854 5610
3 2760 2936 5610
3 2758 2936 2760
3 3132 3048 2854
3 3132 2854 2936
3 3132 5608 3048
3 9267 5851 9359
3 9267 9359 9597
3 9267 9597 9503
3 9503 9597 9805
3 9503 9805 9711
3 5852 9711 9805
3 345 5853 5611
3 345 5611 343
3 5849 345 571
3 345 493 571
3 345 343 493
3 5609 571 493
3 5854 1670 1782
3 5850 1976 1670
3 1976 1782 1670
3 1976 1978 1782
3 5855 1978 2057
3 1978 2160 2057
3 1978 1976 2160
3 2057 2160 2229
3 2229 2160 2308
3 2229 2308 5856
3 2308 2444 5856
3 2308 2442 2444
3 2590 2506 5612
3 2444 2590 5612
3 2442 2590 2444
3 2760 2674 2506
3 2760 2506 2590
3 2760 5610 2674
3 5857 9361 9359
3 5857 9359 5851
3 9499 9597 5613
3 9597 9361 5613
3 9597 9359 9361
3 9707 9805 9499
3 9499 9805 9597
3 9907 5852 9989
3 9989 5852 5614
3 5852 9805 5614
3 9805 9707 5614
3 5858 9907 9989
3 195 5859 5615
3 195 5615 191
3 191 5611 195
3 195 5611 5853
3 5860 1488 1602
3 5854 1782 1488
3 1782 1602 1488
3 1782 1784 1602
3 1782 1980 1784
3 1782 1978 1980
3 1978 5855 1980
3 1980 5855 5861
3 2446 5862 2444
3 2444 5862 5856
3 2444 5612 5616
3 2444 5616 2446
3 5863 9363 9361
3 5863 9361 5857
3 5613 9361 5617
3 5617 9361 9363
3 5618 9991 5614
3 5614 9991 9989
3 5858 9989 9991
3 5858 9991 5864
3 5615 5865 5619
3 5859 5865 5615
3 1604 5866 1602
3 1602 5866 5860
3 1602 1786 1604
3 1602 1784 1786
3 1784 1982 1786
3 1784 1980 1982
3 2058 2166 5861
3 2166 1980 5861
3 2166 1982 1980
3 2166 2058 2316
3 2316 2058 2230
3 5862 2446 2230
3 2230 2446 2316
3 2446 2364 2316
3 2364 5620 2316
3 2446 5616 2364
3 5867 9365 9363
3 5867 9363 5863
3 5617 9363 9500
3 9363 9603 9500
3 9363 9365 9603
3 9811 9708 9603
3 9603 9708 9500
3 9708 9811 5618
3 9811 9991 5618
3 9811 9993 9991
3 5864 9991 9993
3 5864 9993 5868
3 5619 5869 5621
3 5865 5869 5619
3 1606 5870 1604
3 1604 5870 5866
3 1604 1788 1606
3 1604 1786 1788
3 1786 1984 1788
3 1786 1982 1984
3 2166 2054 5622
3 1984 2166 5622
3 1982 2166 1984
3 2316 2226 2054
3 2316 2054 2166
3 2316 5620 2226
3 9268 9365 5867
3 9365 9268 5871
3 9605 9365 5871
3 9603 9365 9605
3 9813 9603 9605
3 9811 9603 9813
3 9813 5872 9908
3 9993 9813 9908
3 9811 9813 9993
3 5868 9993 9908
3 192 5621 5869
3 192 5869 196
3 196 5873 192
3 192 5873 5623
3 5874 1336 1422
3 5870 1606 1336
3 1606 1422 1336
3 1606 1608 1422
3 1606 1790 1608
3 1606 1788 1790
3 1984 1858 5624
3 1790 1984 5624
3 1788 1984 1790
3 1984 5622 1858
3 4941 5040 5625
3 5189 5312 5040
3 5189 5040 4941
3 5453 5875 5312
3 5189 5453 5312
3 5451 5453 5189
3 5683 5453 5451
3 5683 5685 5453
3 5939 6036 5876
3 5685 5939 5876
3 5683 5939 5685
3 5626 6036 5939
3 9504 9605 5871
3 9605 9504 9712
3 9605 9712 9813
3 5872 9813 9712
3 5623 5877 5627
3 5873 5877 5623
3 5878 1180 1266
3 5874 1422 1180
3 1180 1422 1266
3 1422 1334 1266
3 1334 5628 1266
3 1608 1486 1334
3 1608 1334 1422
3 1790 1668 1486
3 1790 1486 1608
3 1790 5624 1668
3 4709 5879 5629
3 4709 5629 4707
3 5040 4943 5625
3 4943 4707 5625
3 4943 4709 4707
3 4943 5040 5191
3 5191 5040 5312
3 5312 5875 5191
3 6036 5941 5876
3 5880 5941 6036
3 5626 5880 6036
3 5630 5880 5626
3 5627 5881 5631
3 5877 5881 5627
3 5882 1014 1110
3 5878 1266 1014
3 1014 1266 1110
3 1266 1178 1110
3 1178 5632 1110
3 1266 5628 1178
3 4227 5883 4335
3 4227 4335 4565
3 4227 4565 4467
3 4565 5633 4467
3 5633 5879 4467
3 5633 5629 5879
3 5884 5630 5634
3 5884 5880 5630
3 197 5885 283
3 283 5635 197
3 5635 5881 197
3 5635 5631 5881
3 1012 5636 1110
3 5636 5882 1110
3 5636 5886 5882
3 1110 5632 1012
3 3981 5887 4091
3 4335 5883 3981
3 4335 3981 4091
3 4225 4335 4091
3 5637 4225 4091
3 4465 4565 4225
3 4225 4565 4335
3 5633 4565 4465
3 5888 5634 5638
3 5888 5884 5634
3 9909 5889 10003
3 9909 10003 5639
3 10079 9909 5639
3 10081 9909 10079
3 25 10081 10079
3 25 27 10081
3 5885 27 283
3 27 193 283
3 27 25 193
3 5635 283 193
3 1116 5890 1013
3 5890 5636 1013
3 5890 5886 5636
3 5640 1116 1013
3 3725 5891 3841
3 4091 5887 3725
3 4091 3725 3841
3 3979 4091 3841
3 5641 3979 3841
3 5637 4091 3979
3 5892 5638 5642
3 5892 5888 5638
3 5643 9905 10003
3 5889 5643 10003
3 5893 5643 5889
3 5639 10003 9905
3 1118 5894 1116
3 1116 5894 5890
3 1116 5640 5644
3 1116 5644 1118
3 3503 5895 3609
3 3841 5891 3503
3 3841 3503 3609
3 3723 3841 3609
3 5645 3723 3609
3 5641 3841 3723
3 5642 6197 5892
3 5892 6197 6201
3 6485 6201 6197
3 6485 6489 6201
3 6777 6882 5896
3 6489 6777 5896
3 6485 6777 6489
3 5646 6882 6777
3 9713 5897 9827
3 9827 5647 9713
3 5647 5893 9713
3 5647 5643 5893
3 1120 5898 1118
3 1118 5898 5894
3 1118 5644 1179
3 1276 1118 1179
3 1120 1118 1276
3 1335 1434 1276
3 1335 1276 1179
3 1487 1620 1434
3 1487 1434 1335
3 5648 1620 1487
3 3277 5899 3387
3 3609 5895 3277
3 3609 3277 3387
3 3501 3609 3387
3 5649 3501 3387
3 5645 3609 3501
3 6882 6781 5896
3 7156 5900 7043
3 7043 5900 5646
3 5900 6781 5646
3 6781 6882 5646
3 5650 7156 7043
3 5651 9709 9827
3 5897 5651 9827
3 5901 5651 5897
3 5647 9827 9709
3 1122 5902 1120
3 1120 5902 5898
3 1120 1278 1122
3 1120 1276 1278
3 1276 1436 1278
3 1276 1434 1436
3 1434 1622 1436
3 1434 1620 1622
3 1622 1620 5903
3 1620 1669 5903
3 1669 1671 5903
3 1669 1620 5648
3 1859 2000 5904
3 1671 1859 5904
3 1669 1859 1671
3 5652 2000 1859
3 3051 5905 3167
3 3387 5899 3051
3 3387 3051 3167
3 3275 3387 3167
3 5653 3275 3167
3 5649 3387 3275
3 7156 7045 5900
3 5650 7321 7156
3 7321 7045 7156
3 7321 7323 7045
3 7635 7760 5906
3 7323 7635 5906
3 7321 7635 7323
3 7931 5907 7760
3 7635 7931 7760
3 7929 7931 7635
3 8215 7931 7929
3 8215 8217 7931
3 8483 8217 8215
3 8483 8485 8217
3 8747 8485 8483
3 8747 8749 8485
3 9017 8749 8747
3 9017 9019 8749
3 9265 9019 9017
3 9265 9269 9019
3 9501 9269 9265
3 9501 9505 9269
3 9501 5651 9505
3 9505 5651 5901
3 1122 1015 5902
3 1015 1122 1181
3 1181 1122 1278
3 1181 1278 1337
3 1337 1278 1436
3 1337 1436 1489
3 1489 1436 1622
3 1622 5903 1489
3 2000 1861 5904
3 5652 2055 2000
3 2055 1861 2000
3 2055 2059 1861
3 2055 5654 2337
3 2231 2055 2337
3 2059 2055 2231
3 5908 2231 2337
3 2857 5909 2967
3 3167 5905 2857
3 3167 2857 2967
3 3049 3167 2967
3 5655 3049 2967
3 5653 3167 3049
3 7760 7637 5906
3 7760 5907 7637
3 2227 2337 5654
3 2337 2227 5908
3 2227 2367 5908
3 2227 2365 2367
3 2507 2367 2365
3 2507 2509 2367
3 2675 2509 2507
3 2675 2677 2509
3 5909 2677 2967
3 2677 2855 2967
3 2677 2675 2855
3 5655 2967 2855
3 6050 8218 8252
3 8252 8218 5792
3 8218 8484 5792
3 8218 8486 8484
3 8486 8748 8484
3 8750 8748 8486
3 9061 9018 6051
3 9018 8750 6051
3 9018 8748 8750
3 9061 5793 9018
3 6052 7638 5794
3 5794 7638 7636
3 7638 7930 7636
3 7932 7930 7638
3 7932 6050 8252
3 8216 7932 8252
3 7930 7932 8216
3 8252 5792 8216
3 9020 9061 6051
3 9020 6053 9061
3 6053 5793 9061
3 6053 5795 5793
3 7087 7044 5796
3 6054 7324 7087
3 7324 7044 7087
3 7324 7322 7044
3 5794 7322 7324
3 5794 7324 6052
3 9266 5795 6053
3 9266 6053 9270
3 9270 6055 9266
3 9266 6055 5797
3 6056 10082 5798
3 5798 10082 10080
3 10082 26 10080
3 28 26 10082
3 28 6057 26
3 26 6057 5799
3 6541 6486 5800
3 6058 6782 6541
3 6782 6486 6541
3 6782 6778 6486
3 7046 7087 5796
3 6778 7046 5796
3 6782 7046 6778
3 6054 7087 7046
3 9502 5797 6055
3 9502 6055 9506
3 9506 9710 9502
3 9714 9710 9506
3 9714 9906 9710
3 9910 9906 9714
3 5798 9906 9910
3 5798 9910 6056
3 194 5799 6057
3 194 6057 198
3 198 344 194
3 346 344 198
3 346 494 344
3 496 494 346
3 5801 494 670
3 494 634 670
3 494 496 634
3 670 634 800
3 800 634 762
3 800 762 958
3 958 762 910
3 910 6059 958
3 6247 6198 5802
3 6490 6541 5800
3 6490 5800 6198
3 6060 6490 6198
3 6247 6060 6198
3 6058 6541 6490
3 670 632 5801
3 800 760 632
3 800 632 670
3 958 908 760
3 958 760 800
3 6059 1072 1128
3 6059 1128 5803
3 958 6059 5803
3 908 958 5803
3 1072 6061 1128
3 5804 6249 5802
3 5802 6249 6247
3 6060 6247 6249
3 6060 6249 6062
3 1128 1068 5803
3 6061 1232 1288
3 6061 1288 5805
3 1128 6061 5805
3 1068 1128 5805
3 1232 6063 1288
3 6199 6249 5804
3 6491 6062 6547
3 6547 6062 5806
3 6062 6249 5806
3 6249 6199 5806
3 6064 6491 6547
3 1290 5807 5805
3 1290 5805 1288
3 1288 6063 1290
3 1290 6063 6065
3 6487 6547 5806
3 6783 6064 6829
3 6829 6064 5808
3 6064 6547 5808
3 6547 6487 5808
3 6066 6783 6829
3 1292 5809 5807
3 1292 5807 1290
3 1290 6065 1292
3 1292 6065 6067
3 6779 6829 5808
3 6066 6829 6779
3 5810 6066 6779
3 6068 6066 5810
3 1294 5811 5809
3 1294 5809 1292
3 1388 1450 6067
3 1450 1292 6067
3 1450 1294 1292
3 1388 6069 1450
3 6070 5810 5812
3 6070 6068 5810
3 1296 5813 5811
3 1296 5811 1294
3 1294 1452 1296
3 1294 1450 1452
3 1546 1638 6069
3 1638 1450 6069
3 1638 1452 1450
3 1546 6071 1638
3 6072 5812 5814
3 6072 6070 5812
3 1069 1140 5815
3 1140 1069 5813
3 1296 1140 5813
3 1298 1140 1296
3 1296 1454 1298
3 1296 1452 1454
3 1452 1640 1454
3 1452 1638 1640
3 1638 6071 1640
3 1640 6071 6073
3 6837 6780 5816
3 5814 6780 6837
3 6074 5814 6837
3 6072 5814 6074
3 1140 1070 5815
3 1300 5817 1070
3 1140 1300 1070
3 1298 1300 1140
3 1298 1456 1300
3 1298 1454 1456
3 1454 1642 1456
3 1454 1640 1642
3 1640 6073 1642
3 1642 6073 6075
3 5818 6839 5816
3 5816 6839 6837
3 6074 6837 6839
3 6074 6839 6076
3 1300 1230 5817
3 1456 1386 1230
3 1456 1230 1300
3 1642 1544 1386
3 1642 1386 1456
3 6075 1716 1826
3 6075 1826 5819
3 1642 6075 5819
3 1544 1642 5819
3 1716 6077 1826
3 6561 6488 5820
3 6784 6839 5818
3 6784 5818 6488
3 6078 6784 6488
3 6561 6078 6488
3 6076 6839 6784
3 1826 1714 5819
3 1826 6077 1714
3 6077 5821 1714
3 6077 6079 5821
3 6080 5686 5822
3 5822 5686 5684
3 5686 5940 5684
3 5942 5940 5686
3 5942 6200 5940
3 6202 6200 5942
3 6492 6561 5820
3 6200 6492 5820
3 6202 6492 6200
3 6078 6561 6492
3 6081 2025 1906
3 5821 6081 1906
3 6079 6081 5821
3 2195 2098 2025
3 2025 2098 1906
3 2195 5823 2098
3 6082 5454 5824
3 5824 5454 5452
3 5822 5452 5454
3 5822 5454 6080
3 1908 2025 6081
3 2025 1908 6083
3 2197 2025 6083
3 2195 2025 2197
3 5823 2195 5825
3 5825 2195 2197
3 6084 5824 5826
3 6084 6082 5824
3 6085 2201 2197
3 6085 2197 6083
3 5825 2197 5827
3 5827 2197 2201
3 5005 4942 5828
3 5279 5190 5005
3 5005 5190 4942
3 5826 5190 5279
3 6086 5826 5279
3 6084 5826 6086
3 6785 6087 6849
3 6785 6849 7119
3 6785 7119 7047
3 6088 7047 7119
3 2100 2201 6085
3 2100 6089 2201
3 6089 5827 2201
3 6089 5829 5827
3 4531 4466 5830
3 6090 4710 4531
3 4710 4466 4531
3 4710 4708 4466
3 4944 5005 5828
3 4708 4944 5828
3 4710 4944 4708
3 5005 4944 5192
3 5005 5192 5279
3 6086 5279 5192
3 6091 6851 6849
3 6091 6849 6087
3 7121 6849 6851
3 7119 6849 7121
3 7425 7325 6088
3 7119 7425 6088
3 7121 7425 7119
3 6092 7325 7425
3 2099 2206 5831
3 2099 5829 2206
3 5829 6093 2206
3 5829 6089 6093
3 6094 3726 3804
3 3804 3726 4054
3 4054 3726 3982
3 4054 3982 5832
3 3982 4226 5832
3 3982 4228 4226
3 4468 4531 5830
3 4226 4468 5830
3 4228 4468 4226
3 6090 4531 4468
3 6095 6853 6851
3 6095 6851 6091
3 7123 6851 6853
3 7121 6851 7123
3 7427 7121 7123
3 7425 7121 7427
3 6092 7425 7427
3 6092 7427 6096
3 2208 5833 5831
3 2208 5831 2206
3 2206 6093 2208
3 2208 6093 6097
3 6098 2060 2152
3 2060 6099 2152
3 6100 3504 3576
3 6094 3804 3504
3 3504 3804 3576
3 3804 3724 3576
3 3724 5834 3576
3 4054 3980 3724
3 4054 3724 3804
3 4054 5832 3980
3 6786 6853 6095
3 6853 6786 7048
3 6853 7048 7123
3 7123 7048 7326
3 7123 7326 7427
3 6096 7427 7326
3 5833 2208 2101
3 6101 5833 2101
3 5835 5833 6101
3 2208 6097 2101
3 6102 1672 1774
3 1774 1672 1970
3 1970 1672 1862
3 6098 2152 1862
3 1862 2152 1970
3 2152 2056 1970
3 2056 5836 1970
3 6099 2232 2302
3 6099 2302 5837
3 2152 6099 5837
3 2056 2152 5837
3 2232 6103 2302
3 6104 3278 3350
3 6100 3576 3278
3 3278 3576 3350
3 3576 3502 3350
3 3502 5838 3350
3 3576 5834 3502
3 635 6105 707
3 635 707 5839
3 761 635 5839
3 763 635 761
3 909 763 761
3 909 911 763
3 1071 911 909
3 1071 1073 911
3 6106 1073 1071
3 6106 1071 5840
3 1717 6107 5841
3 1717 5841 1715
3 1907 1717 1715
3 1907 1909 1717
3 1907 5835 1909
3 1909 5835 6101
3 1776 6108 1774
3 1774 6108 6102
3 1970 1860 5842
3 1776 1970 5842
3 1774 1970 1776
3 1970 5836 1860
3 2302 2228 5837
3 6103 2368 2438
3 6103 2438 5843
3 2302 6103 5843
3 2228 2302 5843
3 2438 2368 2586
3 2586 2368 2510
3 2586 2510 2756
3 2756 2510 2678
3 2756 2678 2934
3 2934 2678 2858
3 2934 2858 3128
3 3128 2858 3052
3 6104 3350 3052
3 3052 3350 3128
3 3350 3276 3128
3 3276 5844 3128
3 3350 5838 3276
3 497 6109 567
3 707 6105 497
3 707 497 567
3 633 707 567
3 5845 633 567
3 5839 707 633
3 5840 1231 6106
3 6106 1231 1233
3 1387 1233 1231
3 1387 1389 1233
3 1545 1389 1387
3 1545 1547 1389
3 1545 5841 1547
3 1547 5841 6107
3 1778 6110 1776
3 1776 6110 6108
3 1776 5842 5846
3 1776 5846 1778
3 2440 5847 5843
3 2440 5843 2438
3 2438 2588 2440
3 2438 2586 2588
3 2756 2676 5848
3 2588 2756 5848
3 2586 2756 2588
3 2934 2856 2676
3 2934 2676 2756
3 3128 3050 2856
3 3128 2856 2934
3 3128 5844 3050
3 9271 6111 9357
3 9271 9357 9593
3 9271 9593 9507
3 6112 9507 9593
3 5849 495 567
3 6109 5849 567
3 6113 5849 6109
3 5845 567 495
3 6114 1490 1598
3 6110 1778 1490
3 1778 1598 1490
3 1778 1780 1598
3 1778 5846 5850
3 1778 5850 1780
3 2440 2366 5847
3 2588 2508 2366
3 2588 2366 2440
3 2588 5848 2508
3 9021 6115 9111
3 9357 6111 9021
3 9357 9021 9111
3 9267 9357 9111
3 5851 9267 9111
3 9503 9593 9267
3 9267 9593 9357
3 9593 9503 6112
3 9503 9715 6112
3 9503 9711 9715
3 9711 5852 9987
3 9911 9711 9987
3 9715 9711 9911
3 6116 9911 9987
3 347 6117 5853
3 347 5853 345
3 345 5849 347
3 347 5849 6113
3 1600 6118 1598
3 1598 6118 6114
3 1780 1670 5854
3 1600 1780 5854
3 1598 1780 1600
3 1780 5850 1670
3 2057 2162 5855
3 2229 2310 2162
3 2229 2162 2057
3 5856 2310 2229
3 6119 9113 9111
3 6119 9111 6115
3 5851 9111 5857
3 5857 9111 9113
3 9907 9987 5852
3 10083 6116 10157
3 10157 6116 5858
3 6116 9987 5858
3 9987 9907 5858
3 10083 10157 103
3 10083 103 29
3 29 103 5859
3 195 29 5859
3 199 29 195
3 195 5853 199
3 199 5853 6117
3 6120 1338 1416
3 6118 1600 1338
3 1338 1600 1416
3 1600 1488 1416
3 1488 5860 1416
3 1600 5854 1488
3 2164 5861 5855
3 2164 5855 2162
3 2162 2312 2164
3 2162 2310 2312
3 2310 5856 5862
3 2310 5862 2312
3 6121 9115 9113
3 6121 9113 6119
3 5857 9113 5863
3 5863 9113 9115
3 5864 10159 5858
3 5858 10159 10157
3 105 10157 10159
3 103 10157 105
3 5859 103 5865
3 5865 103 105
3 1418 6122 1416
3 1416 6122 6120
3 1416 5860 5866
3 1416 5866 1418
3 2164 2058 5861
3 2312 2230 2058
3 2312 2058 2164
3 2312 5862 2230
3 6123 9117 9115
3 6123 9115 6121
3 5863 9115 5867
3 5867 9115 9117
3 5868 10161 5864
3 5864 10161 10159
3 107 10159 10161
3 105 10159 107
3 5865 105 5869
3 5869 105 107
3 1420 6124 1418
3 1418 6124 6122
3 1418 5866 5870
3 1418 5870 1420
3 9022 9117 6123
3 6125 9367 9268
3 6125 9268 5867
3 9022 6125 5867
3 9117 9022 5867
3 9367 5871 9268
3 9995 9908 5872
3 9908 9995 5868
3 9995 10161 5868
3 9995 10163 10161
3 109 10161 10163
3 107 10161 109
3 5869 107 196
3 107 277 196
3 107 109 277
3 277 5873 196
3 1336 5874 1420
3 5874 6124 1420
3 5874 6126 6124
3 1420 5870 1336
3 5453 5544 5875
3 5685 5780 5544
3 5685 5544 5453
3 5876 5780 5685
3 9272 9367 6125
3 6127 9607 9504
3 6127 9504 5871
3 9272 6127 5871
3 9367 9272 5871
3 9815 9712 9607
3 9607 9712 9504
3 9712 9815 5872
3 9815 9995 5872
3 9815 9997 9995
3 9997 6128 10084
3 10163 9997 10084
3 9995 9997 10163
3 10163 10084 6129
3 111 10163 6129
3 109 10163 111
3 279 109 111
3 277 109 279
3 5873 277 5877
3 5877 277 279
3 6130 1182 5878
3 5878 1182 1180
3 5874 1180 1182
3 5874 1182 6126
3 4469 6131 4557
3 4469 4557 5879
3 4709 4469 5879
3 4711 4469 4709
3 4943 4711 4709
3 4943 4945 4711
3 5191 4945 4943
3 5191 5193 4945
3 5544 5455 5875
3 5455 5191 5875
3 5455 5193 5191
3 5455 5544 5687
3 5687 5544 5780
3 6038 6132 5941
3 5941 6132 5876
3 6132 5687 5876
3 5687 5780 5876
3 5880 6038 5941
3 9508 9607 6127
3 9607 9508 9716
3 9607 9716 9815
3 9815 9716 9912
3 9815 9912 9997
3 10167 10085 6128
3 9997 10167 6128
3 10167 9912 6133
3 10167 9997 9912
3 111 6129 10085
3 10167 111 10085
3 113 111 10167
3 281 111 113
3 279 111 281
3 5877 279 5881
3 5881 279 281
3 6134 1016 5882
3 5882 1016 1014
3 5878 1014 1016
3 5878 1016 6130
3 3983 6135 4089
3 3983 4089 5883
3 4227 3983 5883
3 4229 3983 4227
3 6131 4229 4557
3 4229 4467 4557
3 4229 4227 4467
3 5879 4557 4467
3 6038 5943 6132
3 6136 5943 6038
3 5880 6136 6038
3 5884 6136 5880
3 9913 6137 10001
3 10167 6133 9913
3 10001 10167 9913
3 10169 10167 10001
3 115 10167 10169
3 113 10167 115
3 197 281 5885
3 281 115 5885
3 281 113 115
3 5881 281 197
3 6138 5882 5886
3 6138 6134 5882
3 3505 6139 3605
3 3505 3605 3839
3 3505 3839 3727
3 4089 6135 3727
3 4089 3727 3839
3 3981 4089 3839
3 5887 3981 3839
3 5883 4089 3981
3 6140 5884 5888
3 6140 6136 5884
3 5889 9909 10001
3 6137 5889 10001
3 6141 5889 6137
3 10081 10169 9909
3 9909 10169 10001
3 27 115 10081
3 10081 115 10169
3 5885 115 27
3 6142 5886 5890
3 6142 6138 5886
3 6143 3607 3605
3 6143 3605 6139
3 3725 3839 5891
3 3839 3607 5891
3 3839 3605 3607
3 5887 3839 3725
3 6144 5888 5892
3 6144 6140 5888
3 9717 6145 9823
3 9823 5893 9717
3 5893 6141 9717
3 5893 5889 6141
3 6146 856 948
3 5894 948 856
3 6142 5894 856
3 5890 5894 6142
3 3279 6147 3385
3 3607 6143 3279
3 3607 3279 3385
3 3503 3607 3385
3 5895 3503 3385
3 5891 3607 3503
3 5892 6201 6144
3 6144 6201 6203
3 6489 6616 6148
3 6203 6489 6148
3 6201 6489 6203
3 5896 6616 6489
3 5897 9713 9823
3 6145 5897 9823
3 6149 5897 6145
3 5893 9823 9713
3 950 6150 948
3 948 6150 6146
3 948 5894 5898
3 948 5898 950
3 3053 6151 3163
3 3385 6147 3053
3 3385 3053 3163
3 3277 3385 3163
3 5899 3277 3163
3 5895 3385 3277
3 6616 6493 6148
3 5896 6781 6616
3 6781 6493 6616
3 6781 6787 6493
3 6152 6787 6781
3 6152 6781 5900
3 5897 6153 5901
3 6149 6153 5897
3 952 6154 950
3 950 6154 6150
3 950 5898 5902
3 950 5902 952
3 1671 1804 5903
3 5904 1804 1671
3 2859 6155 2965
3 3163 6151 2859
3 3163 2859 2965
3 3051 3163 2965
3 5905 3051 2965
3 5899 3163 3051
3 5900 7045 6152
3 6152 7045 7049
3 7323 7049 7045
3 7323 7327 7049
3 7323 5906 7761
3 7639 7323 7761
3 7327 7323 7639
3 7639 7761 5907
3 7931 7639 5907
3 7933 7639 7931
3 8217 7933 7931
3 8217 8219 7933
3 8485 8219 8217
3 8485 8487 8219
3 8749 8487 8485
3 8749 8751 8487
3 9019 8751 8749
3 9019 9023 8751
3 9269 9023 9019
3 9269 9273 9023
3 9505 9273 9269
3 9505 9509 9273
3 9505 5901 9509
3 9509 5901 6153
3 952 857 6154
3 1124 6156 1015
3 1015 6156 5902
3 6156 857 5902
3 857 952 5902
3 1181 1280 1124
3 1181 1124 1015
3 1337 1438 1280
3 1337 1280 1181
3 1491 6157 1438
3 1337 1491 1438
3 1489 1491 1337
3 1804 1673 5903
3 1673 1489 5903
3 1673 1491 1489
3 5904 1861 1804
3 1861 1673 1804
3 1861 1863 1673
3 2059 1863 1861
3 2059 2061 1863
3 2231 2338 6158
3 2061 2231 6158
3 2059 2231 2061
3 5908 2338 2231
3 5909 2857 2965
3 6155 5909 2965
3 6159 5909 6155
3 5905 2965 2857
3 7637 7761 5906
3 5907 7761 7637
3 1124 1017 6156
3 1017 1124 1183
3 1183 1124 1280
3 1183 1280 1339
3 1339 1280 1438
3 1438 6157 1339
3 2338 2233 6158
3 5908 2367 2338
3 2367 2233 2338
3 2367 2369 2233
3 2509 2369 2367
3 2509 2511 2369
3 2677 2511 2509
3 2677 2679 2511
3 2677 5909 2679
3 2679 5909 6159
3 6322 7640 7682
3 7682 7640 7974
3 7974 7640 7934
3 7974 7934 6050
3 7934 8218 6050
3 7934 8220 8218
3 8220 8486 8218
3 8488 8486 8220
3 8488 8750 8486
3 8752 8750 8488
3 8752 6323 8750
3 8750 6323 6051
3 7638 6052 7682
3 6052 6322 7682
3 6052 6324 6322
3 7974 7932 7638
3 7974 7638 7682
3 7974 6050 7932
3 9020 6051 6323
3 9020 6323 9024
3 9024 6325 9020
3 9020 6325 6053
3 6326 7328 6054
3 6054 7328 7324
3 6052 7324 7328
3 6052 7328 6324
3 9270 6053 6325
3 9270 6325 9274
3 6055 9270 9550
3 9270 9510 9550
3 9270 9274 9510
3 9510 6327 9550
3 6328 9914 9942
3 9942 9914 6056
3 9914 10082 6056
3 9914 10086 10082
3 55 28 6329
3 28 10086 6329
3 28 10082 10086
3 55 6057 28
3 6330 636 668
3 668 636 798
3 798 636 764
3 764 6331 798
3 6821 6782 6058
3 7091 7046 6821
3 6821 7046 6782
3 6054 7046 7091
3 6332 6054 7091
3 6326 6054 6332
3 9550 9506 6055
3 9506 9550 6327
3 9718 9506 6327
3 9714 9506 9718
3 9718 6328 9942
3 9910 9718 9942
3 9714 9718 9910
3 9942 6056 9910
3 30 55 6329
3 198 6057 55
3 30 198 55
3 200 198 30
3 200 346 198
3 348 346 200
3 348 496 346
3 498 496 348
3 498 6330 668
3 634 498 668
3 496 498 634
3 798 762 634
3 798 634 668
3 762 798 6331
3 912 762 6331
3 910 762 912
3 6059 910 1126
3 910 1074 1126
3 910 912 1074
3 1074 6333 1126
3 6543 6490 6060
3 6490 6543 6058
3 6543 6821 6058
3 6543 6823 6821
3 7093 6821 6823
3 7091 6821 7093
3 6332 7091 7093
3 6332 7093 6334
3 1126 1072 6059
3 6333 1234 1286
3 6333 1286 6061
3 1126 6333 6061
3 1072 1126 6061
3 1286 1234 1442
3 1442 1234 1390
3 1442 1390 1628
3 1628 1390 1548
3 1548 6335 1628
3 6062 6545 6060
3 6060 6545 6543
3 6825 6543 6545
3 6823 6543 6825
3 7095 6823 6825
3 7093 6823 7095
3 6334 7093 7095
3 6334 7095 6336
3 1286 1232 6061
3 1444 6063 1232
3 1286 1444 1232
3 1442 1444 1286
3 1442 1630 1444
3 1442 1628 1630
3 1718 1812 6335
3 1812 1628 6335
3 1812 1630 1628
3 1718 6337 1812
3 6491 6545 6062
3 6064 6827 6491
3 6827 6545 6491
3 6827 6825 6545
3 7097 6825 6827
3 7095 6825 7097
3 7397 7329 6336
3 7095 7397 6336
3 7097 7397 7095
3 6338 7329 7397
3 1446 6065 6063
3 1446 6063 1444
3 1444 1632 1446
3 1444 1630 1632
3 1630 1814 1632
3 1630 1812 1814
3 1812 6337 1814
3 1814 6337 6339
3 6783 6827 6064
3 6066 7099 6783
3 7099 6827 6783
3 7099 7097 6827
3 7401 7097 7099
3 7397 7097 7401
3 6338 7397 7401
3 6338 7401 6340
3 1448 6067 6065
3 1448 6065 1446
3 1446 1634 1448
3 1446 1632 1634
3 6341 1634 1719
3 1634 1814 1719
3 1634 1632 1814
3 1814 6339 1719
3 6068 7101 6066
3 6066 7101 7099
3 7101 6342 7330
3 7401 7101 7330
3 7099 7101 7401
3 6340 7401 7330
3 1448 1388 6067
3 1636 6069 1388
3 1448 1636 1388
3 1634 1636 1448
3 1634 6341 1636
3 1636 6341 6343
3 7101 6068 7050
3 6068 6344 7050
3 6068 6070 6344
3 6342 7101 7050
3 1636 1546 6069
3 6343 1720 1820
3 6343 1820 6071
3 1636 6343 6071
3 1546 1636 6071
3 1720 6345 1820
3 6346 6070 6072
3 6346 6344 6070
3 1822 6073 6071
3 1822 6071 1820
3 1820 6345 1822
3 1822 6345 6347
3 6348 6072 6074
3 6348 6346 6072
3 1824 6075 6073
3 1824 6073 1822
3 1822 6347 1824
3 1824 6347 6349
3 6350 6074 6076
3 6350 6348 6074
3 1824 1716 6075
3 1824 6349 1716
3 6349 6077 1716
3 6349 6351 6077
3 6841 6784 6078
3 6076 6784 6841
3 6352 6076 6841
3 6350 6076 6352
3 6077 6353 6079
3 6351 6353 6077
3 5743 5686 6080
3 5997 5942 5743
3 5743 5942 5686
3 6267 6202 5997
3 5997 6202 5942
3 6354 6494 6267
3 6494 6202 6267
3 6494 6492 6202
3 6788 6841 6078
3 6492 6788 6078
3 6494 6788 6492
3 6352 6841 6788
3 6079 6355 6081
3 6353 6355 6079
3 5511 5454 6082
3 5688 5743 6080
3 5688 6080 5454
3 6356 5688 5454
3 5511 6356 5454
3 5743 5688 5944
3 5743 5944 5997
3 5997 5944 6204
3 5997 6204 6267
3 6354 6267 6204
3 6357 2029 1908
3 6081 6357 1908
3 6355 6357 6081
3 2029 6083 1908
3 6084 5513 6082
3 6082 5513 5511
3 6356 5511 5513
3 6356 5513 6358
3 1910 2029 6357
3 1910 6359 2029
3 6359 6083 2029
3 6359 6085 6083
3 5513 6084 5456
3 6084 6360 5456
3 6084 6086 6360
3 6358 5513 5456
3 6495 6361 6569
3 6495 6569 6087
3 6785 6495 6087
3 6789 6495 6785
3 7047 6789 6785
3 7047 7051 6789
3 7047 6088 7423
3 7331 7047 7423
3 7051 7047 7331
3 6362 7331 7423
3 2100 6085 6359
3 2100 6359 2102
3 2102 6363 2100
3 2100 6363 6089
3 6364 2062 2148
3 2148 2062 2296
3 2296 2062 2234
3 2296 2234 2430
3 2430 2234 2370
3 2370 6365 2430
3 4777 4710 6090
3 6366 4946 4777
3 4946 4710 4777
3 4946 4944 4710
3 4946 5192 4944
3 5194 5192 4946
3 6086 5192 5194
3 6086 5194 6360
3 6205 6367 6275
3 6569 6361 6205
3 6275 6569 6205
3 6571 6569 6275
3 6087 6569 6091
3 6091 6569 6571
3 7325 7423 6088
3 7641 6362 7721
3 7721 6362 6092
3 6362 7423 6092
3 7423 7325 6092
3 7641 7721 8013
3 7641 8013 7935
3 6368 7935 8013
3 6089 6369 6093
3 6363 6369 6089
3 6370 1864 1966
3 6364 2148 1864
3 2148 1966 1864
3 2148 2150 1966
3 2148 2298 2150
3 2148 2296 2298
3 2296 2432 2298
3 2296 2430 2432
3 2430 6365 2432
3 2432 6365 6371
3 6372 3506 3574
3 3574 3506 6094
3 3506 3726 6094
3 3506 3728 3726
3 3728 3982 3726
3 3984 3982 3728
3 3984 4228 3982
3 4230 4228 3984
3 4230 4468 4228
3 4470 4468 4230
3 4712 4777 6090
3 4468 4712 6090
3 4470 4712 4468
3 6366 4777 4712
3 6373 6277 6275
3 6373 6275 6367
3 6573 6275 6277
3 6571 6275 6573
3 6091 6571 6095
3 6095 6571 6573
3 6096 7723 6092
3 6092 7723 7721
3 8015 7721 7723
3 8013 7721 8015
3 8291 8221 6368
3 8013 8291 6368
3 8015 8291 8013
3 8221 8291 8557
3 8221 8557 8489
3 6374 8489 8557
3 6093 6375 6097
3 6369 6375 6093
3 1968 6376 1966
3 1966 6376 6370
3 2150 2060 6098
3 1968 2150 6098
3 1966 2150 1968
3 2300 6099 2060
3 2150 2300 2060
3 2298 2300 2150
3 2298 2434 2300
3 2298 2432 2434
3 2512 2582 6371
3 2582 2432 6371
3 2582 2434 2432
3 2512 6377 2582
3 6378 3280 3348
3 6372 3574 3280
3 3280 3574 3348
3 3574 3504 3348
3 3504 6100 3348
3 3574 6094 3504
3 6206 6277 6373
3 6277 6206 6379
3 6575 6277 6379
3 6573 6277 6575
3 6095 6573 6786
3 6573 6855 6786
3 6573 6575 6855
3 7125 7048 6855
3 6855 7048 6786
3 7429 7326 7125
3 7125 7326 7048
3 7326 7429 6096
3 7429 7723 6096
3 7429 7725 7723
3 8017 7723 7725
3 8015 7723 8017
3 8293 8015 8017
3 8291 8015 8293
3 8559 8291 8293
3 8557 8291 8559
3 8833 8753 6374
3 8557 8833 6374
3 8559 8833 8557
3 6380 8753 8833
3 765 6381 835
3 765 835 993
3 765 993 913
3 6382 913 993
3 2101 2210 6101
3 2101 6097 2210
3 6097 6383 2210
3 6097 6375 6383
3 6384 1674 6102
3 6102 1674 1672
3 1674 6376 1968
3 1862 1674 1968
3 1672 1674 1862
3 1968 6098 1862
3 2300 2232 6099
3 2436 6103 2232
3 2300 2436 2232
3 2434 2436 2300
3 2434 2584 2436
3 2434 2582 2584
3 2680 2754 6377
3 2754 2582 6377
3 2754 2584 2582
3 2754 2680 2932
3 2932 2680 2860
3 2932 2860 3126
3 3126 2860 3054
3 6378 3348 3054
3 3054 3348 3126
3 3348 3278 3126
3 3278 6104 3126
3 3348 6100 3278
3 6496 6575 6379
3 6575 6496 6385
3 6857 6575 6385
3 6855 6575 6857
3 7127 6855 6857
3 7125 6855 7127
3 7431 7125 7127
3 7429 7125 7431
3 7727 7429 7431
3 7725 7429 7727
3 8019 7725 7727
3 8017 7725 8019
3 8295 8017 8019
3 8293 8017 8295
3 8561 8293 8295
3 8559 8293 8561
3 8835 8559 8561
3 8833 8559 8835
3 6380 8833 8835
3 6380 8835 6386
3 637 6387 6105
3 637 6105 635
3 6381 637 835
3 637 763 835
3 637 635 763
3 911 993 763
3 763 993 835
3 993 911 6382
3 911 1075 6382
3 911 1073 1075
3 6388 1075 1073
3 6388 1073 6106
3 1721 6389 6107
3 1721 6107 1717
3 1909 1721 1717
3 1909 1911 1721
3 2210 2103 6101
3 2103 1909 6101
3 2103 1911 1909
3 2210 6383 2103
3 6390 1492 1594
3 6108 1594 1492
3 6384 6108 1492
3 6102 6108 6384
3 2436 2368 6103
3 2584 2510 2368
3 2584 2368 2436
3 2754 2678 2510
3 2754 2510 2584
3 2932 2858 2678
3 2932 2678 2754
3 3126 3052 2858
3 3126 2858 2932
3 3126 6104 3052
3 6790 6857 6385
3 6857 6790 6391
3 7129 6857 6391
3 7127 6857 7129
3 7433 7127 7129
3 7431 7127 7433
3 7729 7431 7433
3 7727 7431 7729
3 8021 7727 7729
3 8019 7727 8021
3 8021 6392 8222
3 8295 8021 8222
3 8019 8021 8295
3 8295 8222 6393
3 8563 8295 6393
3 8561 8295 8563
3 8837 8561 8563
3 8835 8561 8837
3 6386 8835 8837
3 6386 8837 6394
3 499 6395 6109
3 499 6109 497
3 497 6105 499
3 499 6105 6387
3 6106 1233 6388
3 6388 1233 1235
3 1389 1235 1233
3 1389 1391 1235
3 1547 1391 1389
3 1547 1549 1391
3 1547 6107 1549
3 1549 6107 6389
3 1596 6396 1594
3 1594 6396 6390
3 1594 6108 6110
3 1594 6110 1596
3 6397 7131 7129
3 6397 7129 6391
3 7435 7129 7131
3 7433 7129 7435
3 7435 6398 7642
3 7729 7435 7642
3 7433 7435 7729
3 7729 7642 7936
3 7729 7936 8021
3 6392 8021 7936
3 8490 8563 6393
3 8563 8490 8754
3 8563 8754 8837
3 6394 8837 8754
3 9275 6399 6111
3 9275 6111 9271
3 9507 9275 9271
3 9507 9511 9275
3 9507 6112 9801
3 9719 9507 9801
3 9511 9507 9719
3 6400 9719 9801
3 349 6401 417
3 417 6113 349
3 6113 6395 349
3 6113 6109 6395
3 1490 6114 1596
3 6114 6396 1596
3 6114 6402 6396
3 1596 6110 1490
3 7052 7131 6397
3 7131 7052 7332
3 7131 7332 7435
3 6398 7435 7332
3 9025 6403 6115
3 9025 6115 9021
3 9021 6111 9025
3 9025 6111 6399
3 9715 9801 6112
3 9801 9715 6400
3 9715 9915 6400
3 9715 9911 9915
3 9911 6116 10155
3 10087 9911 10155
3 9915 9911 10087
3 6404 10087 10155
3 201 6405 269
3 417 6401 201
3 417 201 269
3 347 417 269
3 6117 347 269
3 6113 417 347
3 6406 1340 1412
3 6118 1412 1340
3 6402 6118 1340
3 6114 6118 6402
3 8755 6407 8843
3 8843 6119 8755
3 6119 6403 8755
3 6119 6115 6403
3 10083 10155 6116
3 10155 10083 6404
3 10083 31 6404
3 10083 29 31
3 6405 31 269
3 31 199 269
3 31 29 199
3 6117 269 199
3 1338 6120 1412
3 6120 6406 1412
3 6120 6408 6406
3 1412 6118 1338
3 6409 8845 8843
3 6409 8843 6407
3 6119 8843 6121
3 6121 8843 8845
3 6410 6120 6122
3 6410 6408 6120
3 8756 8845 6409
3 8756 6411 8845
3 6411 6121 8845
3 6411 6123 6121
3 6412 6122 6124
3 6412 6410 6122
3 6413 9119 9022
3 6123 6413 9022
3 6411 6413 6123
3 9119 6125 9022
3 6414 6124 6126
3 6414 6412 6124
3 9026 9119 6413
3 6415 9369 9272
3 6415 9272 6125
3 9026 6415 6125
3 9119 9026 6125
3 9369 6127 9272
3 10165 10084 6128
3 10165 6129 10084
3 6416 1184 6130
3 6130 1184 1182
3 6126 1182 1184
3 6126 1184 6414
3 4231 6417 4331
3 4231 4331 6131
3 4469 4231 6131
3 4471 4231 4469
3 4711 4471 4469
3 4711 4713 4471
3 4945 4713 4711
3 4945 4947 4713
3 5193 4947 4945
3 5193 5195 4947
3 5455 5195 5193
3 5455 5457 5195
3 5687 5457 5455
3 5687 5689 5457
3 6418 5689 5687
3 6418 5687 6132
3 9276 9369 6415
3 9508 6127 9369
3 9276 9508 9369
3 9512 9508 9276
3 9817 9716 6419
3 9716 9512 6419
3 9716 9508 9512
3 9999 9912 9817
3 9817 9912 9716
3 9912 9999 6133
3 10165 6128 10085
3 6129 10165 10085
3 1111 1016 6134
3 6130 1016 1111
3 6420 6130 1111
3 6416 6130 6420
3 3507 6421 3603
3 3507 3603 3837
3 3507 3837 3729
3 3729 3837 6135
3 3983 3729 6135
3 3985 3729 3983
3 6417 3985 4331
3 3985 4229 4331
3 3985 3983 4229
3 6131 4331 4229
3 6040 6422 5943
3 6422 6132 5943
3 6422 6418 6132
3 6136 6040 5943
3 6423 9819 9817
3 6423 9817 6419
3 9913 9999 6137
3 9999 9819 6137
3 9999 9817 9819
3 6133 9999 9913
3 1111 6134 1018
3 6134 6424 1018
3 6134 6138 6424
3 6420 1111 1018
3 6139 3505 3603
3 6421 6139 3603
3 6425 6139 6421
3 3727 3837 3505
3 3505 3837 3603
3 6135 3837 3727
3 6042 6426 6040
3 6040 6426 6422
3 6040 6136 6140
3 6040 6140 6042
3 9720 9819 6423
3 9720 6427 9819
3 6427 6137 9819
3 6427 6141 6137
3 6428 858 944
3 6142 944 858
3 6424 6142 858
3 6138 6142 6424
3 3281 6429 3383
3 3383 6143 3281
3 6143 6425 3281
3 6143 6139 6425
3 6042 5945 6426
3 6430 5945 6042
3 6140 6430 6042
3 6144 6430 6140
3 9717 9824 6145
3 9717 6141 9824
3 6141 6431 9824
3 6141 6427 6431
3 856 6146 944
3 6146 6428 944
3 6146 6432 6428
3 944 6142 856
3 6147 3279 3383
3 6429 6147 3383
3 6433 6147 6429
3 6143 3383 3279
3 6318 6434 6203
3 6434 6144 6203
3 6434 6430 6144
3 6148 6318 6203
3 9828 6149 6145
3 9828 6145 9824
3 9824 6431 9828
3 9828 6431 6435
3 6436 6146 6150
3 6436 6432 6146
3 3053 3164 6151
3 3053 6147 3164
3 6147 6437 3164
3 6147 6433 6437
3 6318 6207 6434
3 6148 6493 6318
3 6493 6207 6318
3 6493 6497 6207
3 6787 6884 6438
3 6497 6787 6438
3 6493 6787 6497
3 6152 6884 6787
3 6149 9828 9721
3 6439 6149 9721
3 6153 6149 6439
3 9828 6435 9721
3 6440 6150 6154
3 6440 6436 6150
3 2861 6441 6155
3 2861 6155 2859
3 3164 3055 6151
3 3055 2859 6151
3 3055 2861 2859
3 3164 6437 3055
3 6884 6791 6438
3 7160 6442 7049
3 7049 6442 6152
3 6442 6791 6152
3 6791 6884 6152
3 7327 7466 7160
3 7327 7160 7049
3 7643 6443 7466
3 7327 7643 7466
3 7639 7643 7327
3 7933 7643 7639
3 7933 7937 7643
3 8219 7937 7933
3 8219 8223 7937
3 8487 8223 8219
3 8487 8491 8223
3 8751 8491 8487
3 8751 8757 8491
3 9023 8757 8751
3 9023 9027 8757
3 9273 9384 6444
3 9027 9273 6444
3 9023 9273 9027
3 9513 6445 9384
3 9273 9513 9384
3 9509 9513 9273
3 9509 6153 9513
3 9513 6153 6439
3 954 6446 857
3 6446 6154 857
3 6446 6440 6154
3 6156 954 857
3 1491 1624 6157
3 1673 1806 1624
3 1673 1624 1491
3 1863 2002 1806
3 1863 1806 1673
3 2061 2186 2002
3 2061 2002 1863
3 6158 2186 2061
3 6155 6447 6159
3 6441 6447 6155
3 7160 7053 6442
3 7053 7160 7333
3 7333 7160 7466
3 7466 6443 7333
3 9384 9277 6444
3 9384 6445 9277
3 954 859 6446
3 6156 1017 954
3 1017 859 954
3 1017 1019 859
3 1183 1282 6448
3 1019 1183 6448
3 1017 1183 1019
3 1341 6449 1282
3 1183 1341 1282
3 1339 1341 1183
3 1624 1493 6157
3 1493 1339 6157
3 1493 1341 1339
3 1493 1624 1675
3 1675 1624 1806
3 1675 1806 1865
3 1865 1806 2002
3 1865 2002 2063
3 2063 2002 2186
3 6158 2233 2186
3 2233 2063 2186
3 2233 2235 2063
3 2369 2470 6450
3 2235 2369 6450
3 2233 2369 2235
3 2513 6451 2470
3 2369 2513 2470
3 2511 2513 2369
3 2679 2513 2511
3 2679 2681 2513
3 2679 6159 2681
3 2681 6159 6447
3 1282 1185 6448
3 1282 6449 1185
3 2470 2371 6450
3 2470 6451 2371
3 6622 7644 6322
3 6322 7644 7640
3 7644 7934 7640
3 7938 7934 7644
3 7938 8220 7934
3 8224 8220 7938
3 8224 8488 8220
3 8492 8488 8224
3 8492 8752 8488
3 8758 8752 8492
3 6323 8752 9062
3 8752 9028 9062
3 8752 8758 9028
3 9028 6623 9062
3 6624 7334 7376
3 6324 7376 7334
3 6622 6324 7334
3 6322 6324 6622
3 9062 9024 6323
3 6623 9278 9312
3 6623 9312 6325
3 9062 6623 6325
3 9024 9062 6325
3 9312 9278 9548
3 9548 9278 9514
3 9514 6625 9548
3 7328 6326 7376
3 6326 6624 7376
3 6326 6626 6624
3 7376 6324 7328
3 9312 9274 6325
3 9548 9510 9274
3 9548 9274 9312
3 6625 9722 9758
3 6625 9758 6327
3 9548 6625 6327
3 9510 9548 6327
3 9758 9722 6328
3 9722 9914 6328
3 9722 9916 9914
3 9916 10086 9914
3 10088 10086 9916
3 10088 6627 10086
3 10086 6627 6329
3 6628 638 6330
3 6330 638 636
3 638 764 636
3 766 764 638
3 766 6629 764
3 764 6629 6331
3 7335 6626 7385
3 6626 6332 7385
3 6626 6326 6332
3 6630 7335 7385
3 9758 9718 6327
3 9758 6328 9718
3 30 6329 6627
3 30 6627 32
3 32 200 30
3 202 200 32
3 202 348 200
3 350 348 202
3 350 498 348
3 500 498 350
3 6330 498 500
3 6330 500 6628
3 912 6331 6629
3 912 6629 914
3 914 1074 912
3 1076 1074 914
3 6333 1074 1284
3 1074 1236 1284
3 1074 1076 1236
3 1284 1236 1440
3 1440 1236 1392
3 1440 1392 1626
3 1626 1392 1550
3 1550 6631 1626
3 6334 7389 6332
3 6332 7389 7385
3 6630 7385 7389
3 6630 7389 6632
3 1284 1234 6333
3 1440 1390 1234
3 1440 1234 1284
3 1626 1548 1390
3 1626 1390 1440
3 6631 1722 1810
3 6631 1810 6335
3 1626 6631 6335
3 1548 1626 6335
3 1722 6633 1810
3 6336 7393 6334
3 6334 7393 7389
3 6632 7389 7393
3 6632 7393 6634
3 1810 1718 6335
3 1810 6633 1718
3 6633 6337 1718
3 6633 6635 6337
3 7329 7393 6336
3 6634 7393 7329
3 6338 6634 7329
3 6636 6634 6338
3 6337 6637 6339
3 6635 6637 6337
3 6638 6338 6340
3 6638 6636 6338
3 1719 1816 6341
3 1719 6339 1816
3 6339 6639 1816
3 6339 6637 6639
3 7405 7330 6342
3 6340 7330 7405
3 6640 6340 7405
3 6638 6340 6640
3 1818 6343 6341
3 1818 6341 1816
3 1816 6639 1818
3 1818 6639 6641
3 7103 7050 6344
3 7050 7103 6342
3 7103 7405 6342
3 7103 7407 7405
3 6640 7405 7407
3 6640 7407 6642
3 1818 1720 6343
3 1818 6641 1720
3 6641 6345 1720
3 6641 6643 6345
3 6346 7105 6344
3 6344 7105 7103
3 7409 7103 7105
3 7407 7103 7409
3 6642 7407 7409
3 6642 7409 6644
3 6345 6645 6347
3 6643 6645 6345
3 6348 7107 6346
3 6346 7107 7105
3 7107 6646 7336
3 7409 7107 7336
3 7105 7107 7409
3 6644 7409 7336
3 6347 6647 6349
3 6645 6647 6347
3 6350 7109 6348
3 6348 7109 7107
3 6646 7107 7109
3 6646 7109 6648
3 6349 6649 6351
3 6647 6649 6349
3 6650 1866 1954
3 1954 1866 2138
3 2138 1866 2064
3 2138 2064 2286
3 2286 2064 2236
3 2286 2236 2420
3 2420 2236 2372
3 2372 6651 2420
3 7109 6350 7054
3 6350 6652 7054
3 6350 6352 6652
3 6648 7109 7054
3 6351 6653 6353
3 6649 6653 6351
3 1956 6654 1954
3 1954 6654 6650
3 1954 2140 1956
3 1954 2138 2140
3 2138 2288 2140
3 2138 2286 2288
3 2286 2422 2288
3 2286 2420 2422
3 2420 6651 2422
3 2422 6651 6655
3 6563 6494 6354
3 6843 6788 6563
3 6563 6788 6494
3 6352 6788 6843
3 6656 6352 6843
3 6652 6352 6656
3 6353 6657 6355
3 6653 6657 6353
3 1958 6658 1956
3 1956 6658 6654
3 1956 2142 1958
3 1956 2140 2142
3 2140 2290 2142
3 2140 2288 2290
3 2288 2424 2290
3 2288 2422 2424
3 2422 6655 2424
3 2424 6655 6659
3 5745 5688 6356
3 5999 5944 5745
3 5745 5944 5688
3 6269 6204 5999
3 5999 6204 5944
3 6204 6269 6354
3 6269 6563 6354
3 6269 6565 6563
3 6845 6563 6565
3 6843 6563 6845
3 6656 6843 6845
3 6656 6845 6660
3 6657 1912 2030
3 6357 6657 2030
3 6355 6657 6357
3 1912 6661 2030
3 1958 1867 6658
3 1867 1958 6662
3 1958 2144 6662
3 1958 2142 2144
3 2142 2292 2144
3 2142 2290 2292
3 2290 2426 2292
3 2290 2424 2426
3 2424 6659 2426
3 2426 6659 6663
3 6358 5747 6356
3 6356 5747 5745
3 6001 5745 5747
3 5999 5745 6001
3 6271 5999 6001
3 6269 5999 6271
3 6567 6269 6271
3 6565 6269 6567
3 6847 6565 6567
3 6845 6565 6847
3 7117 7055 6660
3 6845 7117 6660
3 6847 7117 6845
3 6664 7055 7117
3 2030 1910 6357
3 2030 6661 1910
3 6661 6359 1910
3 6661 6665 6359
3 2146 6666 2144
3 2144 6666 6662
3 2144 2294 2146
3 2144 2292 2294
3 2292 2428 2294
3 2292 2426 2428
3 2426 6663 2428
3 2428 6663 6667
3 5515 5456 6360
3 5456 5515 6358
3 5515 5747 6358
3 5515 5749 5747
3 6003 5747 5749
3 6001 5747 6003
3 6273 6001 6003
3 6271 6001 6273
3 6495 6567 6361
3 6567 6273 6361
3 6567 6271 6273
3 6789 6847 6495
3 6495 6847 6567
3 7051 7117 6789
3 6789 7117 6847
3 7117 7051 6664
3 7051 7337 6664
3 7051 7331 7337
3 7331 6362 7719
3 7645 7331 7719
3 7337 7331 7645
3 7645 7719 8011
3 7645 8011 7939
3 7939 8011 8287
3 7939 8287 8225
3 6668 8225 8287
3 2102 6359 6665
3 2102 6665 2104
3 2104 6669 2102
3 2102 6669 6363
3 6670 1868 1964
3 6666 2146 1868
3 1868 2146 1964
3 2146 2062 1964
3 2062 6364 1964
3 2294 2234 2062
3 2294 2062 2146
3 2428 2370 2234
3 2428 2234 2294
3 6667 2514 2578
3 6667 2578 6365
3 2428 6667 6365
3 2370 2428 6365
3 2514 6671 2578
3 6672 3986 4050
3 4050 3986 4294
3 4294 3986 4232
3 4294 4232 4532
3 4532 4232 4472
3 4532 4472 4778
3 4778 4472 4714
3 4778 4714 6366
3 4714 4946 6366
3 4714 4948 4946
3 4948 5194 4946
3 5196 5194 4948
3 5458 5515 6360
3 5194 5458 6360
3 5196 5458 5194
3 5515 5458 5690
3 5515 5690 5749
3 5749 5690 6673
3 6005 5749 6673
3 6003 5749 6005
3 6205 6273 6367
3 6273 6005 6367
3 6273 6003 6005
3 6361 6273 6205
3 7641 7719 6362
3 7935 8011 7641
3 7641 8011 7719
3 6368 8289 7935
3 8289 8011 7935
3 8289 8287 8011
3 8555 8493 6668
3 8287 8555 6668
3 8289 8555 8287
3 8493 8555 8829
3 8493 8829 8759
3 6674 8759 8829
3 6363 6675 6369
3 6669 6675 6363
3 1864 6370 1964
3 6370 6670 1964
3 6370 6676 6670
3 1964 6364 1864
3 2580 6371 6365
3 2580 6365 2578
3 2682 2750 6671
3 2750 2578 6671
3 2750 2580 2578
3 2750 2682 2928
3 2928 2682 2862
3 2928 2862 3122
3 3122 2862 3056
3 3122 3056 3346
3 3346 3056 3282
3 3346 3282 6372
3 3282 3506 6372
3 3282 3508 3506
3 3508 3728 3506
3 3730 3728 3508
3 3730 6672 4050
3 3984 3730 4050
3 3728 3730 3984
3 4294 4230 3984
3 4294 3984 4050
3 4532 4470 4230
3 4532 4230 4294
3 4778 4712 4470
3 4778 4470 4532
3 4778 6366 4712
3 6677 6007 6005
3 6677 6005 6673
3 6367 6005 6373
3 6373 6005 6007
3 8221 8289 6368
3 8489 8555 8221
3 8221 8555 8289
3 6374 8831 8489
3 8831 8555 8489
3 8831 8829 8555
3 6674 8829 8831
3 6674 8831 6678
3 6369 6679 6375
3 6675 6679 6369
3 6680 6370 6376
3 6680 6676 6370
3 2580 2512 6371
3 2752 6377 2512
3 2580 2752 2512
3 2750 2752 2580
3 2750 2930 2752
3 2750 2928 2930
3 2928 3124 2930
3 2928 3122 3124
3 3346 3280 6378
3 3124 3346 6378
3 3122 3346 3124
3 3346 6372 3280
3 6681 6009 6007
3 6681 6007 6677
3 6373 6007 6206
3 6007 6279 6206
3 6007 6009 6279
3 6279 6379 6206
3 8753 8831 6374
3 9029 6678 9103
3 9103 6678 6380
3 6678 8831 6380
3 8831 8753 6380
3 6682 9029 9103
3 765 836 6381
3 913 994 836
3 913 836 765
3 6382 994 913
3 6375 6683 6383
3 6679 6683 6375
3 6684 1676 6384
3 6384 1676 1674
3 6376 1674 1676
3 6376 1676 6680
3 2752 2680 6377
3 2930 2860 2680
3 2930 2680 2752
3 3124 3054 2860
3 3124 2860 2930
3 3124 6378 3054
3 5946 6009 6681
3 6009 5946 6685
3 6281 6009 6685
3 6279 6009 6281
3 6379 6279 6496
3 6279 6577 6496
3 6279 6281 6577
3 6577 6385 6496
3 6386 9105 6380
3 6380 9105 9103
3 6682 9103 9105
3 6682 9105 6686
3 639 6687 6387
3 639 6387 637
3 836 767 6381
3 767 637 6381
3 767 639 637
3 767 836 915
3 915 836 994
3 6382 1075 994
3 1075 915 994
3 1075 1077 915
3 6688 1077 1075
3 6688 1075 6388
3 1721 1846 6389
3 1913 6689 1846
3 1721 1913 1846
3 1911 1913 1721
3 2103 1913 1911
3 2103 2105 1913
3 2103 6383 2105
3 2105 6383 6683
3 6690 1494 6390
3 6390 1494 1492
3 6384 1492 1494
3 6384 1494 6684
3 6208 6281 6685
3 6281 6208 6691
3 6579 6281 6691
3 6577 6281 6579
3 6385 6577 6790
3 6577 6859 6790
3 6577 6579 6859
3 6859 6391 6790
3 8297 8222 6392
3 8297 6393 8222
3 6394 9107 6386
3 6386 9107 9105
3 6686 9105 9107
3 6686 9107 6692
3 501 6693 6395
3 501 6395 499
3 499 6387 501
3 501 6387 6687
3 6388 1235 6688
3 6688 1235 1237
3 1391 1237 1235
3 1391 1393 1237
3 1549 1393 1391
3 1549 1551 1393
3 1846 1723 6389
3 1723 1549 6389
3 1723 1551 1549
3 1846 6689 1723
3 6694 6390 6396
3 6694 6690 6390
3 6498 6579 6691
3 6579 6498 6792
3 6579 6792 6859
3 6792 6695 6859
3 6695 6391 6859
3 6695 6397 6391
3 7731 7642 6398
3 8023 7936 7731
3 7731 7936 7642
3 7936 8023 6392
3 8023 8297 6392
3 8023 8299 8297
3 6393 8297 8490
3 8297 8565 8490
3 8297 8299 8565
3 8839 8754 8565
3 8565 8754 8490
3 8754 8839 6394
3 8839 9107 6394
3 8839 9109 9107
3 9275 9279 6399
3 9279 9107 6399
3 9107 9109 6399
3 9279 6692 9107
3 9511 9279 9275
3 9511 9515 9279
3 9719 9515 9511
3 9719 9723 9515
3 6696 9723 9719
3 6696 9719 6400
3 351 6697 6401
3 351 6401 349
3 349 6395 351
3 351 6395 6693
3 6698 6396 6402
3 6698 6694 6396
3 7052 6397 6695
3 7052 6695 7056
3 7437 7332 6699
3 7332 7056 6699
3 7332 7052 7056
3 7332 7437 6398
3 7437 7731 6398
3 7437 7733 7731
3 8025 7731 7733
3 8023 7731 8025
3 8301 8023 8025
3 8299 8023 8301
3 8567 8299 8301
3 8565 8299 8567
3 8841 8565 8567
3 8839 8565 8841
3 9025 9109 6403
3 9109 8841 6403
3 9109 8839 8841
3 6399 9109 9025
3 6400 9915 6696
3 6696 9915 9917
3 10087 9917 9915
3 10087 10089 9917
3 10087 6404 101
3 33 10087 101
3 10089 10087 33
3 33 101 6405
3 201 33 6405
3 203 33 201
3 201 6401 203
3 203 6401 6697
3 6700 1342 6406
3 6406 1342 1340
3 6402 1340 1342
3 6402 1342 6698
3 7338 7437 6699
3 7437 7338 6701
3 7735 7437 6701
3 7733 7437 7735
3 8027 7733 7735
3 8025 7733 8027
3 8303 8025 8027
3 8301 8025 8303
3 8569 8301 8303
3 8567 8301 8569
3 8755 8841 6407
3 8841 8569 6407
3 8841 8567 8569
3 6403 8841 8755
3 31 101 6404
3 6405 101 31
3 6702 6406 6408
3 6702 6700 6406
3 6703 7737 7735
3 6703 7735 6701
3 8029 7735 7737
3 8027 7735 8029
3 8305 8027 8029
3 8303 8027 8305
3 8571 8303 8305
3 8569 8303 8571
3 6407 8569 6409
3 6409 8569 8571
3 6704 6408 6410
3 6704 6702 6408
3 7646 7737 6703
3 7737 7646 6705
3 8031 7737 6705
3 8029 7737 8031
3 8307 8029 8031
3 8305 8029 8307
3 8307 6706 8494
3 8571 8307 8494
3 8305 8307 8571
3 6707 8847 8756
3 6707 8756 6409
3 8494 6707 6409
3 8571 8494 6409
3 8847 6411 8756
3 6708 6410 6412
3 6708 6704 6410
3 7940 8031 6705
3 8031 7940 8226
3 8031 8226 8307
3 6706 8307 8226
3 8760 8847 6707
3 8760 6709 8847
3 6709 6411 8847
3 6709 6413 6411
3 6710 6412 6414
3 6710 6708 6412
3 9026 6413 6709
3 9026 6709 9030
3 6415 9026 9370
3 9026 9280 9370
3 9026 9030 9280
3 9280 6711 9370
3 6712 1186 6416
3 6416 1186 1184
3 6414 1184 1186
3 6414 1186 6710
3 4233 6713 6417
3 4233 6417 4231
3 4471 4233 4231
3 4471 4473 4233
3 4713 4473 4471
3 4713 4715 4473
3 4947 5044 6714
3 4715 4947 6714
3 4713 4947 4715
3 5195 5316 5044
3 5195 5044 4947
3 5457 5548 5316
3 5457 5316 5195
3 5689 5782 5548
3 5689 5548 5457
3 6418 5782 5689
3 9370 9276 6415
3 9276 9370 6711
3 9516 9276 6711
3 9512 9276 9516
3 9516 6715 9512
3 9512 6715 6419
3 6716 1020 1112
3 6420 1112 1020
3 6712 6420 1020
3 6416 6420 6712
3 3509 6717 6421
3 3509 6421 3507
3 3729 3509 3507
3 3729 3731 3509
3 3985 3731 3729
3 3985 3987 3731
3 3985 6417 3987
3 3987 6417 6713
3 5044 4949 6714
3 4949 5044 5197
3 5197 5044 5316
3 5197 5316 5459
3 5459 5316 5548
3 5459 5548 5691
3 5691 5548 5782
3 6718 5691 5782
3 6418 6718 5782
3 6422 6718 6418
3 6419 6719 6423
3 6715 6719 6419
3 1018 6424 1112
3 6424 6716 1112
3 6424 6720 6716
3 1112 6420 1018
3 3283 6721 3381
3 3381 6425 3283
3 6425 6717 3283
3 6425 6421 6717
3 6722 6422 6426
3 6722 6718 6422
3 6723 9821 9720
3 6423 6723 9720
3 6719 6723 6423
3 9821 6427 9720
3 945 858 6428
3 6424 858 945
3 6724 6424 945
3 6720 6424 6724
3 6429 3281 3381
3 6721 6429 3381
3 6725 6429 6721
3 6425 3381 3281
3 6044 6726 5945
3 6726 6426 5945
3 6726 6722 6426
3 6430 6044 5945
3 9724 9821 6723
3 9724 6727 9821
3 6727 6427 9821
3 6727 6431 6427
3 945 6428 860
3 6428 6728 860
3 6428 6432 6728
3 6724 945 860
3 6429 6729 6433
3 6725 6729 6429
3 6044 5947 6726
3 6730 5947 6044
3 6430 6730 6044
3 6434 6730 6430
3 6431 6731 6435
3 6727 6731 6431
3 6732 6432 6436
3 6732 6728 6432
3 3057 6733 3165
3 3165 6437 3057
3 6437 6729 3057
3 6437 6433 6729
3 6434 6207 6730
3 6730 6207 6209
3 6497 6618 6734
3 6209 6497 6734
3 6207 6497 6209
3 6438 6618 6497
3 9721 9830 6439
3 9721 6435 9830
3 6435 6735 9830
3 6435 6731 6735
3 6736 6436 6440
3 6736 6732 6436
3 2863 6737 6441
3 2863 6441 2861
3 6733 2863 3165
3 2863 3055 3165
3 2863 2861 3055
3 6437 3165 3055
3 6618 6499 6734
3 6886 6738 6791
3 6791 6738 6438
3 6738 6499 6438
3 6499 6618 6438
3 6442 6886 6791
3 7643 7762 6443
3 7941 6739 7762
3 7643 7941 7762
3 7937 7941 7643
3 8223 7941 7937
3 8223 8227 7941
3 8491 8227 8223
3 8491 8495 8227
3 8757 8495 8491
3 8757 8761 8495
3 9027 9136 6740
3 8761 9027 6740
3 8757 9027 8761
3 6444 9136 9027
3 9513 9620 6445
3 9830 9725 6439
3 6439 9725 9513
3 9725 6741 9513
3 6741 9620 9513
3 9830 6735 9725
3 6742 6440 6446
3 6742 6736 6440
3 1677 6743 1807
3 1677 1807 2003
3 1677 2003 1869
3 1869 2003 2187
3 1869 2187 2065
3 6744 2065 2187
3 2683 6745 2787
3 2787 6447 2683
3 6447 6737 2683
3 6447 6441 6737
3 6886 6793 6738
3 6442 7053 6886
3 7053 6793 6886
3 7053 7057 6793
3 7333 7057 7053
3 7333 7339 7057
3 7762 7647 6443
3 7647 7333 6443
3 7647 7339 7333
3 7762 6739 7647
3 9136 9031 6740
3 6444 9277 9136
3 9277 9031 9136
3 9277 9281 9031
3 9620 9517 6445
3 9517 9277 6445
3 9517 9281 9277
3 9620 6741 9517
3 6446 859 6742
3 6742 859 861
3 1019 861 859
3 1019 1021 861
3 1019 6448 1283
3 1187 1019 1283
3 1021 1019 1187
3 1187 1283 6449
3 1341 1187 6449
3 1343 1187 1341
3 1493 1343 1341
3 1493 1495 1343
3 6743 1495 1807
3 1495 1675 1807
3 1495 1493 1675
3 1865 2003 1675
3 1675 2003 1807
3 2063 2187 1865
3 1865 2187 2003
3 2187 2063 6744
3 2063 2237 6744
3 2063 2235 2237
3 2235 6450 2471
3 2373 2235 2471
3 2237 2235 2373
3 2373 2471 6451
3 2513 2373 6451
3 2515 2373 2513
3 6745 2515 2787
3 2515 2681 2787
3 2515 2513 2681
3 6447 2787 2681
3 1185 1283 6448
3 6449 1283 1185
3 2371 2471 6450
3 6451 2471 2371
3 7683 7644 6622
3 6888 7942 7683
3 7942 7644 7683
3 7942 7938 7644
3 7942 8224 7938
3 8228 8224 7942
3 8228 8492 8224
3 8496 8492 8228
3 8496 8758 8492
3 8762 8758 8496
3 8762 9028 8758
3 9032 9028 8762
3 6623 9028 9310
3 9028 9282 9310
3 9028 9032 9282
3 9310 9282 9546
3 9546 9282 9518
3 9546 9518 9754
3 9754 9518 9726
3 9726 6889 9754
3 7377 7334 6624
3 7648 7683 6622
3 7648 6622 7334
3 6890 7648 7334
3 7377 6890 7334
3 6888 7683 7648
3 9310 9278 6623
3 9546 9514 9278
3 9546 9278 9310
3 9756 6625 9514
3 9546 9756 9514
3 9754 9756 9546
3 9918 9940 6889
3 9940 9754 6889
3 9940 9756 9754
3 9918 6891 9940
3 6626 7381 6624
3 6624 7381 7377
3 6890 7377 7381
3 6890 7381 6892
3 9756 9722 6625
3 9940 9916 9722
3 9940 9722 9756
3 9916 9940 6891
3 10090 9916 6891
3 10088 9916 10090
3 10090 6893 10088
3 10088 6893 6627
3 6894 502 526
3 526 502 6628
3 502 638 6628
3 502 640 638
3 640 766 638
3 768 766 640
3 768 6895 766
3 766 6895 6629
3 7335 7381 6626
3 6892 7381 7335
3 6630 6892 7335
3 6896 6892 6630
3 32 6627 6893
3 32 6893 34
3 34 202 32
3 204 202 34
3 204 350 202
3 352 350 204
3 352 6894 526
3 500 352 526
3 350 352 500
3 526 6628 500
3 914 6629 6895
3 914 6895 916
3 916 1076 914
3 1078 1076 916
3 1078 1236 1076
3 1238 1236 1078
3 1238 1392 1236
3 1394 1392 1238
3 1394 1550 1392
3 1552 1550 1394
3 6631 1550 1808
3 1550 1724 1808
3 1550 1552 1724
3 1724 6897 1808
3 6898 6630 6632
3 6898 6896 6630
3 1808 1722 6631
3 1808 6897 1722
3 6897 6633 1722
3 6897 6899 6633
3 6900 6632 6634
3 6900 6898 6632
3 6633 6901 6635
3 6899 6901 6633
3 6902 6634 6636
3 6902 6900 6634
3 6901 1914 2006
3 6637 6901 2006
3 6635 6901 6637
3 1914 6903 2006
3 6904 6636 6638
3 6904 6902 6636
3 2008 6639 6637
3 2008 6637 2006
3 2006 6903 2008
3 2008 6903 6905
3 6906 6638 6640
3 6906 6904 6638
3 6639 2008 1915
3 6907 6639 1915
3 6641 6639 6907
3 2008 6905 1915
3 7649 6906 7703
3 6906 6642 7703
3 6906 6640 6642
3 6908 7649 7703
3 6907 1916 2012
3 6643 6907 2012
3 6641 6907 6643
3 1916 6909 2012
3 6910 2066 2132
3 2066 6911 2132
3 6644 7705 6642
3 6642 7705 7703
3 6908 7703 7705
3 6908 7705 6912
3 6643 2012 1917
3 6913 6643 1917
3 6645 6643 6913
3 2012 6909 1917
3 2134 6914 2132
3 2132 6914 6910
3 2238 2282 6911
3 2282 2132 6911
3 2282 2134 2132
3 2238 6915 2282
3 7411 7336 6646
3 7336 7411 6644
3 7411 7705 6644
3 7411 7707 7705
3 6912 7705 7707
3 6912 7707 6916
3 6645 6917 6647
3 6913 6917 6645
3 6918 1870 1952
3 6914 2134 1870
3 2134 1952 1870
3 2134 2136 1952
3 2134 2284 2136
3 2134 2282 2284
3 2374 2418 6915
3 2418 2282 6915
3 2418 2284 2282
3 2374 6919 2418
3 6648 7413 6646
3 6646 7413 7411
3 7413 6920 7650
3 7707 7413 7650
3 7411 7413 7707
3 6916 7707 7650
3 6647 6921 6649
3 6917 6921 6647
3 1866 6650 1952
3 6650 6918 1952
3 6650 6922 6918
3 2136 2064 1866
3 2136 1866 1952
3 2284 2236 2064
3 2284 2064 2136
3 2418 2372 2236
3 2418 2236 2284
3 6919 2516 2568
3 6919 2568 6651
3 2418 6919 6651
3 2372 2418 6651
3 2516 6923 2568
3 7111 7054 6652
3 7340 7413 6648
3 7340 6648 7054
3 6924 7340 7054
3 7111 6924 7054
3 6920 7413 7340
3 6649 6925 6653
3 6921 6925 6649
3 6926 1678 1760
3 6654 1760 1678
3 6922 6654 1678
3 6650 6654 6922
3 2570 6655 6651
3 2570 6651 2568
3 2568 6923 2570
3 2570 6923 6927
3 7111 6652 7058
3 6652 6928 7058
3 6652 6656 6928
3 6924 7111 7058
3 6925 1918 2026
3 6657 6925 2026
3 6653 6925 6657
3 1918 6929 2026
3 1762 6930 1760
3 1760 6930 6926
3 1760 6654 6658
3 1760 6658 1762
3 2572 6659 6655
3 2572 6655 2570
3 2570 6927 2572
3 2572 6927 6931
3 7059 6928 7115
3 6928 6660 7115
3 6928 6656 6660
3 6932 7059 7115
3 2026 1912 6657
3 2026 6929 1912
3 6929 6661 1912
3 6929 6933 6661
3 1762 1679 6930
3 1960 6934 1867
3 1867 6934 6658
3 6934 1679 6658
3 1679 1762 6658
3 6662 1960 1867
3 2574 6663 6659
3 2574 6659 2572
3 2572 6931 2574
3 2574 6931 6935
3 7055 7115 6660
3 7341 6932 7421
3 7421 6932 6664
3 6932 7115 6664
3 7115 7055 6664
3 7341 7421 7717
3 7341 7717 7651
3 7651 7717 8009
3 7651 8009 7943
3 6936 7943 8009
3 6661 6937 6665
3 6933 6937 6661
3 1962 6938 1960
3 1960 6938 6934
3 1960 6662 6666
3 1960 6666 1962
3 2576 6667 6663
3 2576 6663 2574
3 2574 6935 2576
3 2576 6935 6939
3 6940 3732 3800
3 3800 3732 4046
3 4046 3732 3988
3 4046 3988 4288
3 4288 3988 4234
3 4288 4234 4528
3 4528 4234 4474
3 4474 6941 4528
3 7337 7421 6664
3 7645 7717 7337
3 7337 7717 7421
3 7939 8009 7645
3 7645 8009 7717
3 8009 7939 6936
3 7939 8229 6936
3 7939 8225 8229
3 8225 6668 8553
3 8497 8225 8553
3 8229 8225 8497
3 6942 8497 8553
3 2104 6665 6937
3 2104 6937 2106
3 2106 6943 2104
3 2104 6943 6669
3 1868 6670 1962
3 6670 6938 1962
3 6670 6944 6938
3 1962 6666 1868
3 2576 2514 6667
3 6939 2684 2748
3 6939 2748 6671
3 2576 6939 6671
3 2514 2576 6671
3 2748 2684 2926
3 2926 2684 2864
3 2926 2864 3120
3 3120 2864 3058
3 3120 3058 3344
3 3344 3058 3284
3 3344 3284 3572
3 3572 3284 3510
3 6940 3800 3510
3 3800 3572 3510
3 3800 3802 3572
3 4046 3986 6672
3 3802 4046 6672
3 3800 4046 3802
3 4288 4232 3986
3 4288 3986 4046
3 4528 4472 4232
3 4528 4232 4288
3 4472 4528 6941
3 4716 4472 6941
3 4714 4472 4716
3 4716 4948 4714
3 4950 4948 4716
3 4950 5196 4948
3 5198 5196 4950
3 5517 5458 6945
3 5458 5198 6945
3 5458 5196 5198
3 5751 5690 5517
3 5517 5690 5458
3 5751 6673 5690
3 8493 8553 6668
3 8553 8493 6942
3 8493 8763 6942
3 8493 8759 8763
3 8759 6674 9099
3 9033 8759 9099
3 8763 8759 9033
3 6946 9033 9099
3 6669 6947 6675
3 6943 6947 6669
3 6948 6670 6676
3 6948 6944 6670
3 2748 2682 6671
3 2926 2862 2682
3 2926 2682 2748
3 3120 3056 2862
3 3120 2862 2926
3 3344 3282 3056
3 3344 3056 3120
3 3572 3508 3282
3 3572 3282 3344
3 3802 3730 3508
3 3802 3508 3572
3 3802 6672 3730
3 5460 5517 6945
3 5517 5460 5692
3 5517 5692 5751
3 5692 6949 5751
3 6949 6673 5751
3 6949 6677 6673
3 6678 9101 6674
3 6674 9101 9099
3 6946 9099 9101
3 6946 9101 6950
3 6675 6951 6679
3 6947 6951 6675
3 6952 1680 1772
3 6680 1772 1680
3 6948 6680 1680
3 6676 6680 6948
3 6677 6953 6681
3 6949 6953 6677
3 9029 9101 6678
3 6950 9101 9029
3 6682 6950 9029
3 6954 6950 6682
3 2107 6955 2211
3 2211 6683 2107
3 6683 6951 2107
3 6683 6679 6951
3 1676 6684 1772
3 6684 6952 1772
3 6684 6956 6952
3 1772 6680 1676
3 6957 6013 5946
3 6681 6957 5946
3 6953 6957 6681
3 6013 6685 5946
3 6958 6682 6686
3 6958 6954 6682
3 639 708 6687
3 767 840 708
3 767 708 639
3 917 6959 840
3 767 917 840
3 915 917 767
3 1077 917 915
3 1077 1079 917
3 6960 1079 1077
3 6960 1077 6688
3 1725 6961 1847
3 1725 1847 6689
3 1913 1725 6689
3 1919 1725 1913
3 6955 1919 2211
3 1919 2105 2211
3 1919 1913 2105
3 6683 2211 2105
3 6962 1496 6690
3 6690 1496 1494
3 6684 1494 1496
3 6684 1496 6956
3 5948 6013 6957
3 6963 6285 6208
3 6963 6208 6685
3 5948 6963 6685
3 6013 5948 6685
3 6285 6691 6208
3 6964 6686 6692
3 6964 6958 6686
3 501 568 6693
3 708 641 6687
3 6687 641 501
3 641 6965 501
3 6965 568 501
3 641 708 769
3 769 708 840
3 840 6959 769
3 6688 1237 6960
3 6960 1237 1239
3 1393 1239 1237
3 1393 1395 1239
3 1551 1395 1393
3 1551 1553 1395
3 6961 1553 1847
3 1553 1723 1847
3 1553 1551 1723
3 6689 1847 1723
3 6966 6690 6694
3 6966 6962 6690
3 6210 6285 6963
3 6498 6691 6285
3 6210 6498 6285
3 6500 6498 6210
3 6861 6792 6967
3 6792 6500 6967
3 6792 6498 6500
3 6861 6695 6792
3 6692 9279 6964
3 6964 9279 9283
3 9515 9594 6968
3 9283 9515 6968
3 9279 9515 9283
3 9723 9802 9594
3 9723 9594 9515
3 6696 9802 9723
3 10091 6969 10153
3 10091 10153 99
3 10091 99 35
3 35 99 267
3 35 267 205
3 205 267 6697
3 351 205 6697
3 353 205 351
3 568 503 6693
3 503 351 6693
3 503 353 351
3 568 6965 503
3 6970 6694 6698
3 6970 6966 6694
3 6794 6861 6967
3 6971 7133 7056
3 6971 7056 6695
3 6794 6971 6695
3 6861 6794 6695
3 7133 6699 7056
3 9594 9519 6968
3 9519 9594 9727
3 9727 9594 9802
3 6696 9917 9802
3 9917 9727 9802
3 9917 9919 9727
3 6969 9919 10153
3 9919 10089 10153
3 9919 9917 10089
3 33 99 10089
3 10089 99 10153
3 203 267 33
3 33 267 99
3 6697 267 203
3 6972 1344 6700
3 6700 1344 1342
3 6698 1342 1344
3 6698 1344 6970
3 7060 7133 6971
3 6973 7439 7338
3 6973 7338 6699
3 7060 6973 6699
3 7133 7060 6699
3 7439 6701 7338
3 6974 6700 6702
3 6974 6972 6700
3 6975 7441 7439
3 6975 7439 6973
3 6701 7439 6703
3 6703 7439 7441
3 6976 6702 6704
3 6976 6974 6702
3 7342 7441 6975
3 6977 7739 7646
3 6977 7646 6703
3 7342 6977 6703
3 7441 7342 6703
3 7739 6705 7646
3 8573 8494 6706
3 8573 6707 8494
3 6978 1188 1262
3 6708 1262 1188
3 6976 6708 1188
3 6704 6708 6976
3 7652 7739 6977
3 6979 8033 7940
3 6979 7940 6705
3 7652 6979 6705
3 7739 7652 6705
3 8309 8226 8033
3 8033 8226 7940
3 8498 8573 6706
3 8498 6706 8226
3 6980 8498 8226
3 8309 6980 8226
3 8760 6707 8573
3 8498 8760 8573
3 8764 8760 8498
3 6709 8760 9120
3 8760 9034 9120
3 8760 8764 9034
3 9034 6981 9120
3 1264 6982 1262
3 1262 6982 6978
3 1262 6708 6710
3 1262 6710 1264
3 7944 8033 6979
3 8033 7944 8230
3 8033 8230 8309
3 6980 8309 8230
3 9120 9030 6709
3 9030 9120 6981
3 9284 9030 6981
3 9280 9030 9284
3 9284 6983 9280
3 9280 6983 6711
3 1186 6712 1264
3 6712 6982 1264
3 6712 6984 6982
3 1264 6710 1186
3 4235 6985 6713
3 4235 6713 4233
3 4473 4235 4233
3 4473 4475 4235
3 4715 4475 4473
3 4715 4717 4475
3 6986 4717 4715
3 6986 4715 6714
3 9516 6711 6983
3 9516 6983 9520
3 9520 6987 9516
3 9516 6987 6715
3 6988 1022 6716
3 6716 1022 1020
3 6712 1020 1022
3 6712 1022 6984
3 3511 6989 6717
3 3511 6717 3509
3 3731 3511 3509
3 3731 3733 3511
3 3987 3733 3731
3 3987 3989 3733
3 3987 6713 3989
3 3989 6713 6985
3 6714 4949 6986
3 6986 4949 4951
3 5197 4951 4949
3 5197 5199 4951
3 5459 5199 5197
3 5459 5461 5199
3 5691 5461 5459
3 5691 5693 5461
3 6990 5693 5691
3 6990 5691 6718
3 6715 6991 6719
3 6987 6991 6715
3 6992 6716 6720
3 6992 6988 6716
3 3285 6993 6721
3 3285 6721 3283
3 3283 6717 3285
3 3285 6717 6989
3 6994 6718 6722
3 6994 6990 6718
3 6719 6995 6723
3 6991 6995 6719
3 6996 6720 6724
3 6996 6992 6720
3 6721 6997 6725
3 6993 6997 6721
3 6998 6722 6726
3 6998 6994 6722
3 9724 6723 6995
3 9724 6995 9728
3 9728 6999 9724
3 9724 6999 6727
3 7000 862 6728
3 6728 862 860
3 6724 860 862
3 6724 862 6996
3 6725 7001 6729
3 6997 7001 6725
3 6726 5947 6998
3 6998 5947 5949
3 7002 5949 5947
3 7002 5947 6730
3 6727 7003 6731
3 6999 7003 6727
3 7004 6728 6732
3 7004 7000 6728
3 3059 7005 6733
3 3059 6733 3057
3 3057 6729 3059
3 3059 6729 7001
3 6730 6209 7002
3 7002 6209 6211
3 7006 6211 6209
3 7006 6209 6734
3 6731 7007 6735
3 7003 7007 6731
3 7008 6732 6736
3 7008 7004 6732
3 2685 7009 2785
3 2685 2785 6737
3 2863 2685 6737
3 2865 2685 2863
3 2863 6733 2865
3 2865 6733 7005
3 6734 6499 7006
3 7006 6499 6501
3 7010 6501 6499
3 7010 6499 6738
3 7945 7011 6739
3 7945 6739 7941
3 8227 7945 7941
3 8227 8231 7945
3 8495 8231 8227
3 8495 8499 8231
3 8761 8499 8495
3 8761 8765 8499
3 7012 8765 8761
3 7012 8761 6740
3 9729 7013 6741
3 9729 6741 9725
3 9725 6735 9729
3 9729 6735 7007
3 863 7008 955
3 7008 6742 955
3 7008 6736 6742
3 7014 863 955
3 1497 7015 1625
3 1497 1625 6743
3 1677 1497 6743
3 1681 1497 1677
3 1869 1681 1677
3 1869 1871 1681
3 2065 1871 1869
3 2065 2067 1871
3 2065 6744 2339
3 2239 2065 2339
3 2067 2065 2239
3 7016 2239 2339
3 2517 7017 2617
3 2785 7009 2517
3 2785 2517 2617
3 2683 2785 2617
3 6745 2683 2617
3 6737 2785 2683
3 6738 6793 7010
3 7010 6793 6795
3 7057 6795 6793
3 7057 7061 6795
3 7339 7061 7057
3 7339 7343 7061
3 7647 7343 7339
3 7647 7653 7343
3 7647 6739 7653
3 7653 6739 7011
3 6740 9031 7012
3 7012 9031 9035
3 9281 9035 9031
3 9281 9285 9035
3 9517 9285 9281
3 9517 9521 9285
3 9517 6741 9521
3 9521 6741 7013
3 861 955 6742
3 955 861 7014
3 861 1023 7014
3 861 1021 1023
3 1187 1023 1021
3 1187 1189 1023
3 1343 1189 1187
3 1343 1345 1189
3 7015 1345 1625
3 1345 1495 1625
3 1345 1343 1495
3 6743 1625 1495
3 2237 2339 6744
3 2339 2237 7016
3 2237 2375 7016
3 2237 2373 2375
3 7017 2375 2617
3 2375 2515 2617
3 2375 2373 2515
3 6745 2617 2515
3 7975 7942 6888
3 8253 8228 7975
3 7975 8228 7942
3 7162 8500 8253
3 8500 8228 8253
3 8500 8496 8228
3 8500 8762 8496
3 8766 8762 8500
3 8766 9032 8762
3 9036 9032 8766
3 9036 9282 9032
3 9286 9282 9036
3 9286 9518 9282
3 9522 9518 9286
3 9522 9726 9518
3 9730 9726 9522
3 6889 9726 9938
3 9726 9920 9938
3 9726 9730 9920
3 9920 7163 9938
3 7164 7654 6890
3 6890 7654 7648
3 7946 7975 6888
3 7648 7946 6888
3 7654 7946 7648
3 7975 7946 8232
3 7975 8232 8253
3 7162 8253 8232
3 9938 9918 6889
3 7163 10092 10108
3 7163 10108 6891
3 9938 7163 6891
3 9918 9938 6891
3 10092 7165 10108
3 7166 7344 7382
3 6892 7382 7344
3 7164 6892 7344
3 6890 6892 7164
3 10108 10090 6891
3 7165 36 56
3 7165 56 6893
3 10108 7165 6893
3 10090 10108 6893
3 36 7167 56
3 7168 354 374
3 374 354 6894
3 354 502 6894
3 354 504 502
3 504 640 502
3 642 640 504
3 642 768 640
3 770 768 642
3 6895 768 956
3 768 918 956
3 768 770 918
3 918 7169 956
3 7386 7170 7382
3 7382 7170 7166
3 7382 6892 6896
3 7382 6896 7386
3 56 34 6893
3 34 56 7167
3 206 34 7167
3 204 34 206
3 206 7168 374
3 352 206 374
3 204 206 352
3 374 6894 352
3 956 916 6895
3 916 956 7169
3 1080 916 7169
3 1078 916 1080
3 1080 1238 1078
3 1240 1238 1080
3 1240 1394 1238
3 1396 1394 1240
3 1396 1552 1394
3 1554 1552 1396
3 1809 1724 7171
3 1724 1554 7171
3 1724 1552 1554
3 1809 6897 1724
3 7390 7172 7386
3 7386 7172 7170
3 7386 6896 6898
3 7386 6898 7390
3 1726 1809 7171
3 1726 7173 1809
3 7173 6897 1809
3 7173 6899 6897
3 7390 7345 7172
3 7174 7345 7390
3 6898 7174 7390
3 6900 7174 6898
3 6899 7175 6901
3 7173 7175 6899
3 7176 2068 2124
3 2124 2068 2272
3 2272 2068 2240
3 2272 2240 2406
3 2406 2240 2376
3 2376 7177 2406
3 7178 6900 6902
3 7178 7174 6900
3 1914 6901 7175
3 1914 7175 1920
3 1920 7179 1914
3 1914 7179 6903
3 2126 7180 2124
3 2124 7180 7176
3 2124 2274 2126
3 2124 2272 2274
3 2272 2408 2274
3 2272 2406 2408
3 2518 2556 7177
3 2556 2406 7177
3 2556 2408 2406
3 2518 7181 2556
3 7182 6902 6904
3 7182 7178 6902
3 6903 7183 6905
3 7179 7183 6903
3 2128 7184 2126
3 2126 7184 7180
3 2126 2276 2128
3 2126 2274 2276
3 2274 2410 2276
3 2274 2408 2410
3 2408 2558 2410
3 2408 2556 2558
3 2556 7181 2558
3 2558 7181 7185
3 7186 6904 6906
3 7186 7182 6904
3 1915 2010 6907
3 1915 6905 2010
3 6905 7187 2010
3 6905 7183 7187
3 2130 7188 2128
3 2128 7188 7184
3 2128 2278 2130
3 2128 2276 2278
3 2276 2412 2278
3 2276 2410 2412
3 7189 2412 2519
3 2412 2558 2519
3 2412 2410 2558
3 2558 7185 2519
3 6906 7649 7186
3 7186 7649 7655
3 7190 7655 7649
3 7190 7649 6908
3 2010 1916 6907
3 2010 7187 1916
3 7187 6909 1916
3 7187 7191 6909
3 7192 1872 1948
3 7188 2130 1872
3 1872 2130 1948
3 2130 2066 1948
3 2066 6910 1948
3 2280 6911 2066
3 2130 2280 2066
3 2278 2280 2130
3 2278 2414 2280
3 2278 2412 2414
3 2412 7189 2414
3 2414 7189 7193
3 7194 6908 6912
3 7194 7190 6908
3 1917 2014 6913
3 1917 6909 2014
3 6909 7195 2014
3 6909 7191 7195
3 7196 1682 1754
3 7192 1948 1682
3 1948 1754 1682
3 1948 1950 1754
3 1948 6910 6914
3 1948 6914 1950
3 2280 2238 6911
3 2416 6915 2238
3 2280 2416 2238
3 2414 2416 2280
3 2414 7193 2416
3 2416 7193 7197
3 7198 6912 6916
3 7198 7194 6912
3 2016 6917 6913
3 2016 6913 2014
3 2014 7195 2016
3 2016 7195 7199
3 1756 7200 1754
3 1754 7200 7196
3 1950 1870 6918
3 1756 1950 6918
3 1754 1950 1756
3 1950 6914 1870
3 2416 2374 6915
3 2416 7197 2374
3 7197 6919 2374
3 7197 7201 6919
3 7709 7650 6920
3 6916 7650 7709
3 7202 6916 7709
3 7198 6916 7202
3 2018 6921 6917
3 2018 6917 2016
3 2016 7199 2018
3 2018 7199 7203
3 1758 7204 1756
3 1756 7204 7200
3 1756 6918 6922
3 1756 6922 1758
3 2516 6919 7201
3 2516 7201 2520
3 2520 7205 2516
3 2516 7205 6923
3 7415 7340 6924
3 7340 7415 6920
3 7415 7709 6920
3 7415 7711 7709
3 8003 7947 7202
3 7709 8003 7202
3 7711 8003 7709
3 7206 7947 8003
3 2022 6925 6921
3 2022 6921 2018
3 2018 7203 2022
3 2022 7203 7207
3 1678 6926 1758
3 6926 7204 1758
3 6926 7208 7204
3 1758 6922 1678
3 6923 7209 6927
3 7205 7209 6923
3 7113 7058 6928
3 7058 7113 6924
3 7113 7415 6924
3 7113 7417 7415
3 7713 7415 7417
3 7711 7415 7713
3 8005 7711 7713
3 8003 7711 8005
3 7206 8003 8005
3 7206 8005 7210
3 2022 1918 6925
3 2022 7207 1918
3 7207 6929 1918
3 7207 7211 6929
3 7212 6926 6930
3 7212 7208 6926
3 6927 7213 6931
3 7209 7213 6927
3 7059 7113 6928
3 6932 7419 7059
3 7419 7113 7059
3 7419 7417 7113
3 7715 7417 7419
3 7713 7417 7715
3 8007 7713 7715
3 8005 7713 8007
3 8283 8233 7210
3 8005 8283 7210
3 8007 8283 8005
3 7214 8233 8283
3 7211 2108 2198
3 6933 7211 2198
3 6929 7211 6933
3 2108 7215 2198
3 1764 7216 1679
3 7216 6930 1679
3 7216 7212 6930
3 6934 1764 1679
3 6931 7217 6935
3 7213 7217 6931
3 7218 3990 4040
3 4040 3990 4284
3 4284 3990 4236
3 4236 7219 4284
3 7341 7419 6932
3 7651 7715 7341
3 7341 7715 7419
3 7943 8007 7651
3 7651 8007 7715
3 6936 8285 7943
3 8285 8007 7943
3 8285 8283 8007
3 7214 8283 8285
3 7214 8285 7220
3 2202 6937 6933
3 2202 6933 2198
3 2198 7215 2202
3 2202 7215 7221
3 1766 7222 1764
3 1764 7222 7216
3 1764 6934 6938
3 1764 6938 1766
3 7217 2686 2746
3 6939 7217 2746
3 6935 7217 6939
3 2746 2686 2924
3 2924 2686 2866
3 2866 7223 2924
3 7224 3734 6940
3 6940 3734 3732
3 3734 7218 4040
3 3988 3734 4040
3 3732 3734 3988
3 4284 4234 3988
3 4284 3988 4040
3 4234 4284 7219
3 4476 4234 7219
3 4474 4234 4476
3 4476 7225 4474
3 4474 7225 6941
3 8229 8285 6936
3 8285 8229 7220
3 8229 8501 7220
3 8229 8497 8501
3 8497 6942 8827
3 8767 8497 8827
3 8501 8497 8767
3 8767 8827 9097
3 8767 9097 9037
3 7226 9037 9097
3 2202 2106 6937
3 2202 7221 2106
3 7221 6943 2106
3 7221 7227 6943
3 1768 7228 1766
3 1766 7228 7222
3 1766 6938 6944
3 1766 6944 1768
3 2746 2684 6939
3 2924 2864 2684
3 2924 2684 2746
3 2864 2924 7223
3 3060 2864 7223
3 3058 2864 3060
3 3060 3284 3058
3 3286 3284 3060
3 3286 3510 3284
3 3512 3510 3286
3 6940 3510 3512
3 6940 3512 7224
3 4716 6941 7225
3 4716 7225 4718
3 5009 4950 7229
3 4950 4718 7229
3 4950 4716 4718
3 5283 5198 5009
3 5009 5198 4950
3 5283 6945 5198
3 8763 8827 6942
3 9033 9097 8763
3 8763 9097 8827
3 7226 9097 9033
3 6946 7226 9033
3 7230 7226 6946
3 2109 7231 2207
3 2207 6947 2109
3 6947 7227 2109
3 6947 6943 7227
3 1770 7232 1768
3 1768 7232 7228
3 1768 6944 6948
3 1768 6948 1770
3 4952 5009 7229
3 5009 4952 5200
3 5009 5200 5283
3 5460 6945 5283
3 5200 5460 5283
3 5462 5460 5200
3 5753 5692 7233
3 5692 5462 7233
3 5692 5460 5462
3 5753 6949 5692
3 7234 6946 6950
3 7234 7230 6946
3 7235 2209 2207
3 7235 2207 7231
3 6947 2207 6951
3 6951 2207 2209
3 1680 6952 1770
3 6952 7232 1770
3 6952 7236 7232
3 1770 6948 1680
3 5694 5753 7233
3 5694 7237 5753
3 7237 6949 5753
3 7237 6953 6949
3 7238 6950 6954
3 7238 7234 6950
3 6955 2107 2209
3 7235 6955 2209
3 7239 6955 7235
3 6951 2209 2107
3 7240 6952 6956
3 7240 7236 6952
3 6953 7241 6957
3 7237 7241 6953
3 7242 6954 6958
3 7242 7238 6954
3 917 998 6959
3 1079 1164 998
3 1079 998 917
3 1079 6960 1321
3 1241 1079 1321
3 1079 7243 1164
3 1079 1241 7243
3 1241 1321 1477
3 1241 1477 1397
3 1397 1477 1663
3 1397 1663 1555
3 1555 1663 6961
3 1725 1555 6961
3 1727 1555 1725
3 1919 1727 1725
3 1919 1921 1727
3 1919 6955 1921
3 1921 6955 7239
3 1595 1496 6962
3 6956 1496 1595
3 7244 6956 1595
3 7240 6956 7244
3 7245 6017 5948
3 6957 7245 5948
3 7241 7245 6957
3 6017 6963 5948
3 7246 6958 6964
3 7246 7242 6958
3 641 712 6965
3 771 7247 712
3 641 771 712
3 769 771 641
3 998 919 6959
3 919 769 6959
3 919 771 769
3 919 998 1081
3 1081 998 1164
3 7243 1081 1164
3 1239 1321 6960
3 1395 1477 1239
3 1239 1477 1321
3 1553 1663 1395
3 1395 1663 1477
3 6961 1663 1553
3 1595 6962 1498
3 6962 7248 1498
3 6962 6966 7248
3 7244 1595 1498
3 5950 6017 7245
3 7249 6289 6210
3 7249 6210 6963
3 5950 7249 6963
3 6017 5950 6963
3 6583 6500 6289
3 6289 6500 6210
3 6583 6967 6500
3 6964 9283 7246
3 7246 9283 9287
3 7250 9287 9283
3 7250 9283 6968
3 10093 7251 6969
3 10093 6969 10091
3 35 10093 10091
3 35 37 10093
3 205 37 35
3 205 207 37
3 353 418 7252
3 207 353 7252
3 205 353 207
3 503 572 418
3 503 418 353
3 712 643 6965
3 6965 643 503
3 643 7253 503
3 7253 572 503
3 712 7247 643
3 7254 6966 6970
3 7254 7248 6966
3 6212 6289 7249
3 6289 6212 6502
3 6289 6502 6583
3 7255 6863 6794
3 7255 6794 6967
3 6502 7255 6967
3 6583 6502 6967
3 6863 6971 6794
3 6968 9519 7250
3 7250 9519 9523
3 9727 9523 9519
3 9727 9731 9523
3 9919 9731 9727
3 9919 9921 9731
3 9919 6969 9921
3 9921 6969 7251
3 418 355 7252
3 355 418 505
3 505 418 572
3 572 7253 505
3 7256 1346 6972
3 6972 1346 1344
3 6970 1344 1346
3 6970 1346 7254
3 6796 6863 7255
3 7257 7135 7060
3 7257 7060 6971
3 6796 7257 6971
3 6863 6796 6971
3 7135 6973 7060
3 7258 6972 6974
3 7258 7256 6972
3 7259 7137 7135
3 7259 7135 7257
3 6973 7135 6975
3 6975 7135 7137
3 7260 1190 1260
3 6976 1260 1190
3 7258 6976 1190
3 6974 6976 7258
3 7062 7137 7259
3 7261 7445 7342
3 7261 7342 6975
3 7062 7261 6975
3 7137 7062 6975
3 7445 6977 7342
3 7262 1024 1104
3 7260 1260 1024
3 1024 1260 1104
3 1260 1188 1104
3 1188 6978 1104
3 1260 6976 1188
3 7346 7445 7261
3 7263 7743 7652
3 7263 7652 6977
3 7346 7263 6977
3 7445 7346 6977
3 7743 6979 7652
3 8575 8498 6980
3 7264 8768 8575
3 8768 8498 8575
3 8768 8764 8498
3 8768 9034 8764
3 9038 9034 8768
3 9038 7265 9034
3 9034 7265 6981
3 7266 864 936
3 7262 1104 864
3 1104 936 864
3 1104 1106 936
3 1104 6978 6982
3 1104 6982 1106
3 7656 7743 7263
3 7944 6979 7743
3 7656 7944 7743
3 7948 7944 7656
3 7948 8230 7944
3 8234 8230 7948
3 8502 8575 6980
3 8230 8502 6980
3 8234 8502 8230
3 7264 8575 8502
3 9284 6981 7265
3 9284 7265 9288
3 9288 7267 9284
3 9284 7267 6983
3 936 865 7266
3 865 936 7268
3 936 1108 7268
3 936 1106 1108
3 1106 6982 6984
3 1106 6984 1108
3 4237 7269 6985
3 4237 6985 4235
3 4475 4237 4235
3 4475 4477 4237
3 4717 4477 4475
3 4717 4719 4477
3 7270 4719 4717
3 7270 4717 6986
3 9520 6983 7267
3 9520 7267 9524
3 9524 7271 9520
3 9520 7271 6987
3 1022 6988 1108
3 6988 7268 1108
3 6988 7272 7268
3 1108 6984 1022
3 3513 7273 6989
3 3513 6989 3511
3 3733 3513 3511
3 3733 3735 3513
3 3989 3735 3733
3 3989 3991 3735
3 3989 6985 3991
3 3991 6985 7269
3 6986 4951 7270
3 7270 4951 4953
3 5199 4953 4951
3 5199 5201 4953
3 5461 5550 7274
3 5201 5461 7274
3 5199 5461 5201
3 5693 5784 5550
3 5693 5550 5461
3 6990 5784 5693
3 6987 7275 6991
3 7271 7275 6987
3 7276 6988 6992
3 7276 7272 6988
3 3287 7277 6993
3 3287 6993 3285
3 3285 6989 3287
3 3287 6989 7273
3 5550 5463 7274
3 5463 5550 7278
3 5550 5786 7278
3 5550 5784 5786
3 5784 6990 6994
3 5784 6994 5786
3 6991 7279 6995
3 7275 7279 6991
3 7280 866 946
3 6996 946 866
3 7276 6996 866
3 6992 6996 7276
3 6993 7281 6997
3 7277 7281 6993
3 5786 5695 7278
3 7282 5695 5786
3 6994 7282 5786
3 6998 7282 6994
3 7283 9825 9728
3 6995 7283 9728
3 7279 7283 6995
3 9825 6999 9728
3 862 7000 946
3 7000 7280 946
3 7000 7284 7280
3 946 6996 862
3 3061 7285 3161
3 3161 7001 3061
3 7001 7281 3061
3 7001 6997 7281
3 6998 5949 7282
3 7282 5949 5951
3 7286 5951 5949
3 7286 5949 7002
3 9732 9825 7283
3 9732 7287 9825
3 7287 6999 9825
3 7287 7003 6999
3 7288 7000 7004
3 7288 7284 7000
3 2687 7289 2783
3 2687 2783 2963
3 2687 2963 2867
3 3161 7285 2867
3 3161 2867 2963
3 3059 3161 2963
3 7005 3059 2963
3 7001 3161 3059
3 7002 6211 7286
3 7286 6211 6213
3 7290 6213 6211
3 7290 6211 7006
3 9733 7291 9831
3 9831 7007 9733
3 7007 7287 9733
3 7007 7003 7287
3 867 7288 953
3 7288 7008 953
3 7288 7004 7008
3 7292 867 953
3 7009 2685 2783
3 7289 7009 2783
3 7293 7009 7289
3 2865 2963 2685
3 2685 2963 2783
3 7005 2963 2865
3 7006 6501 7290
3 7290 6501 6503
3 7294 6503 6501
3 7294 6501 7010
3 7657 7295 7763
3 7657 7763 7011
3 7945 7657 7011
3 7949 7657 7945
3 8231 7949 7945
3 8231 8235 7949
3 8499 8235 8231
3 8499 8503 8235
3 8765 8503 8499
3 8765 8769 8503
3 8765 7012 9137
3 9039 8765 9137
3 8769 8765 9039
3 9039 9137 9385
3 9039 9385 9289
3 9289 9385 9621
3 9289 9621 9525
3 9831 7291 9525
3 9831 9525 9621
3 9729 9831 9621
3 7013 9729 9621
3 7007 9831 9729
3 863 953 7008
3 1025 7292 1125
3 1125 7292 7014
3 7292 953 7014
3 953 863 7014
3 1025 1125 1281
3 1025 1281 1191
3 1191 1281 1439
3 1191 1439 1347
3 1347 1439 7015
3 1497 1347 7015
3 1499 1347 1497
3 1681 1499 1497
3 1681 1683 1499
3 1871 1683 1681
3 1871 1873 1683
3 2067 1873 1871
3 2067 2069 1873
3 2239 2069 2067
3 2239 2241 2069
3 2239 7016 2469
3 2377 2239 2469
3 2241 2239 2377
3 2377 2469 7017
3 2517 2377 7017
3 2521 2377 2517
3 2517 7009 2521
3 2521 7009 7293
3 7010 6795 7294
3 7294 6795 6797
3 7061 6797 6795
3 7061 7063 6797
3 7343 7063 7061
3 7343 7347 7063
3 7295 7347 7763
3 7347 7653 7763
3 7347 7343 7653
3 7011 7763 7653
3 9035 9137 7012
3 9285 9385 9035
3 9035 9385 9137
3 9521 9621 9285
3 9285 9621 9385
3 7013 9621 9521
3 1023 1125 7014
3 1189 1281 1023
3 1023 1281 1125
3 1345 1439 1189
3 1189 1439 1281
3 7015 1439 1345
3 2375 2469 7016
3 7017 2469 2375
3 7468 9526 9544
3 9544 9526 9752
3 9752 9526 9734
3 9734 7469 9752
3 7470 7658 7684
3 7684 7658 7976
3 7976 7658 7950
3 7950 7471 7976
3 8519 8500 7162
3 8793 8766 8519
3 8519 8766 8500
3 9063 9036 8793
3 8793 9036 8766
3 7472 9290 9063
3 9290 9036 9063
3 9290 9286 9036
3 9290 7468 9544
3 9522 9290 9544
3 9286 9290 9522
3 9752 9730 9522
3 9752 9522 9544
3 9730 9752 7469
3 9922 9730 7469
3 9920 9730 9922
3 9922 7473 9920
3 9920 7473 7163
3 7474 7348 7378
3 7470 7684 7348
3 7348 7684 7378
3 7684 7654 7378
3 7654 7164 7378
3 7976 7946 7654
3 7976 7654 7684
3 7946 7976 7471
3 8236 7946 7471
3 8232 7946 8236
3 8504 8519 7162
3 8232 8504 7162
3 8236 8504 8232
3 8519 8504 8770
3 8519 8770 8793
3 8793 8770 9040
3 8793 9040 9063
3 7472 9063 9040
3 10092 7163 7473
3 10092 7473 10094
3 10094 7475 10092
3 10092 7475 7165
3 7476 644 666
3 644 7477 666
3 7344 7166 7378
3 7166 7474 7378
3 7166 7478 7474
3 7378 7164 7344
3 36 7165 7475
3 36 7475 38
3 38 7479 36
3 36 7479 7167
3 375 354 7168
3 7480 506 375
3 506 354 375
3 506 504 354
3 506 7476 666
3 642 506 666
3 504 506 642
3 642 666 7477
3 772 642 7477
3 770 642 772
3 772 918 770
3 920 918 772
3 920 7481 918
3 918 7481 7169
3 7482 7166 7170
3 7482 7478 7166
3 206 7167 7479
3 206 7479 208
3 356 375 7168
3 206 356 7168
3 208 356 206
3 7480 375 356
3 1080 7169 7481
3 1080 7481 1082
3 1285 1240 7483
3 1240 1082 7483
3 1240 1080 1082
3 1441 1396 1285
3 1285 1396 1240
3 1627 1554 1441
3 1441 1554 1396
3 1627 7171 1554
3 7484 7170 7172
3 7484 7482 7170
3 1242 1285 7483
3 1285 1242 1398
3 1285 1398 1441
3 1441 1398 1556
3 1441 1556 1627
3 1726 7171 1627
3 1556 1726 1627
3 1728 1726 1556
3 1728 7485 1726
3 1726 7485 7173
3 7486 2242 2270
3 2270 2242 2404
3 2404 2242 2378
3 2378 7487 2404
3 7394 7488 7345
3 7488 7172 7345
3 7488 7484 7172
3 7174 7394 7345
3 7485 1922 2004
3 7175 7485 2004
3 7173 7485 7175
3 1922 7489 2004
3 7490 2070 7176
3 7176 2070 2068
3 2070 7486 2270
3 2240 2070 2270
3 2068 2070 2240
3 2404 2376 2240
3 2404 2240 2270
3 7487 2522 2554
3 7487 2554 7177
3 2404 7487 7177
3 2376 2404 7177
3 2522 7491 2554
3 7398 7492 7394
3 7394 7492 7488
3 7394 7174 7178
3 7394 7178 7398
3 2004 1920 7175
3 2004 7489 1920
3 7489 7179 1920
3 7489 7493 7179
3 7494 1874 1942
3 7180 1942 1874
3 7490 7180 1874
3 7176 7180 7490
3 2554 2518 7177
3 7491 2688 2726
3 7491 2726 7181
3 2554 7491 7181
3 2518 2554 7181
3 2688 7495 2726
3 7398 7349 7492
3 7496 7349 7398
3 7178 7496 7398
3 7182 7496 7178
3 7179 7497 7183
3 7493 7497 7179
3 1944 7498 1942
3 1942 7498 7494
3 1942 7180 7184
3 1942 7184 1944
3 7181 2726 2689
3 7499 7181 2689
3 7185 7181 7499
3 2726 7495 2689
3 7500 7182 7186
3 7500 7496 7182
3 7183 7501 7187
3 7497 7501 7183
3 1946 7502 1944
3 1944 7502 7498
3 1944 7184 7188
3 1944 7188 1946
3 2519 2560 7189
3 2519 7185 2560
3 7185 7503 2560
3 7185 7499 7503
3 7186 7655 7500
3 7500 7655 7659
3 7504 7659 7655
3 7504 7655 7190
3 7187 7505 7191
3 7501 7505 7187
3 1872 7192 1946
3 7192 7502 1946
3 7192 7506 7502
3 1946 7188 1872
3 7189 2560 2523
3 7507 7189 2523
3 7193 7189 7507
3 2560 7503 2523
3 7508 7190 7194
3 7508 7504 7190
3 7191 7509 7195
3 7505 7509 7191
3 7510 1684 7196
3 7196 1684 1682
3 7192 1682 1684
3 7192 1684 7506
3 7193 7511 7197
3 7507 7511 7193
3 7951 7508 7999
3 7508 7198 7999
3 7508 7194 7198
3 7512 7951 7999
3 7195 7513 7199
3 7509 7513 7195
3 7514 7196 7200
3 7514 7510 7196
3 7511 2524 2566
3 7201 7511 2566
3 7197 7511 7201
3 2524 7515 2566
3 7202 8001 7198
3 7198 8001 7999
3 7512 7999 8001
3 7512 8001 7516
3 7199 7517 7203
3 7513 7517 7199
3 7518 7200 7204
3 7518 7514 7200
3 2566 2520 7201
3 2566 7515 2520
3 7515 7205 2520
3 7515 7519 7205
3 7947 8001 7202
3 8237 7516 8279
3 8279 7516 7206
3 7516 8001 7206
3 8001 7947 7206
3 7520 8237 8279
3 7203 7521 7207
3 7517 7521 7203
3 7522 7204 7208
3 7522 7518 7204
3 7205 7523 7209
3 7519 7523 7205
3 7210 8281 7206
3 7206 8281 8279
3 8547 8505 7520
3 8279 8547 7520
3 8281 8547 8279
3 7524 8505 8547
3 7207 7525 7211
3 7521 7525 7207
3 7526 7208 7212
3 7526 7522 7208
3 7523 2690 2742
3 7213 7523 2742
3 7209 7523 7213
3 2690 7527 2742
3 8233 8281 7210
3 7214 8549 8233
3 8549 8281 8233
3 8549 8547 8281
3 7524 8547 8549
3 7524 8549 7528
3 2108 7211 7525
3 2108 7525 2110
3 2110 7529 2108
3 2108 7529 7215
3 7530 7212 7216
3 7530 7526 7212
3 2744 7217 7213
3 2744 7213 2742
3 2868 2922 7527
3 2922 2742 7527
3 2922 2744 2742
3 2922 2868 3116
3 3116 2868 3062
3 3062 7531 3116
3 7532 3736 3798
3 3798 3736 7218
3 3736 3990 7218
3 3736 3992 3990
3 3992 4236 3990
3 4238 4236 3992
3 4238 7533 4236
3 4236 7533 7219
3 7220 8551 7214
3 7214 8551 8549
3 8825 8771 7528
3 8549 8825 7528
3 8551 8825 8549
3 8771 8825 9095
3 8771 9095 9041
3 7534 9041 9095
3 7215 7535 7221
3 7529 7535 7215
3 7536 7216 7222
3 7536 7530 7216
3 2744 2686 7217
3 2922 2866 2686
3 2922 2686 2744
3 3118 7223 2866
3 2922 3118 2866
3 3116 3118 2922
3 3288 3342 7531
3 3342 3116 7531
3 3342 3118 3116
3 3342 3288 3570
3 3570 3288 3514
3 7532 3798 3514
3 3514 3798 3570
3 3798 3734 3570
3 3734 7224 3570
3 3798 7218 3734
3 4476 7219 7533
3 4476 7533 4478
3 4478 7537 4476
3 4476 7537 7225
3 8501 8551 7220
3 8767 8825 8501
3 8501 8825 8551
3 9037 9095 8767
3 8767 9095 8825
3 7534 9095 9037
3 7226 7534 9037
3 7538 7534 7226
3 7221 7539 7227
3 7535 7539 7221
3 7540 7222 7228
3 7540 7536 7222
3 3118 3060 7223
3 3342 3286 3060
3 3342 3060 3118
3 3570 3512 3286
3 3570 3286 3342
3 3570 7224 3512
3 4718 7225 7537
3 4718 7537 4720
3 4720 7541 4718
3 4718 7541 7229
3 9291 7538 9347
3 7538 7230 9347
3 7538 7226 7230
3 7542 9291 9347
3 2111 7543 7231
3 2111 7231 2109
3 2109 7227 2111
3 2111 7227 7539
3 7544 7228 7232
3 7544 7540 7228
3 4952 7229 7541
3 4952 7541 4954
3 5285 5200 7545
3 5200 4954 7545
3 5200 4952 4954
3 5519 5462 5285
3 5285 5462 5200
3 5519 7233 5462
3 7234 9349 7230
3 7230 9349 9347
3 7542 9347 9349
3 7542 9349 7546
3 7231 7547 7235
3 7543 7547 7231
3 7548 7232 7236
3 7548 7544 7232
3 5202 5285 7545
3 5285 5202 5464
3 5285 5464 5519
3 7549 5755 5694
3 7549 5694 7233
3 5464 7549 7233
3 5519 5464 7233
3 5755 7237 5694
3 9349 7234 9292
3 7234 7550 9292
3 7234 7238 7550
3 7546 9349 9292
3 1923 7551 2041
3 2041 7239 1923
3 7239 7547 1923
3 7239 7235 7547
3 7552 7236 7240
3 7552 7548 7236
3 5696 5755 7549
3 5696 7553 5755
3 7553 7237 5755
3 7553 7241 7237
3 7554 7238 7242
3 7554 7550 7238
3 1243 7555 7243
3 1243 7243 1241
3 1397 1243 1241
3 1397 1399 1243
3 1555 1664 7556
3 1399 1555 7556
3 1397 1555 1399
3 1729 7557 1664
3 1555 1729 1664
3 1727 1729 1555
3 7551 1729 2041
3 1729 1921 2041
3 1729 1727 1921
3 7239 2041 1921
3 7558 7240 7244
3 7558 7552 7240
3 7241 7559 7245
3 7553 7559 7241
3 9293 7554 9355
3 7554 7246 9355
3 7554 7242 7246
3 7560 9293 9355
3 771 844 7247
3 921 7561 844
3 771 921 844
3 919 921 771
3 1081 921 919
3 1081 1083 921
3 1081 7243 1083
3 1083 7243 7555
3 1664 1557 7556
3 1664 7557 1557
3 7562 1500 7248
3 7248 1500 1498
3 7244 1498 1500
3 7244 1500 7558
3 5950 7245 7559
3 5950 7559 5952
3 5952 7563 5950
3 5950 7563 7249
3 9287 9355 7246
3 7560 9355 9287
3 7250 7560 9287
3 7564 7560 7250
3 10095 7565 7251
3 10095 7251 10093
3 37 10095 10093
3 37 39 10095
3 207 39 37
3 207 209 39
3 7566 209 207
3 7566 207 7252
3 643 716 7253
3 844 773 7247
3 7247 773 643
3 773 7567 643
3 7567 716 643
3 844 7561 773
3 7568 7248 7254
3 7568 7562 7248
3 7569 6293 6212
3 7249 7569 6212
3 7563 7569 7249
3 6587 6502 6293
3 6293 6502 6212
3 6587 7255 6502
3 7250 9523 7564
3 7564 9523 9527
3 9731 9527 9523
3 9731 9735 9527
3 9921 9735 9731
3 9921 9923 9735
3 9921 7251 9923
3 9923 7251 7565
3 7252 355 7566
3 7566 355 357
3 505 357 355
3 505 507 357
3 716 645 7253
3 645 505 7253
3 645 507 505
3 716 7567 645
3 1413 1346 7256
3 7254 1346 1413
3 7570 7254 1413
3 7568 7254 7570
3 6214 6293 7569
3 6293 6214 7571
3 6591 6293 7571
3 6587 6293 6591
3 7255 6587 6796
3 6587 6865 6796
3 6587 6591 6865
3 6865 7257 6796
3 1413 7256 1348
3 7256 7572 1348
3 7256 7258 7572
3 7570 1413 1348
3 6504 6591 7571
3 6591 6504 7573
3 6867 6591 7573
3 6865 6591 6867
3 7257 6865 7259
3 7259 6865 6867
3 7574 1192 7260
3 7260 1192 1190
3 7258 1190 1192
3 7258 1192 7572
3 6798 6867 7573
3 7062 7259 6867
3 6798 7062 6867
3 7064 7062 6798
3 7064 7575 7062
3 7062 7575 7261
3 7576 868 934
3 934 868 7262
3 868 1024 7262
3 868 1026 1024
3 7260 1024 1026
3 7260 1026 7574
3 7577 7449 7346
3 7261 7577 7346
3 7575 7577 7261
3 7449 7263 7346
3 7578 8772 7264
3 7264 8772 8768
3 8772 9038 8768
3 9042 9038 8772
3 9042 7579 9038
3 9038 7579 7265
3 864 7266 934
3 7266 7576 934
3 7266 7580 7576
3 934 7262 864
3 7350 7449 7577
3 7656 7263 7449
3 7350 7656 7449
3 7660 7656 7350
3 7660 7948 7656
3 7952 7948 7660
3 7952 8234 7948
3 8238 8234 7952
3 8238 8502 8234
3 8506 8502 8238
3 7264 8502 8506
3 7264 8506 7578
3 9288 7265 7579
3 9288 7579 9294
3 9294 7581 9288
3 9288 7581 7267
3 938 7582 865
3 7582 7266 865
3 7582 7580 7266
3 7268 938 865
3 4237 4332 7269
3 4477 4558 4332
3 4477 4332 4237
3 4719 4806 4558
3 4719 4558 4477
3 7270 4806 4719
3 7583 9609 9524
3 7267 7583 9524
3 7581 7583 7267
3 9609 7271 9524
3 940 7584 938
3 938 7584 7582
3 938 7268 7272
3 938 7272 940
3 3515 7585 7273
3 3515 7273 3513
3 3735 3515 3513
3 3735 3737 3515
3 3991 3737 3735
3 3991 3993 3737
3 4332 4239 7269
3 4239 3991 7269
3 4239 3993 3991
3 4239 4332 4479
3 4479 4332 4558
3 4479 4558 4721
3 4721 4558 4806
3 7270 4953 4806
3 4953 4721 4806
3 4953 4955 4721
3 5201 5318 7586
3 4955 5201 7586
3 4953 5201 4955
3 7274 5318 5201
3 7587 9611 9609
3 7587 9609 7583
3 7271 9609 7275
3 7275 9609 9611
3 942 7588 940
3 940 7588 7584
3 940 7272 7276
3 940 7276 942
3 3289 7589 7277
3 3289 7277 3287
3 3287 7273 3289
3 3289 7273 7585
3 5320 7590 5318
3 5318 7590 7586
3 5318 7274 5463
3 5552 5318 5463
3 5320 5318 5552
3 7278 5552 5463
3 7591 9613 9611
3 7591 9611 7587
3 7275 9611 7279
3 7279 9611 9613
3 866 7280 942
3 7280 7588 942
3 7280 7592 7588
3 942 7276 866
3 7277 7593 7281
3 7589 7593 7277
3 5322 7594 5320
3 5320 7594 7590
3 5320 5554 5322
3 5320 5552 5554
3 5552 7278 5695
3 5788 5552 5695
3 5554 5552 5788
3 7282 5788 5695
3 7595 9615 9613
3 7595 9613 7591
3 7279 9613 7283
3 7283 9613 9615
3 7596 7280 7284
3 7596 7592 7280
3 3063 7597 7285
3 3063 7285 3061
3 3061 7281 3063
3 3063 7281 7593
3 5322 5203 7594
3 5203 5322 5465
3 5465 5322 5554
3 5465 5554 5697
3 5697 5554 5788
3 6046 7598 5951
3 5951 7598 7282
3 7598 5697 7282
3 5697 5788 7282
3 7286 6046 5951
3 7599 9617 9615
3 7599 9615 7595
3 7283 9615 9732
3 9615 9829 9732
3 9615 9617 9829
3 9829 7287 9732
3 7600 7284 7288
3 7600 7596 7284
3 2691 7601 7289
3 2691 7289 2687
3 2867 2691 2687
3 2867 2869 2691
3 2867 7285 2869
3 2869 7285 7597
3 6046 5953 7598
3 6320 7602 6213
3 6213 7602 7286
3 7602 5953 7286
3 5953 6046 7286
3 7290 6320 6213
3 8239 7603 8323
3 8239 8323 8589
3 8239 8589 8507
3 8507 8589 8863
3 8507 8863 8773
3 8773 8863 9135
3 8773 9135 9043
3 9043 9135 9383
3 9043 9383 9295
3 9617 7599 9295
3 9383 9617 9295
3 9619 9617 9383
3 9733 9829 7291
3 9829 9619 7291
3 9829 9617 9619
3 7287 9829 9733
3 7288 867 7600
3 7600 867 869
3 7604 869 867
3 7604 867 7292
3 7289 7605 7293
3 7601 7605 7289
3 6320 6215 7602
3 6620 7606 6503
3 6503 7606 7290
3 7606 6215 7290
3 6215 6320 7290
3 7294 6620 6503
3 7661 7607 7295
3 7661 7295 7657
3 7949 7661 7657
3 7949 7953 7661
3 7603 7953 8323
3 7953 8235 8323
3 7953 7949 8235
3 8503 8589 8235
3 8235 8589 8323
3 8769 8863 8503
3 8503 8863 8589
3 9039 9135 8769
3 8769 9135 8863
3 9289 9383 9039
3 9039 9383 9135
3 9525 9619 9289
3 9289 9619 9383
3 7291 9619 9525
3 7292 1025 7604
3 7604 1025 1027
3 1191 1027 1025
3 1191 1193 1027
3 1347 1193 1191
3 1347 1349 1193
3 1499 1349 1347
3 1499 1501 1349
3 1683 1501 1499
3 1683 1685 1501
3 1873 1685 1683
3 1873 1875 1685
3 2069 1875 1873
3 2069 2071 1875
3 2241 2340 7608
3 2071 2241 7608
3 2069 2241 2071
3 2379 7609 2340
3 2241 2379 2340
3 2377 2379 2241
3 2521 2379 2377
3 2521 2525 2379
3 2521 7293 2525
3 2525 7293 7605
3 6620 6505 7606
3 7294 6797 6620
3 6797 6505 6620
3 6797 6799 6505
3 7063 6799 6797
3 7063 7065 6799
3 7347 7065 7063
3 7347 7351 7065
3 7347 7295 7351
3 7351 7295 7607
3 2340 2243 7608
3 2340 7609 2243
3 9545 9526 7468
3 9753 9734 9545
3 9545 9734 9526
3 9753 7469 9734
3 7766 7662 7470
3 7470 7662 7658
3 7662 7950 7658
3 7954 7950 7662
3 7954 7767 7950
3 7950 7767 7471
3 7768 9296 7472
3 7472 9296 9290
3 9528 9545 7468
3 9290 9528 7468
3 9296 9528 9290
3 9545 9528 9736
3 9545 9736 9753
3 9922 7469 9753
3 9736 9922 9753
3 9924 9922 9736
3 9924 7769 9922
3 9922 7769 7473
3 7770 7352 7474
3 7474 7352 7348
3 7470 7348 7352
3 7470 7352 7766
3 8236 7471 7767
3 8236 7767 8240
3 8240 8504 8236
3 8508 8504 8240
3 8508 8770 8504
3 8774 8770 8508
3 8774 9040 8770
3 9044 9040 8774
3 7472 9040 9044
3 7472 9044 7768
3 7771 10109 10094
3 7473 7771 10094
3 7769 7771 7473
3 10109 7475 10094
3 667 644 7476
3 667 7477 644
3 7772 7066 7088
3 7478 7088 7066
3 7770 7478 7066
3 7474 7478 7770
3 10096 10109 7771
3 7773 57 38
3 7773 38 7475
3 10096 7773 7475
3 10109 10096 7475
3 57 7479 38
3 527 506 7480
3 646 667 7476
3 646 7476 506
3 7774 646 506
3 527 7774 506
3 772 7477 667
3 646 772 667
3 774 772 646
3 957 920 7775
3 920 774 7775
3 920 772 774
3 957 7481 920
3 7088 7067 7772
3 7776 7067 7088
3 7478 7776 7088
3 7482 7776 7478
3 40 57 7773
3 7777 227 208
3 7777 208 7479
3 40 7777 7479
3 57 40 7479
3 377 356 227
3 227 356 208
3 508 527 7480
3 508 7480 356
3 7778 508 356
3 377 7778 356
3 7774 527 508
3 922 957 7775
3 7779 1127 1082
3 7779 1082 7481
3 922 7779 7481
3 957 922 7481
3 1127 7483 1082
3 7780 7482 7484
3 7780 7776 7482
3 210 227 7777
3 227 210 358
3 227 358 377
3 7778 377 358
3 1084 1127 7779
3 1242 7483 1127
3 1084 1242 1127
3 1244 1242 1084
3 1244 1398 1242
3 1400 1398 1244
3 1400 1556 1398
3 1558 1556 1400
3 1558 1728 1556
3 1730 1728 1558
3 1730 7781 1728
3 1728 7781 7485
3 7782 1876 1938
3 1938 1876 2122
3 2122 1876 2072
3 2122 2072 7486
3 2072 2242 7486
3 2072 2244 2242
3 2244 2378 2242
3 2380 2378 2244
3 7487 2378 2552
3 2378 2526 2552
3 2378 2380 2526
3 2526 7783 2552
3 7784 7484 7488
3 7784 7780 7484
3 1922 7485 7781
3 1922 7781 1924
3 1924 7785 1922
3 1922 7785 7489
3 1940 7786 1938
3 1938 7786 7782
3 2122 2070 7490
3 1940 2122 7490
3 1938 2122 1940
3 2122 7486 2070
3 2552 2522 7487
3 2552 7783 2522
3 7783 7491 2522
3 7783 7787 7491
3 7788 7488 7492
3 7788 7784 7488
3 7489 7789 7493
3 7785 7789 7489
3 1874 7494 1940
3 7494 7786 1940
3 7494 7790 7786
3 1940 7490 1874
3 2688 7491 7787
3 2688 7787 2692
3 2692 7791 2688
3 2688 7791 7495
3 7402 7792 7349
3 7792 7492 7349
3 7792 7788 7492
3 7496 7402 7349
3 7493 7793 7497
3 7789 7793 7493
3 7794 7494 7498
3 7794 7790 7494
3 2689 2728 7499
3 2689 7495 2728
3 7495 7795 2728
3 7495 7791 7795
3 7402 7353 7792
3 7796 7353 7402
3 7496 7796 7402
3 7500 7796 7496
3 7497 7797 7501
3 7793 7797 7497
3 7798 7498 7502
3 7798 7794 7498
3 2730 7503 7499
3 2730 7499 2728
3 2728 7795 2730
3 2730 7795 7799
3 7500 7659 7796
3 7796 7659 7663
3 7800 7663 7659
3 7800 7659 7504
3 7501 7801 7505
3 7797 7801 7501
3 7802 1686 1752
3 7506 1752 1686
3 7798 7506 1686
3 7502 7506 7798
3 2523 2562 7507
3 2730 2693 7503
3 7503 2693 2523
3 2693 7803 2523
3 7803 2562 2523
3 2730 7799 2693
3 7955 7800 7997
3 7800 7508 7997
3 7800 7504 7508
3 7804 7955 7997
3 7505 7805 7509
3 7801 7805 7505
3 1684 7510 1752
3 7510 7802 1752
3 7510 7806 7802
3 1752 7506 1684
3 2564 7511 7507
3 2564 7507 2562
3 2562 7803 2564
3 2564 7803 7807
3 7951 7997 7508
3 7804 7997 7951
3 7512 7804 7951
3 7808 7804 7512
3 7509 7809 7513
3 7805 7809 7509
3 7810 7510 7514
3 7810 7806 7510
3 2564 2524 7511
3 2564 7807 2524
3 7807 7515 2524
3 7807 7811 7515
3 8241 7808 8277
3 7808 7516 8277
3 7808 7512 7516
3 7812 8241 8277
3 7513 7813 7517
3 7809 7813 7513
3 7814 7514 7518
3 7814 7810 7514
3 7515 7815 7519
3 7811 7815 7515
3 8237 8277 7516
3 8509 7812 8545
3 8545 7812 7520
3 7812 8277 7520
3 8277 8237 7520
3 7816 8509 8545
3 7517 7817 7521
3 7813 7817 7517
3 7818 7518 7522
3 7818 7814 7518
3 7815 2694 2740
3 7523 7815 2740
3 7519 7815 7523
3 2694 7819 2740
3 8505 8545 7520
3 7816 8545 8505
3 7524 7816 8505
3 7820 7816 7524
3 7521 7821 7525
3 7817 7821 7521
3 7822 7522 7526
3 7822 7818 7522
3 2740 2690 7523
3 7819 2870 2920
3 7819 2920 7527
3 2740 7819 7527
3 2690 2740 7527
3 2920 2870 3114
3 3114 2870 3064
3 3114 3064 3338
3 3338 3064 3290
3 3290 7823 3338
3 8775 7820 8823
3 7820 7528 8823
3 7820 7524 7528
3 7824 8775 8823
3 2110 7525 7821
3 2110 7821 2112
3 2112 7825 2110
3 2110 7825 7529
3 7826 7526 7530
3 7826 7822 7526
3 2920 2868 7527
3 3114 3062 2868
3 3114 2868 2920
3 3340 7531 3062
3 3114 3340 3062
3 3338 3340 3114
3 3516 3568 7823
3 3568 3338 7823
3 3568 3340 3338
3 3568 3516 7532
3 3516 3736 7532
3 3516 3738 3736
3 3738 3992 3736
3 3994 3992 3738
3 3994 4238 3992
3 4240 4238 3994
3 4240 7827 4238
3 4238 7827 7533
3 8771 8823 7528
3 8823 8771 7824
3 8771 9045 7824
3 8771 9041 9045
3 7828 9045 9041
3 7828 9041 7534
3 7529 7829 7535
3 7825 7829 7529
3 7830 7530 7536
3 7830 7826 7530
3 3340 3288 7531
3 3568 3514 3288
3 3568 3288 3340
3 3568 7532 3514
3 4478 7533 7827
3 4478 7827 4480
3 4480 7831 4478
3 4478 7831 7537
3 9297 7828 9345
3 7828 7538 9345
3 7828 7534 7538
3 7832 9297 9345
3 2113 7833 2205
3 2205 7539 2113
3 7539 7829 2113
3 7539 7535 7829
3 7834 7536 7540
3 7834 7830 7536
3 4720 7537 7831
3 4720 7831 4722
3 4722 7835 4720
3 4720 7835 7541
3 9291 9345 7538
3 9529 7832 9583
3 9583 7832 7542
3 7832 9345 7542
3 9345 9291 7542
3 7836 9529 9583
3 7543 2111 2205
3 7833 7543 2205
3 7837 7543 7833
3 7539 2205 2111
3 7838 7540 7544
3 7838 7834 7540
3 7839 5013 4954
3 7541 7839 4954
3 7835 7839 7541
3 5013 7545 4954
3 7546 9585 7542
3 7542 9585 9583
3 7836 9583 9585
3 7836 9585 7840
3 7543 7841 7547
3 7837 7841 7543
3 7842 7544 7548
3 7842 7838 7544
3 4956 5013 7839
3 5202 7545 5013
3 4956 5202 5013
3 5204 5202 4956
3 5521 5464 7843
3 5464 5204 7843
3 5464 5202 5204
3 5521 7549 5464
3 9351 9292 7550
3 9530 9585 7546
3 9530 7546 9292
3 7844 9530 9292
3 9351 7844 9292
3 7840 9585 9530
3 1925 7845 7551
3 1925 7551 1923
3 1923 7547 1925
3 1925 7547 7841
3 7846 7548 7552
3 7846 7842 7548
3 5466 5521 7843
3 5696 7549 5521
3 5466 5696 5521
3 5698 5696 5466
3 5698 7847 5696
3 5696 7847 7553
3 7554 9353 7550
3 7550 9353 9351
3 7844 9351 9353
3 7844 9353 7848
3 1245 7849 7555
3 1245 7555 1243
3 1399 1245 1243
3 1399 1401 1245
3 7850 1401 1399
3 7850 1399 7556
3 1731 7851 7557
3 1731 7557 1729
3 1729 7551 1731
3 1731 7551 7845
3 7852 7552 7558
3 7852 7846 7552
3 7553 7853 7559
3 7847 7853 7553
3 9293 9353 7554
3 7848 9353 9293
3 7560 7848 9293
3 7854 7848 7560
3 10097 7855 10151
3 7856 10097 10151
3 923 7857 7561
3 923 7561 921
3 1083 923 921
3 1083 1085 923
3 1083 7555 1085
3 1085 7555 7849
3 7556 1557 7850
3 7850 1557 1559
3 1557 7557 1559
3 1559 7557 7851
3 1597 1500 7562
3 7558 1500 1597
3 7858 7558 1597
3 7852 7558 7858
3 5952 7559 7853
3 5952 7853 5954
3 5954 7859 5952
3 5952 7859 7563
3 9531 7854 9595
3 7854 7564 9595
3 7854 7560 7564
3 9531 9595 9803
3 9531 9803 9737
3 9737 9803 9985
3 9737 9985 9925
3 10151 7855 9925
3 10151 9925 9985
3 10095 10151 9985
3 7565 10095 9985
3 10151 10095 7856
3 10095 41 7856
3 10095 39 41
3 209 41 39
3 209 211 41
3 7860 211 209
3 7860 209 7566
3 775 7861 7567
3 775 7567 773
3 773 7561 775
3 775 7561 7857
3 1597 7562 1502
3 7562 7862 1502
3 7562 7568 7862
3 7858 1597 1502
3 7563 7863 7569
3 7859 7863 7563
3 9527 9595 7564
3 9735 9803 9527
3 9527 9803 9595
3 9923 9985 9735
3 9735 9985 9803
3 7565 9985 9923
3 7566 357 7860
3 7860 357 359
3 507 359 357
3 507 509 359
3 645 509 507
3 645 647 509
3 645 7567 647
3 647 7567 7861
3 7864 1350 1414
3 7570 1414 1350
3 7862 7570 1350
3 7568 7570 7862
3 7865 6297 6214
3 7569 7865 6214
3 7863 7865 7569
3 6297 7571 6214
3 7866 1194 1258
3 7864 1414 1194
3 1194 1414 1258
3 1414 1348 1258
3 1348 7572 1258
3 1414 7570 1348
3 6216 6297 7865
3 7867 6595 6504
3 7867 6504 7571
3 6216 7867 7571
3 6297 6216 7571
3 6595 7573 6504
3 7868 1028 1102
3 7866 1258 1028
3 1028 1258 1102
3 1258 1192 1102
3 1192 7574 1102
3 1258 7572 1192
3 6506 6595 7867
3 6798 7573 6595
3 6506 6798 6595
3 6800 6798 6506
3 7139 7064 7869
3 7064 6800 7869
3 7064 6798 6800
3 7139 7575 7064
3 7870 870 7576
3 7576 870 868
3 870 7868 1102
3 1026 870 1102
3 868 870 1026
3 1102 7574 1026
3 7068 7139 7869
3 7577 7575 7139
3 7354 7577 7139
3 7068 7354 7139
3 7450 7577 7354
3 7354 7871 7450
3 8849 8772 7578
3 9121 9042 8849
3 8849 9042 8772
3 9121 7579 9042
3 7872 728 788
3 7580 788 728
3 7870 7580 728
3 7576 7580 7870
3 7450 7350 7577
3 7350 7450 7871
3 7664 7350 7871
3 7660 7350 7664
3 7664 7952 7660
3 7956 7952 7664
3 7956 8238 7952
3 8242 8238 7956
3 8242 8506 8238
3 8510 8506 8242
3 8776 8849 7578
3 8506 8776 7578
3 8510 8776 8506
3 8849 8776 9046
3 8849 9046 9121
3 7873 9371 9294
3 7873 9294 7579
3 9046 7873 7579
3 9121 9046 7579
3 9371 7581 9294
3 790 7874 788
3 788 7874 7872
3 788 7580 7582
3 788 7582 790
3 3291 7875 3377
3 3291 3377 3601
3 3291 3601 3517
3 3517 3601 3835
3 3517 3835 3739
3 3739 3835 4087
3 3739 4087 3995
3 7876 3995 4087
3 7877 9373 9371
3 7877 9371 7873
3 7581 9371 7583
3 7583 9371 9373
3 792 7878 790
3 790 7878 7874
3 790 7582 7584
3 790 7584 792
3 3065 7879 3155
3 3377 7875 3065
3 3155 3377 3065
3 3379 3377 3155
3 3515 3601 7585
3 3601 3379 7585
3 3601 3377 3379
3 3737 3835 3515
3 3515 3835 3601
3 3993 4087 3737
3 3737 4087 3835
3 4087 3993 7876
3 3993 4241 7876
3 3993 4239 4241
3 4479 4241 4239
3 4479 4481 4241
3 4721 4810 7880
3 4481 4721 7880
3 4479 4721 4481
3 4955 5048 4810
3 4955 4810 4721
3 7586 5048 4955
3 7881 9375 9373
3 7881 9373 7877
3 7583 9373 7587
3 7587 9373 9375
3 794 7882 792
3 792 7882 7878
3 792 7584 7588
3 792 7588 794
3 7883 3157 3155
3 7883 3155 7879
3 3289 3379 7589
3 3379 3157 7589
3 3379 3155 3157
3 7585 3379 3289
3 4810 4723 7880
3 4723 4810 7884
3 4810 5050 7884
3 4810 5048 5050
3 5048 7586 7590
3 5048 7590 5050
3 8777 7885 8857
3 8777 8857 9129
3 8777 9129 9047
3 9375 7881 9047
3 9129 9375 9047
3 9377 9375 9129
3 7587 9375 7591
3 7591 9375 9377
3 796 7886 794
3 794 7886 7882
3 794 7588 7592
3 794 7592 796
3 7887 3159 3157
3 7887 3157 7883
3 7589 3157 7593
3 7593 3157 3159
3 5050 4957 7884
3 7888 4957 5050
3 7590 7888 5050
3 7594 7888 7590
3 8511 7889 8585
3 8857 7885 8511
3 8585 8857 8511
3 8859 8857 8585
3 9131 8857 8859
3 9129 8857 9131
3 9379 9129 9131
3 9377 9129 9379
3 7591 9377 7595
3 7595 9377 9379
3 796 729 7886
3 7890 729 796
3 7592 7890 796
3 7596 7890 7592
3 2871 7891 2961
3 3159 7887 2871
3 3159 2871 2961
3 3063 3159 2961
3 7597 3063 2961
3 7593 3159 3063
3 5324 7892 5203
3 7892 7594 5203
3 7892 7888 7594
3 5465 5556 5324
3 5465 5324 5203
3 5697 5790 5556
3 5697 5556 5465
3 7598 5790 5697
3 8243 7893 8321
3 8585 7889 8243
3 8321 8585 8243
3 8587 8585 8321
3 8861 8585 8587
3 8859 8585 8861
3 9133 8859 8861
3 9131 8859 9133
3 9381 9131 9133
3 9379 9131 9381
3 7595 9379 7599
3 7599 9379 9381
3 7894 7596 7600
3 7894 7890 7596
3 2695 7895 7601
3 2695 7601 2691
3 7891 2695 2961
3 2695 2869 2961
3 2695 2691 2869
3 7597 2961 2869
3 5324 5205 7892
3 5205 5324 5467
3 5467 5324 5556
3 5467 5556 5699
3 5699 5556 5790
3 6048 7896 5953
3 5953 7896 7598
3 7896 5699 7598
3 5699 5790 7598
3 7602 6048 5953
3 7603 8239 8321
3 7893 7603 8321
3 7897 7603 7893
3 8507 8587 8239
3 8239 8587 8321
3 8773 8861 8507
3 8507 8861 8587
3 9043 9133 8773
3 8773 9133 8861
3 9295 9381 9043
3 9043 9381 9133
3 7599 9381 9295
3 7600 869 7894
3 7894 869 871
3 7898 871 869
3 7898 869 7604
3 2527 7899 2615
3 2615 7605 2527
3 7605 7895 2527
3 7605 7601 7895
3 6048 5955 7896
3 7602 6215 6048
3 6215 5955 6048
3 6215 6217 5955
3 7900 6217 6215
3 7900 6215 7606
3 7661 7764 7607
3 7957 7901 7764
3 7661 7957 7764
3 7953 7957 7661
3 7953 7603 7957
3 7957 7603 7897
3 7604 1027 7898
3 7898 1027 1029
3 1193 1029 1027
3 1193 1195 1029
3 1349 1195 1193
3 1349 1351 1195
3 1501 1351 1349
3 1501 1503 1351
3 1685 1503 1501
3 1685 1687 1503
3 1875 1687 1685
3 1875 1877 1687
3 2071 1877 1875
3 2071 2073 1877
3 2071 7608 2341
3 2245 2071 2341
3 2073 2071 2245
3 2245 2341 7609
3 2379 2245 7609
3 2381 2245 2379
3 7899 2381 2615
3 2381 2525 2615
3 2381 2379 2525
3 7605 2615 2525
3 7606 6505 7900
3 7900 6505 6507
3 6799 6507 6505
3 6799 6801 6507
3 7065 6801 6799
3 7065 7069 6801
3 7351 7069 7065
3 7351 7355 7069
3 7764 7665 7607
3 7665 7351 7607
3 7665 7355 7351
3 7764 7901 7665
3 2243 2341 7608
3 7609 2341 2243
3 8050 7666 7766
3 7766 7666 7662
3 7666 7954 7662
3 7958 7954 7666
3 7958 8051 7954
3 7954 8051 7767
3 9311 9296 7768
3 9547 9528 9311
3 9311 9528 9296
3 9755 9736 9547
3 9547 9736 9528
3 9939 9924 9755
3 9755 9924 9736
3 9939 7769 9924
3 8052 7356 7770
3 7770 7356 7352
3 7766 7352 7356
3 7766 7356 8050
3 8240 7767 8051
3 8240 8051 8244
3 8244 8508 8240
3 8512 8508 8244
3 8795 8774 8053
3 8774 8512 8053
3 8774 8508 8512
3 9065 9044 8795
3 8795 9044 8774
3 9298 9311 7768
3 9298 7768 9044
3 8054 9298 9044
3 9065 8054 9044
3 9311 9298 9532
3 9311 9532 9547
3 9547 9532 9738
3 9547 9738 9755
3 9755 9738 8055
3 9941 9755 8055
3 9939 9755 9941
3 7769 9939 7771
3 7771 9939 9941
3 7089 7066 7772
3 7770 7066 7089
3 8056 7770 7089
3 8052 7770 8056
3 8778 8795 8053
3 8795 8778 9048
3 8795 9048 9065
3 8054 9065 9048
3 9926 9941 8055
3 8057 10111 10096
3 8057 10096 7771
3 9926 8057 7771
3 9941 9926 7771
3 10111 7773 10096
3 669 646 7774
3 799 774 669
3 669 774 646
3 799 7775 774
3 7067 7089 7772
3 8056 7089 7067
3 7776 8056 7067
3 8058 8056 7776
3 8059 10113 10111
3 8059 10111 8057
3 7773 10111 40
3 10111 59 40
3 10111 10113 59
3 59 7777 40
3 529 508 7778
3 508 529 7774
3 529 669 7774
3 529 671 669
3 801 669 671
3 799 669 801
3 7775 799 922
3 799 959 922
3 799 801 959
3 959 7779 922
3 8060 1878 1936
3 1936 1878 2120
3 2120 1878 2074
3 2120 2074 2268
3 2268 2074 2246
3 2268 2246 2402
3 2402 2246 2382
3 2402 2382 2550
3 2550 2382 2528
3 2528 8061 2550
3 8062 7776 7780
3 8062 8058 7776
3 10098 10113 8059
3 10113 10098 42
3 10113 42 59
3 8063 229 210
3 8063 210 7777
3 42 8063 7777
3 59 42 7777
3 379 358 229
3 229 358 210
3 358 379 7778
3 379 529 7778
3 379 531 529
3 531 8064 648
3 671 531 648
3 529 531 671
3 671 648 8065
3 803 671 8065
3 801 671 803
3 961 801 803
3 959 801 961
3 7779 959 1084
3 959 1129 1084
3 959 961 1129
3 8066 1246 1129
3 1246 1084 1129
3 1246 1244 1084
3 1246 1400 1244
3 1402 1400 1246
3 1402 1558 1400
3 1560 1558 1402
3 1560 1730 1558
3 1732 1730 1560
3 1732 8067 1730
3 1730 8067 7781
3 8068 1688 1742
3 8060 1936 1688
3 1688 1936 1742
3 1936 1876 1742
3 1876 7782 1742
3 2120 2072 1876
3 2120 1876 1936
3 2268 2244 2072
3 2268 2072 2120
3 2402 2380 2244
3 2402 2244 2268
3 2550 2526 2380
3 2550 2380 2402
3 8061 2696 2722
3 8061 2722 7783
3 2550 8061 7783
3 2526 2550 7783
3 2696 8069 2722
3 8070 7780 7784
3 8070 8062 7780
3 212 229 8063
3 229 212 360
3 229 360 379
3 379 360 510
3 379 510 531
3 8064 531 510
3 776 803 8065
3 803 776 924
3 803 924 961
3 961 924 1086
3 961 1086 1129
3 8066 1129 1086
3 1924 7781 8067
3 1924 8067 1926
3 1926 8071 1924
3 1924 8071 7785
3 1744 8072 1742
3 1742 8072 8068
3 1742 7782 7786
3 1742 7786 1744
3 2724 7787 7783
3 2724 7783 2722
3 2722 8069 2724
3 2724 8069 8073
3 8074 7784 7788
3 8074 8070 7784
3 7785 8075 7789
3 8071 8075 7785
3 1746 8076 1744
3 1744 8076 8072
3 1744 7786 7790
3 1744 7790 1746
3 2724 2692 7787
3 2724 8073 2692
3 8073 7791 2692
3 8073 8077 7791
3 8078 7788 7792
3 8078 8074 7788
3 8075 2114 2188
3 7793 8075 2188
3 7789 8075 7793
3 2114 8079 2188
3 1748 8080 1746
3 1746 8080 8076
3 1746 7790 7794
3 1746 7794 1748
3 8077 2872 2906
3 7795 8077 2906
3 7791 8077 7795
3 2872 8081 2906
3 7792 7353 8078
3 8078 7353 7357
3 8082 7357 7353
3 8082 7353 7796
3 2190 7797 7793
3 2190 7793 2188
3 2188 8079 2190
3 2190 8079 8083
3 1750 8084 1748
3 1748 8084 8080
3 1748 7794 7798
3 1748 7798 1750
3 2908 7799 7795
3 2908 7795 2906
3 3066 3102 8081
3 3102 2906 8081
3 3102 2908 2906
3 3102 3066 3326
3 3326 3066 3292
3 3326 3292 3554
3 3554 3292 3518
3 3518 8085 3554
3 7796 7663 8082
3 8082 7663 7667
3 7663 7800 7995
3 7959 7663 7995
3 7667 7663 7959
3 8086 7959 7995
3 7797 2190 2115
3 8087 7797 2115
3 7801 7797 8087
3 2190 8083 2115
3 1686 7802 1750
3 7802 8084 1750
3 7802 8088 8084
3 1750 7798 1686
3 2693 2732 7803
3 2732 2693 7799
3 2908 2732 7799
3 2910 2732 2908
3 2908 3104 2910
3 2908 3102 3104
3 3102 3328 3104
3 3102 3326 3328
3 3326 3556 3328
3 3326 3554 3556
3 3554 8085 3556
3 3556 8085 8089
3 7955 7995 7800
3 8245 8086 8273
3 8273 8086 7804
3 8086 7995 7804
3 7995 7955 7804
3 8090 8245 8273
3 7801 8091 7805
3 8087 8091 7801
3 8092 7802 7806
3 8092 8088 7802
3 2734 7807 7803
3 2734 7803 2732
3 2732 2912 2734
3 2732 2910 2912
3 8093 2912 3067
3 2912 3104 3067
3 2912 2910 3104
3 3067 3104 8094
3 3104 3330 8094
3 3104 3328 3330
3 8095 3330 3519
3 3330 3556 3519
3 3330 3328 3556
3 3556 8089 3519
3 7808 8275 7804
3 7804 8275 8273
3 8541 8513 8090
3 8273 8541 8090
3 8275 8541 8273
3 8096 8513 8541
3 7805 8097 7809
3 8091 8097 7805
3 8098 7806 7810
3 8098 8092 7806
3 2736 7811 7807
3 2736 7807 2734
3 8099 2736 2873
3 2736 2912 2873
3 2736 2734 2912
3 2912 8093 2873
3 3330 3293 8094
3 3330 8095 3293
3 8241 8275 7808
3 7812 8543 8241
3 8543 8275 8241
3 8543 8541 8275
3 8096 8541 8543
3 8096 8543 8100
3 7809 8101 7813
3 8097 8101 7809
3 8102 7810 7814
3 8102 8098 7810
3 2738 7815 7811
3 2738 7811 2736
3 2736 8099 2738
3 2738 8099 8103
3 8509 8543 7812
3 8100 8543 8509
3 7816 8100 8509
3 8104 8100 7816
3 7813 8105 7817
3 8101 8105 7813
3 8106 7814 7818
3 8106 8102 7814
3 2738 2694 7815
3 8103 2874 2918
3 8103 2918 7819
3 2738 8103 7819
3 2694 2738 7819
3 2918 2874 3112
3 3112 2874 3068
3 3112 3068 3336
3 3336 3068 3294
3 3294 8107 3336
3 8779 8104 8821
3 8104 7820 8821
3 8104 7816 7820
3 8108 8779 8821
3 7817 8109 7821
3 8105 8109 7817
3 8110 7818 7822
3 8110 8106 7818
3 2918 2870 7819
3 3112 3064 2870
3 3112 2870 2918
3 3336 3290 3064
3 3336 3064 3112
3 3336 8107 3290
3 8107 7823 3290
3 8107 8111 7823
3 8775 8821 7820
3 8108 8821 8775
3 7824 8108 8775
3 8112 8108 7824
3 8113 2199 2112
3 7821 8113 2112
3 8109 8113 7821
3 2199 7825 2112
3 8114 7822 7826
3 8114 8110 7822
3 3516 7823 8111
3 3516 8111 3520
3 3520 3738 3516
3 3740 3738 3520
3 3740 3994 3738
3 3996 3994 3740
3 3996 4240 3994
3 4242 4240 3996
3 7827 4240 4524
3 4240 4482 4524
3 4240 4242 4482
3 4482 8115 4524
3 7824 9045 8112
3 8112 9045 9049
3 9045 7828 9343
3 9299 9045 9343
3 9049 9045 9299
3 8116 9299 9343
3 8117 2203 2199
3 8117 2199 8113
3 7825 2199 7829
3 7829 2199 2203
3 8118 7826 7830
3 8118 8114 7826
3 4524 4480 7827
3 8115 4724 4774
3 8115 4774 7831
3 4524 8115 7831
3 4480 4524 7831
3 4724 8119 4774
3 9297 9343 7828
3 9533 8116 9581
3 9581 8116 7832
3 8116 9343 7832
3 9343 9297 7832
3 9533 9581 9789
3 9533 9789 9739
3 8120 9739 9789
3 1927 8121 2035
3 2203 8117 1927
3 2203 1927 2035
3 2113 2203 2035
3 7833 2113 2035
3 7829 2203 2113
3 8122 7830 7834
3 8122 8118 7830
3 4774 4722 7831
3 4774 8119 4722
3 8119 7835 4722
3 8119 8123 7835
3 9529 9581 7832
3 7836 9791 9529
3 9791 9581 9529
3 9791 9789 9581
3 8120 9789 9791
3 8120 9791 8124
3 8125 2037 2035
3 8125 2035 8121
3 7833 2035 7837
3 7837 2035 2037
3 8126 7834 7838
3 8126 8122 7834
3 7835 8127 7839
3 8123 8127 7835
3 7840 9793 7836
3 7836 9793 9791
3 9977 9927 8124
3 9791 9977 8124
3 9793 9977 9791
3 8128 9927 9977
3 8129 2039 2037
3 8129 2037 8125
3 7837 2037 7841
3 7841 2037 2039
3 8130 7838 7842
3 8130 8126 7838
3 4956 7839 8127
3 4956 8127 4958
3 4958 5204 4956
3 5206 5204 4958
3 5206 8131 5204
3 5204 8131 7843
3 9587 9530 7844
3 9530 9587 7840
3 9587 9793 7840
3 9587 9795 9793
3 9979 9793 9795
3 9977 9793 9979
3 10147 10099 8128
3 9977 10147 8128
3 9979 10147 9977
3 10099 10147 93
3 10099 93 43
3 8132 43 93
3 1733 8133 1843
3 2039 8129 1733
3 2039 1733 1843
3 1925 2039 1843
3 7845 1925 1843
3 7841 2039 1925
3 8134 7842 7846
3 8134 8130 7842
3 5466 7843 8131
3 5466 8131 5468
3 5468 5698 5466
3 5700 5698 5468
3 5700 8135 5698
3 5698 8135 7847
3 7848 9589 7844
3 7844 9589 9587
3 9797 9587 9589
3 9795 9587 9797
3 9981 9795 9797
3 9979 9795 9981
3 10149 9979 9981
3 10147 9979 10149
3 95 10147 10149
3 93 10147 95
3 8132 93 95
3 8132 95 8136
3 1087 8137 1165
3 1087 1165 7849
3 1245 1087 7849
3 1247 1087 1245
3 1401 1247 1245
3 1401 1403 1247
3 1401 7850 1665
3 1561 1401 1665
3 1403 1401 1561
3 1843 8133 1561
3 1843 1561 1665
3 1731 1843 1665
3 7851 1731 1665
3 7845 1843 1731
3 8138 7846 7852
3 8138 8134 7846
3 7847 8139 7853
3 8135 8139 7847
3 7854 9591 7848
3 7848 9591 9589
3 9799 9589 9591
3 9797 9589 9799
3 9983 9797 9799
3 9981 9797 9983
3 10097 10149 7855
3 10149 9983 7855
3 10149 9981 9983
3 7856 97 10097
3 97 10149 10097
3 97 95 10149
3 8136 95 97
3 8136 97 8140
3 925 8141 7857
3 925 7857 923
3 8137 925 1165
3 925 1085 1165
3 925 923 1085
3 7849 1165 1085
3 1559 1665 7850
3 7851 1665 1559
3 8142 7852 7858
3 8142 8138 7852
3 5954 7853 8139
3 5954 8139 5956
3 5956 8143 5954
3 5954 8143 7859
3 9531 9591 7854
3 9737 9799 9531
3 9531 9799 9591
3 9925 9983 9737
3 9737 9983 9799
3 7855 9983 9925
3 41 97 7856
3 97 41 8140
3 41 213 8140
3 41 211 213
3 8144 213 211
3 8144 211 7860
3 777 8145 7861
3 777 7861 775
3 775 7857 777
3 777 7857 8141
3 8146 1504 7862
3 7862 1504 1502
3 7858 1502 1504
3 7858 1504 8142
3 7859 8147 7863
3 8143 8147 7859
3 7860 359 8144
3 8144 359 361
3 509 361 359
3 509 511 361
3 647 511 509
3 647 649 511
3 647 7861 649
3 649 7861 8145
3 8148 1196 1256
3 1256 1196 7864
3 1196 1350 7864
3 1196 1352 1350
3 7862 1350 1352
3 7862 1352 8146
3 7863 8149 7865
3 8147 8149 7863
3 8150 1030 1100
3 8148 1256 1030
3 1030 1256 1100
3 1256 1194 1100
3 1194 7866 1100
3 1256 7864 1194
3 8151 6301 6216
3 7865 8151 6216
3 8149 8151 7865
3 6301 7867 6216
3 1028 7868 1100
3 7868 8150 1100
3 7868 8152 8150
3 1100 7866 1028
3 6218 6301 8151
3 6506 7867 6301
3 6218 6506 6301
3 6508 6506 6218
3 6508 6800 6506
3 6802 6800 6508
3 7869 6800 7140
3 6800 7070 7140
3 6800 6802 7070
3 7070 8153 7140
3 8154 872 7870
3 7870 872 870
3 7868 870 872
3 7868 872 8152
3 7140 7068 7869
3 7068 7140 8153
3 7358 7068 8153
3 7354 7068 7358
3 7871 7354 7744
3 7354 7668 7744
3 7354 7358 7668
3 7668 8155 7744
3 8156 602 658
3 658 602 7872
3 602 728 7872
3 602 730 728
3 7870 728 730
3 7870 730 8154
3 3295 8157 3375
3 3295 3375 3599
3 3295 3599 3521
3 3521 3599 3833
3 3521 3833 3741
3 3741 3833 4083
3 3741 4083 3997
3 8158 3997 4083
3 7744 7664 7871
3 7664 7744 8155
3 7960 7664 8155
3 7956 7664 7960
3 8311 8242 8159
3 8242 7960 8159
3 8242 7956 7960
3 8577 8510 8311
3 8311 8510 8242
3 8851 8776 8577
3 8577 8776 8510
3 9123 9046 8851
3 8851 9046 8776
3 9123 7873 9046
3 660 8160 658
3 658 8160 8156
3 658 7872 7874
3 658 7874 660
3 3069 8161 3153
3 3375 8157 3069
3 3375 3069 3153
3 3291 3375 3153
3 7875 3291 3153
3 3517 3599 3291
3 3291 3599 3375
3 3739 3833 3517
3 3517 3833 3599
3 3995 4083 3739
3 3739 4083 3833
3 4243 8158 4333
3 4333 8158 7876
3 8158 4083 7876
3 4083 3995 7876
3 8162 4243 4333
3 8246 8311 8159
3 8311 8246 8163
3 8579 8311 8163
3 8577 8311 8579
3 8853 8577 8579
3 8851 8577 8853
3 9125 8851 8853
3 9123 8851 9125
3 7873 9123 7877
3 7877 9123 9125
3 662 8164 660
3 660 8164 8160
3 660 7874 7878
3 660 7878 662
3 2875 8165 2955
3 3153 8161 2875
3 3153 2875 2955
3 3065 3153 2955
3 7879 3065 2955
3 7875 3153 3065
3 4241 4333 7876
3 4333 4241 8162
3 4241 4483 8162
3 4241 4481 4483
3 8166 4483 4481
3 8166 4481 7880
3 8167 8581 8579
3 8167 8579 8163
3 8855 8579 8581
3 8853 8579 8855
3 9127 8853 8855
3 9125 8853 9127
3 7877 9125 7881
3 7881 9125 9127
3 664 8168 662
3 662 8168 8164
3 662 7878 7882
3 662 7882 664
3 2529 8169 2607
3 2529 2607 2777
3 2529 2777 2697
3 2955 8165 2697
3 2777 2955 2697
3 2957 2955 2777
3 7879 2955 7883
3 7883 2955 2957
3 7880 4723 8166
3 8166 4723 4725
3 8170 4725 4723
3 8170 4723 7884
3 8171 8583 8581
3 8171 8581 8167
3 8777 8855 7885
3 8855 8583 7885
3 8855 8581 8583
3 9047 9127 8777
3 8777 9127 8855
3 7881 9127 9047
3 664 603 8168
3 8172 603 664
3 7882 8172 664
3 7886 8172 7882
3 8173 2609 2607
3 8173 2607 8169
3 2779 2607 2609
3 2777 2607 2779
3 2959 2777 2779
3 2957 2777 2959
3 7883 2957 7887
3 7887 2957 2959
3 5054 8174 4957
3 8174 7884 4957
3 8174 8170 7884
3 7888 5054 4957
3 8247 8175 8319
3 8583 8171 8247
3 8583 8247 8319
3 8511 8583 8319
3 7889 8511 8319
3 7885 8583 8511
3 7886 729 8172
3 8172 729 731
3 8176 731 729
3 8176 729 7890
3 8177 2611 2609
3 8177 2609 8173
3 2781 2609 2611
3 2779 2609 2781
3 2871 2959 7891
3 2959 2781 7891
3 2959 2779 2781
3 7887 2959 2871
3 5054 4959 8174
3 8178 4959 5054
3 7888 8178 5054
3 7892 8178 7888
3 7893 8243 8319
3 8175 7893 8319
3 8179 7893 8175
3 7889 8319 8243
3 873 8176 951
3 8176 7894 951
3 8176 7890 7894
3 8180 873 951
3 8181 2613 2611
3 8181 2611 8177
3 2695 2781 7895
3 2781 2613 7895
3 2781 2611 2613
3 7891 2781 2695
3 7892 5205 8178
3 8178 5205 5207
3 5467 5207 5205
3 5467 5469 5207
3 5699 5469 5467
3 5699 5701 5469
3 5699 7896 6049
3 5957 5699 6049
3 5701 5699 5957
3 8182 5957 6049
3 7893 8183 7897
3 8179 8183 7893
3 871 951 7894
3 1031 8180 1123
3 1123 8180 7898
3 8180 951 7898
3 951 871 7898
3 1031 1123 1279
3 1031 1279 1197
3 1197 1279 1437
3 1197 1437 1353
3 8184 1353 1437
3 1689 8185 1805
3 1689 1805 2001
3 1689 2001 1879
3 1879 2001 2185
3 1879 2185 2075
3 2075 2185 2335
3 2075 2335 2247
3 2247 2335 2467
3 2247 2467 2383
3 2613 8181 2383
3 2613 2383 2467
3 2527 2613 2467
3 7899 2527 2467
3 7895 2613 2527
3 5955 6049 7896
3 6049 5955 8182
3 5955 6219 8182
3 5955 6217 6219
3 6217 7900 6621
3 6509 6217 6621
3 6219 6217 6509
3 6509 6621 6887
3 6509 6887 6803
3 6803 6887 7161
3 6803 7161 7071
3 8186 7071 7161
3 7961 8187 7901
3 7961 7901 7957
3 7957 7897 7961
3 7961 7897 8183
3 1029 1123 7898
3 1195 1279 1029
3 1029 1279 1123
3 1351 1437 1195
3 1195 1437 1279
3 1437 1351 8184
3 1351 1505 8184
3 1351 1503 1505
3 8185 1505 1805
3 1505 1687 1805
3 1505 1503 1687
3 1877 2001 1687
3 1687 2001 1805
3 2073 2185 1877
3 1877 2185 2001
3 2245 2335 2073
3 2073 2335 2185
3 2381 2467 2245
3 2245 2467 2335
3 7899 2467 2381
3 6507 6621 7900
3 6801 6887 6507
3 6507 6887 6621
3 7069 7161 6801
3 6801 7161 6887
3 7161 7069 8186
3 7069 7359 8186
3 7069 7355 7359
3 7665 7359 7355
3 7665 7669 7359
3 7665 7901 7669
3 7669 7901 8187
3 7685 7666 8050
3 7977 7958 7685
3 7685 7958 7666
3 7977 8051 7958
3 7379 7356 8052
3 7670 7685 8050
3 7670 8050 7356
3 8324 7670 7356
3 7379 8324 7356
3 7685 7670 7962
3 7685 7962 7977
3 8244 8051 7977
3 7962 8244 7977
3 8248 8244 7962
3 8521 8512 8325
3 8512 8248 8325
3 8512 8244 8248
3 8521 8053 8512
3 9313 9298 8054
3 9549 9532 9313
3 9313 9532 9298
3 9757 9738 9549
3 9549 9738 9532
3 9757 8055 9738
3 7379 8052 7360
3 8052 8326 7360
3 8052 8056 8326
3 8324 7379 7360
3 8514 8521 8325
3 8778 8053 8521
3 8514 8778 8521
3 8780 8778 8514
3 8780 9048 8778
3 9050 9048 8780
3 9300 9313 8054
3 9048 9300 8054
3 9050 9300 9048
3 9313 9300 9534
3 9313 9534 9549
3 9549 9534 9740
3 9549 9740 9757
3 8327 9943 9926
3 8327 9926 8055
3 9740 8327 8055
3 9757 9740 8055
3 9943 8057 9926
3 8328 8056 8058
3 8328 8326 8056
3 9928 9943 8327
3 9928 8329 9943
3 8329 8057 9943
3 8329 8059 8057
3 8330 1880 8060
3 8060 1880 1878
3 1880 2074 1878
3 2076 2074 1880
3 2076 2246 2074
3 2248 2246 2076
3 2248 2382 2246
3 2384 2382 2248
3 2384 2528 2382
3 2530 2528 2384
3 2530 8331 2528
3 2528 8331 8061
3 7361 8328 7391
3 8328 8062 7391
3 8328 8058 8062
3 8332 7361 7391
3 10098 8059 8329
3 10098 8329 10100
3 61 42 8333
3 42 10100 8333
3 42 10098 10100
3 61 8063 42
3 673 648 8064
3 673 8065 648
3 1287 1246 8066
3 8334 1404 1287
3 1404 1246 1287
3 1404 1402 1246
3 1404 1560 1402
3 1562 1560 1404
3 1811 1732 8335
3 1732 1562 8335
3 1732 1560 1562
3 1811 8067 1732
3 8336 1690 8068
3 8068 1690 1688
3 8060 1688 1690
3 8060 1690 8330
3 2696 8061 8331
3 2696 8331 2698
3 2698 8337 2696
3 2696 8337 8069
3 8070 7395 8062
3 8062 7395 7391
3 8332 7391 7395
3 8332 7395 8338
3 44 61 8333
3 8339 231 212
3 8339 212 8063
3 44 8339 8063
3 61 44 8063
3 381 360 231
3 231 360 212
3 533 510 381
3 381 510 360
3 510 533 8064
3 533 673 8064
3 533 675 673
3 8065 673 776
3 673 805 776
3 673 675 805
3 963 924 805
3 805 924 776
3 1131 1086 963
3 963 1086 924
3 1248 1287 8066
3 1248 8066 1086
3 8340 1248 1086
3 1131 8340 1086
3 8334 1287 1248
3 1734 1811 8335
3 1926 8067 1811
3 1734 1926 1811
3 1928 1926 1734
3 1928 8341 1926
3 1926 8341 8071
3 8342 8068 8072
3 8342 8336 8068
3 8069 8343 8073
3 8337 8343 8069
3 7395 8070 7362
3 8070 8344 7362
3 8070 8074 8344
3 8338 7395 7362
3 214 231 8339
3 231 214 8345
3 383 231 8345
3 381 231 383
3 383 8346 512
3 533 383 512
3 381 383 533
3 533 512 650
3 533 650 675
3 675 650 8347
3 807 675 8347
3 805 675 807
3 965 805 807
3 963 805 965
3 1133 963 965
3 1131 963 1133
3 8340 1131 1133
3 8340 1133 8348
3 8071 8349 8075
3 8341 8349 8071
3 8350 8072 8076
3 8350 8342 8072
3 8343 2876 2904
3 8077 8343 2904
3 8073 8343 8077
3 2876 8351 2904
3 7363 8344 7403
3 8344 8078 7403
3 8344 8074 8078
3 8352 7363 7403
3 362 383 8345
3 8346 383 362
3 778 807 8347
3 807 778 926
3 807 926 965
3 965 926 1088
3 965 1088 1133
3 8348 1133 1088
3 2114 8075 8349
3 2114 8349 2116
3 2116 8353 2114
3 2114 8353 8079
3 8354 8076 8080
3 8354 8350 8076
3 2904 2872 8077
3 8351 3070 3100
3 8351 3100 8081
3 2904 8351 8081
3 2872 2904 8081
3 3100 3070 3324
3 3324 3070 3296
3 3324 3296 3552
3 3552 3296 3522
3 3552 3522 3778
3 3778 3522 3742
3 3742 8355 3778
3 7357 7403 8078
3 8352 7403 7357
3 8082 8352 7357
3 8356 8352 8082
3 8079 8357 8083
3 8353 8357 8079
3 8358 1506 1572
3 8084 1572 1506
3 8354 8084 1506
3 8080 8084 8354
3 3100 3066 8081
3 3324 3292 3066
3 3324 3066 3100
3 3552 3518 3292
3 3552 3292 3324
3 3780 8085 3518
3 3552 3780 3518
3 3778 3780 3552
3 3778 8355 3780
3 3780 8355 8359
3 8082 7667 8356
3 8356 7667 7671
3 7959 7671 7667
3 7959 7963 7671
3 7959 8086 8271
3 8249 7959 8271
3 7963 7959 8249
3 8360 8249 8271
3 2115 2192 8087
3 2115 8083 2192
3 8083 8361 2192
3 8083 8357 8361
3 1574 8362 1572
3 1572 8362 8358
3 1572 8084 8088
3 1572 8088 1574
3 3782 8089 8085
3 3782 8085 3780
3 3780 8359 3782
3 3782 8359 8363
3 8245 8271 8086
3 8515 8360 8539
3 8539 8360 8090
3 8360 8271 8090
3 8271 8245 8090
3 8364 8515 8539
3 8087 2192 2117
3 8365 8087 2117
3 8091 8087 8365
3 2192 8361 2117
3 1576 8366 1574
3 1574 8366 8362
3 1574 8088 8092
3 1574 8092 1576
3 3067 3106 8093
3 8094 3106 3067
3 3519 3558 8095
3 3558 3519 8089
3 3782 3558 8089
3 3784 3558 3782
3 3782 8363 3784
3 3784 8363 8367
3 8513 8539 8090
3 8364 8539 8513
3 8096 8364 8513
3 8368 8364 8096
3 8091 8369 8097
3 8365 8369 8091
3 1578 8370 1576
3 1576 8370 8366
3 1576 8092 8098
3 1576 8098 1578
3 2873 2914 8099
3 2914 2873 8093
3 3106 2914 8093
3 3108 2914 3106
3 3106 8094 3293
3 3332 3106 3293
3 3108 3106 3332
3 3332 3293 8095
3 3558 3332 8095
3 3560 3332 3558
3 8371 3560 3743
3 3560 3784 3743
3 3560 3558 3784
3 3784 8367 3743
3 8372 8096 8100
3 8372 8368 8096
3 8097 8373 8101
3 8369 8373 8097
3 1580 8374 1578
3 1578 8374 8370
3 1578 8098 8102
3 1578 8102 1580
3 2916 8103 8099
3 2916 8099 2914
3 2914 3110 2916
3 2914 3108 3110
3 3108 3334 3110
3 3108 3332 3334
3 8375 3334 3523
3 3334 3560 3523
3 3334 3332 3560
3 3560 8371 3523
3 8376 8100 8104
3 8376 8372 8100
3 8101 8377 8105
3 8373 8377 8101
3 1580 1507 8374
3 8378 1507 1580
3 8102 8378 1580
3 8106 8378 8102
3 2916 2874 8103
3 3110 3068 2874
3 3110 2874 2916
3 3334 3294 3068
3 3334 3068 3110
3 3334 8375 3294
3 8375 8107 3294
3 8375 8379 8107
3 8104 8779 8376
3 8376 8779 8781
3 8380 8781 8779
3 8380 8779 8108
3 8105 8381 8109
3 8377 8381 8105
3 8382 8106 8110
3 8382 8378 8106
3 8379 3524 3566
3 8111 8379 3566
3 8107 8379 8111
3 3524 8383 3566
3 8384 4244 4278
3 4244 8385 4278
3 8386 8108 8112
3 8386 8380 8108
3 8109 8387 8113
3 8381 8387 8109
3 8388 8110 8114
3 8388 8382 8110
3 3566 3520 8111
3 3520 3566 8383
3 3744 3520 8383
3 3740 3520 3744
3 3744 3996 3740
3 3998 3996 3744
3 3998 8384 4278
3 4242 3998 4278
3 3996 3998 4242
3 4242 4278 8385
3 4484 4242 8385
3 4482 4242 4484
3 8115 4482 4768
3 4482 4726 4768
3 4482 4484 4726
3 4726 8389 4768
3 8112 9049 8386
3 8386 9049 9051
3 9299 9051 9049
3 9299 9301 9051
3 9299 8116 9579
3 9535 9299 9579
3 9301 9299 9535
3 8390 9535 9579
3 1929 8391 2033
3 2033 8117 1929
3 8117 8387 1929
3 8117 8113 8387
3 8392 8114 8118
3 8392 8388 8114
3 4768 4724 8115
3 4768 8389 4724
3 8389 8119 4724
3 8389 8393 8119
3 9533 9579 8116
3 9579 9533 8390
3 9533 9741 8390
3 9533 9739 9741
3 8394 9741 9739
3 8394 9739 8120
3 1735 8395 1837
3 2033 8391 1735
3 2033 1735 1837
3 1927 2033 1837
3 8121 1927 1837
3 8117 2033 1927
3 8396 8118 8122
3 8396 8392 8118
3 8119 8397 8123
3 8393 8397 8119
3 9929 8394 9975
3 8394 8124 9975
3 8394 8120 8124
3 8398 9929 9975
3 8399 1839 1837
3 8399 1837 8395
3 8121 1837 8125
3 8125 1837 1839
3 8400 1508 1588
3 8126 1588 1508
3 8396 8126 1508
3 8122 8126 8396
3 8397 4960 5014
3 8127 8397 5014
3 8123 8397 8127
3 4960 8401 5014
3 9927 9975 8124
3 10101 8398 10145
3 10145 8398 8128
3 8398 9975 8128
3 9975 9927 8128
3 10101 10145 91
3 10101 91 45
3 8402 45 91
3 1563 8403 1659
3 1839 8399 1563
3 1659 1839 1563
3 1841 1839 1659
3 8125 1839 8129
3 8129 1839 1841
3 1588 1509 8400
3 8404 1509 1588
3 8126 8404 1588
3 8130 8404 8126
3 5014 4958 8127
3 5206 4958 5014
3 8405 5206 5014
3 8401 8405 5014
3 5206 8405 5289
3 5289 8131 5206
3 10099 10145 8128
3 43 91 10099
3 10099 91 10145
3 215 8402 261
3 261 8402 8132
3 8402 91 8132
3 91 43 8132
3 8406 215 261
3 927 8407 995
3 927 995 1161
3 927 1161 1089
3 1089 1161 1319
3 1089 1319 1249
3 1249 1319 1475
3 1249 1475 1405
3 1659 8403 1405
3 1475 1659 1405
3 1661 1659 1475
3 1733 1841 8133
3 1841 1661 8133
3 1841 1659 1661
3 8129 1841 1733
3 8408 8130 8134
3 8408 8404 8130
3 5208 5289 8405
3 5468 8131 5289
3 5208 5468 5289
3 5470 5468 5208
3 5759 5700 8409
3 5700 5470 8409
3 5700 5468 5470
3 5759 8135 5700
3 8136 263 8132
3 8132 263 261
3 8406 261 263
3 8406 263 8410
3 779 8411 841
3 995 8407 779
3 841 995 779
3 999 995 841
3 1087 1161 8137
3 1161 999 8137
3 1161 995 999
3 1247 1319 1087
3 1087 1319 1161
3 1403 1475 1247
3 1247 1475 1319
3 1561 1661 1403
3 1403 1661 1475
3 8133 1661 1561
3 8412 8134 8138
3 8412 8408 8134
3 5702 5759 8409
3 5702 8413 5759
3 8413 8135 5759
3 8413 8139 8135
3 8140 265 8136
3 8136 265 263
3 8410 263 265
3 8410 265 8414
3 8415 845 841
3 8415 841 8411
3 925 999 8141
3 999 845 8141
3 999 841 845
3 8137 999 925
3 8416 8138 8142
3 8416 8412 8138
3 8417 6021 5956
3 8139 8417 5956
3 8413 8417 8139
3 6021 8143 5956
3 213 265 8140
3 363 8414 419
3 419 8414 8144
3 8414 265 8144
3 265 213 8144
3 363 419 573
3 363 573 513
3 513 573 717
3 513 717 651
3 845 8415 651
3 845 651 717
3 777 845 717
3 8145 777 717
3 8141 845 777
3 8418 1510 8146
3 8146 1510 1504
3 8142 1504 1510
3 8142 1510 8416
3 5958 6021 8417
3 5958 8419 6021
3 8419 8143 6021
3 8419 8147 8143
3 361 419 8144
3 511 573 361
3 361 573 419
3 649 717 511
3 511 717 573
3 8145 717 649
3 8420 1032 1098
3 1098 1032 8148
3 1032 1196 8148
3 1032 1198 1196
3 1198 1352 1196
3 1354 1352 1198
3 8146 1352 1354
3 8146 1354 8418
3 8147 8421 8149
3 8419 8421 8147
3 1030 8150 1098
3 8150 8420 1098
3 8150 8422 8420
3 1098 8148 1030
3 8421 6220 6302
3 8151 8421 6302
3 8149 8421 8151
3 6220 8423 6302
3 8424 874 932
3 8152 932 874
3 8422 8152 874
3 8150 8152 8422
3 6302 6218 8151
3 6218 6302 8423
3 6510 6218 8423
3 6508 6218 6510
3 6510 6802 6508
3 6804 6802 6510
3 6804 7070 6802
3 7072 7070 6804
3 8153 7070 7446
3 7070 7364 7446
3 7070 7072 7364
3 7446 7364 7740
3 7740 7364 7672
3 7672 8425 7740
3 8426 732 786
3 8424 932 732
3 732 932 786
3 932 872 786
3 872 8154 786
3 932 8152 872
3 3071 8427 3149
3 3071 3149 3373
3 3071 3373 3297
3 3297 3373 3597
3 3297 3597 3525
3 3525 3597 3829
3 3525 3829 3745
3 3745 3829 4079
3 3745 4079 3999
3 8428 3999 4079
3 7446 7358 8153
3 7740 7668 7358
3 7740 7358 7446
3 8425 7964 8034
3 8425 8034 8155
3 7740 8425 8155
3 7668 7740 8155
3 7964 8429 8034
3 8430 604 8156
3 8156 604 602
3 604 8426 786
3 730 604 786
3 602 604 730
3 786 8154 730
3 8431 3151 3149
3 8431 3149 8427
3 3295 3373 8157
3 3373 3151 8157
3 3373 3149 3151
3 3521 3597 3295
3 3295 3597 3373
3 3741 3829 3521
3 3521 3829 3597
3 3997 4079 3741
3 3741 4079 3829
3 4245 8428 4327
3 4327 8428 8158
3 8428 4079 8158
3 4079 3997 8158
3 8432 4245 4327
3 8034 7960 8155
3 8034 8429 7960
3 8429 8159 7960
3 8429 8433 8159
3 8434 468 522
3 8160 522 468
3 8430 8160 468
3 8156 8160 8430
3 2877 8435 2953
3 3151 8431 2877
3 3151 2877 2953
3 3069 3151 2953
3 8161 3069 2953
3 8157 3151 3069
3 4243 4327 8158
3 8432 4327 4243
3 8162 8432 4243
3 8436 8432 8162
3 8437 8313 8246
3 8159 8437 8246
3 8433 8437 8159
3 8313 8163 8246
3 524 8438 522
3 522 8438 8434
3 522 8160 8164
3 522 8164 524
3 2249 8439 2325
3 2249 2325 2457
3 2249 2457 2385
3 2385 2457 2605
3 2385 2605 2531
3 2531 2605 2775
3 2531 2775 2699
3 2953 8435 2699
3 2953 2699 2775
3 2875 2953 2775
3 8165 2875 2775
3 8161 2953 2875
3 8162 4483 8436
3 8436 4483 4485
3 8440 4485 4483
3 8440 4483 8166
3 8441 8315 8313
3 8441 8313 8437
3 8163 8313 8167
3 8167 8313 8315
3 524 469 8438
3 8442 469 524
3 8164 8442 524
3 8168 8442 8164
3 8443 2327 2325
3 8443 2325 8439
3 2459 2325 2327
3 2457 2325 2459
3 2529 2605 8169
3 2605 2459 8169
3 2605 2457 2459
3 2697 2775 2529
3 2529 2775 2605
3 8165 2775 2697
3 8166 4725 8440
3 8440 4725 4727
3 8444 4727 4725
3 8444 4725 8170
3 8445 8317 8315
3 8445 8315 8441
3 8167 8315 8171
3 8171 8315 8317
3 8168 603 8442
3 8442 603 605
3 8446 605 603
3 8446 603 8172
3 2077 8447 2179
3 2327 8443 2077
3 2179 2327 2077
3 2329 2327 2179
3 2461 2327 2329
3 2459 2327 2461
3 8169 2459 8173
3 8173 2459 2461
3 4961 8444 5055
3 8444 8174 5055
3 8444 8170 8174
3 8448 4961 5055
3 8175 8247 8317
3 8445 8175 8317
3 8449 8175 8445
3 8171 8317 8247
3 8172 731 8446
3 8446 731 733
3 731 8176 949
3 875 731 949
3 733 731 875
3 8450 875 949
3 1881 8451 1997
3 2179 8447 1881
3 1997 2179 1881
3 2181 2179 1997
3 2331 2179 2181
3 2329 2179 2331
3 2463 2329 2331
3 2461 2329 2463
3 8173 2461 8177
3 8177 2461 2463
3 4959 5055 8174
3 8448 5055 4959
3 8178 8448 4959
3 8452 8448 8178
3 8175 8453 8179
3 8449 8453 8175
3 873 949 8176
3 1033 8450 1121
3 1121 8450 8180
3 8450 949 8180
3 949 873 8180
3 1033 1121 1277
3 1033 1277 1199
3 8454 1199 1277
3 1511 8455 1621
3 1511 1621 1803
3 1511 1803 1691
3 1997 8451 1691
3 1803 1997 1691
3 1999 1997 1803
3 2183 1997 1999
3 2181 1997 2183
3 2333 2181 2183
3 2331 2181 2333
3 2465 2331 2333
3 2463 2331 2465
3 8177 2463 8181
3 8181 2463 2465
3 8178 5207 8452
3 8452 5207 5209
3 5469 5209 5207
3 5469 5471 5209
3 5701 5471 5469
3 5701 5703 5471
3 5957 5703 5701
3 5957 5959 5703
3 5957 8182 6321
3 6221 5957 6321
3 5959 5957 6221
3 6221 6321 6619
3 6221 6619 6511
3 8456 6511 6619
3 7965 8457 8049
3 8049 8183 7965
3 8183 8453 7965
3 8183 8179 8453
3 1031 1121 8180
3 1197 1277 1031
3 1031 1277 1121
3 1277 1197 8454
3 1197 1355 8454
3 1197 1353 1355
3 1623 1621 8184
3 1621 1355 8184
3 1355 1353 8184
3 1355 1621 8455
3 1689 1803 8185
3 1803 1623 8185
3 1803 1621 1623
3 1879 1999 1689
3 1689 1999 1803
3 2075 2183 1879
3 1879 2183 1999
3 2247 2333 2075
3 2075 2333 2183
3 2383 2465 2247
3 2247 2465 2333
3 8181 2465 2383
3 6219 6321 8182
3 6509 6619 6219
3 6219 6619 6321
3 6619 6509 8456
3 6509 6805 8456
3 6509 6803 6805
3 7071 6805 6803
3 7071 7073 6805
3 7071 8186 7467
3 7365 7071 7467
3 7073 7071 7365
3 7365 7467 7765
3 7365 7765 7673
3 8049 8457 7673
3 8049 7673 7765
3 7961 8049 7765
3 8187 7961 7765
3 8183 8049 7961
3 1505 1623 8184
3 8185 1623 1505
3 7359 7467 8186
3 7669 7765 7359
3 7359 7765 7467
3 8187 7765 7669
3 7687 7670 8324
3 7979 7962 7687
3 7687 7962 7670
3 8255 8248 7979
3 7979 8248 7962
3 8255 8325 8248
3 7383 7360 8326
3 7360 7383 8324
3 7383 7687 8324
3 7383 7689 7687
3 7981 7687 7689
3 7979 7687 7981
3 8257 7979 7981
3 8255 7979 8257
3 8325 8255 8514
3 8255 8523 8514
3 8255 8257 8523
3 8797 8780 8523
3 8523 8780 8514
3 9067 9050 8797
3 8797 9050 8780
3 9315 9300 9067
3 9067 9300 9050
3 9551 9534 9315
3 9315 9534 9300
3 9759 9740 9551
3 9551 9740 9534
3 9759 8327 9740
3 8328 7387 8326
3 8326 7387 7383
3 7691 7383 7387
3 7689 7383 7691
3 7983 7689 7691
3 7981 7689 7983
3 8259 7981 7983
3 8257 7981 8259
3 8525 8257 8259
3 8523 8257 8525
3 8799 8523 8525
3 8797 8523 8799
3 9069 8797 8799
3 9067 8797 9069
3 9069 8590 9302
3 9315 9069 9302
3 9067 9069 9315
3 9315 9302 9536
3 9315 9536 9551
3 9551 9536 9742
3 9551 9742 9759
3 9928 8327 9759
3 9742 9928 9759
3 9930 9928 9742
3 9930 8591 9928
3 9928 8591 8329
3 8592 1882 8330
3 8330 1882 1880
3 1882 2076 1880
3 2078 2076 1882
3 2078 2248 2076
3 2250 2248 2078
3 2250 2384 2248
3 2386 2384 2250
3 2386 2530 2384
3 2532 2530 2386
3 2532 8593 2530
3 2530 8593 8331
3 7361 7387 8328
3 8332 7693 7361
3 7693 7387 7361
3 7693 7691 7387
3 7985 7691 7693
3 7983 7691 7985
3 8261 7983 7985
3 8259 7983 8261
3 8527 8259 8261
3 8525 8259 8527
3 8527 8594 8782
3 8799 8527 8782
3 8525 8527 8799
3 8799 8782 9052
3 8799 9052 9069
3 8590 9069 9052
3 8595 10115 10100
3 8329 8595 10100
3 8591 8595 8329
3 10115 8333 10100
3 1443 1404 8334
3 1629 1562 1443
3 1443 1562 1404
3 1629 8335 1562
3 8596 1692 8336
3 8336 1692 1690
3 8330 1690 1692
3 8330 1692 8592
3 2698 8331 8593
3 2698 8593 2700
3 2700 8597 2698
3 2698 8597 8337
3 8338 7695 8332
3 8332 7695 7693
3 7987 7693 7695
3 7985 7693 7987
3 8263 7985 7987
3 8261 7985 8263
3 8263 8598 8516
3 8527 8263 8516
3 8261 8263 8527
3 8594 8527 8516
3 10102 10115 8595
3 8599 63 44
3 8599 44 8333
3 10102 8599 8333
3 10115 10102 8333
3 63 8339 44
3 1289 1248 8340
3 1248 1289 8334
3 1289 1443 8334
3 1289 1445 1443
3 1445 8600 1564
3 1629 1445 1564
3 1443 1445 1629
3 1734 8335 1629
3 1564 1734 1629
3 1736 1734 1564
3 2005 1928 8601
3 1928 1736 8601
3 1928 1734 1736
3 2005 8341 1928
3 8602 8336 8342
3 8602 8596 8336
3 8597 2878 2902
3 8343 8597 2902
3 8337 8597 8343
3 2878 8603 2902
3 7399 7362 8344
3 7362 7399 8338
3 7399 7695 8338
3 7399 7697 7695
3 7697 8604 7966
3 7987 7697 7966
3 7695 7697 7987
3 7987 7966 8250
3 7987 8250 8263
3 8598 8263 8250
3 8605 65 63
3 8605 63 8599
3 8339 63 214
3 63 233 214
3 63 65 233
3 233 8345 214
3 535 512 8346
3 677 650 535
3 535 650 512
3 677 8347 650
3 1289 8340 1250
3 8340 8606 1250
3 8340 8348 8606
3 1289 1250 1406
3 1289 1406 1445
3 8600 1445 1406
3 1930 2005 8601
3 1930 8607 2005
3 8607 8341 2005
3 8607 8349 8341
3 8608 8342 8350
3 8608 8602 8342
3 2902 2876 8343
3 8603 3072 3098
3 8603 3098 8351
3 2902 8603 8351
3 2876 2902 8351
3 3098 3072 3322
3 3322 3072 3298
3 3298 8609 3322
3 7363 7399 8344
3 8352 7699 7363
3 7699 7399 7363
3 7699 7697 7399
3 8604 7697 7699
3 8604 7699 8610
3 46 65 8605
3 65 46 216
3 65 216 233
3 362 8345 233
3 216 362 233
3 364 362 216
3 514 535 8346
3 362 514 8346
3 364 514 362
3 535 514 8611
3 679 535 8611
3 677 535 679
3 8347 677 778
3 677 809 778
3 677 679 809
3 967 926 809
3 809 926 778
3 1135 1088 967
3 967 1088 926
3 8348 1088 1135
3 8612 8348 1135
3 8606 8348 8612
3 8613 2189 2116
3 8349 8613 2116
3 8607 8613 8349
3 2189 8353 2116
3 8614 8350 8354
3 8614 8608 8350
3 3098 3070 8351
3 3322 3296 3070
3 3322 3070 3098
3 3296 3322 8609
3 3526 3296 8609
3 3522 3296 3526
3 3526 3742 3522
3 3746 3742 3526
3 3746 8615 3742
3 3742 8615 8355
3 8356 7701 8352
3 8352 7701 7699
3 7993 7967 8610
3 7699 7993 8610
3 7701 7993 7699
3 7967 7993 8269
3 7967 8269 8251
3 8616 8251 8269
3 652 679 8611
3 679 652 8617
3 811 679 8617
3 809 679 811
3 969 809 811
3 967 809 969
3 969 8618 1090
3 1135 969 1090
3 967 969 1135
3 8612 1135 1090
3 2118 2189 8613
3 2118 8619 2189
3 8619 8353 2189
3 8619 8357 8353
3 8620 1512 8358
3 8358 1512 1506
3 8354 1506 1512
3 8354 1512 8614
3 8355 8621 8359
3 8615 8621 8355
3 7671 7701 8356
3 7963 7993 7671
3 7671 7993 7701
3 8249 8269 7963
3 7963 8269 7993
3 8517 8616 8537
3 8537 8616 8360
3 8616 8269 8360
3 8269 8249 8360
3 8622 8517 8537
3 780 811 8617
3 811 780 928
3 811 928 969
3 8618 969 928
3 2119 8623 2193
3 2193 8361 2119
3 8361 8619 2119
3 8361 8357 8619
3 8624 8358 8362
3 8624 8620 8358
3 8359 8625 8363
3 8621 8625 8359
3 8515 8537 8360
3 8622 8537 8515
3 8364 8622 8515
3 8626 8622 8364
3 8365 2117 2193
3 8623 8365 2193
3 8627 8365 8623
3 8361 2193 2117
3 8628 8362 8366
3 8628 8624 8362
3 8363 8629 8367
3 8625 8629 8363
3 8630 8364 8368
3 8630 8626 8364
3 8365 8631 8369
3 8627 8631 8365
3 8632 8366 8370
3 8632 8628 8366
3 3743 3786 8371
3 3743 8367 3786
3 8367 8633 3786
3 8367 8629 8633
3 8634 8368 8372
3 8634 8630 8368
3 1091 8635 1145
3 8636 1091 1145
3 1931 8637 2019
3 2019 8373 1931
3 8373 8631 1931
3 8373 8369 8631
3 8638 8370 8374
3 8638 8632 8370
3 3523 3562 8375
3 3562 3523 8371
3 3786 3562 8371
3 3790 3562 3786
3 3786 8633 3790
3 3790 8633 8639
3 8640 8372 8376
3 8640 8634 8372
3 8641 1147 1145
3 8641 1145 8635
3 8636 1145 1147
3 8636 1147 8642
3 8643 2023 2019
3 8643 2019 8637
3 8373 2019 8377
3 8377 2019 2023
3 1582 8644 1507
3 8644 8374 1507
3 8644 8638 8374
3 8378 1582 1507
3 3564 8379 8375
3 3564 8375 3562
3 3562 3794 3564
3 3562 3790 3794
3 3790 8639 3794
3 3794 8639 8645
3 8376 8781 8640
3 8640 8781 8783
3 8646 8783 8781
3 8646 8781 8380
3 1092 1147 8641
3 8642 1147 1092
3 8647 2027 2023
3 8647 2023 8643
3 8377 2023 8381
3 8381 2023 2027
3 1582 1513 8644
3 8648 1513 1582
3 8378 8648 1582
3 8382 8648 8378
3 3564 3524 8379
3 3796 8383 3524
3 3564 3796 3524
3 3794 3796 3564
3 4000 4036 8645
3 4036 3794 8645
3 4036 3796 3794
3 4036 4000 8384
3 4000 4244 8384
3 4000 4246 4244
3 8385 4244 4518
3 4244 4486 4518
3 4244 4246 4486
3 4486 8649 4518
3 9053 8646 9093
3 8646 8386 9093
3 8646 8380 8386
3 9053 9093 9341
3 9053 9341 9303
3 8650 9303 9341
3 8651 2031 2027
3 8651 2027 8647
3 8381 2027 8387
3 8387 2027 2031
3 8652 1514 1584
3 8388 1584 1514
3 8648 8388 1514
3 8382 8388 8648
3 3796 3744 8383
3 4036 3998 3744
3 4036 3744 3796
3 4036 8384 3998
3 4518 4484 8385
3 4484 4518 8649
3 4728 4484 8649
3 4726 4484 4728
3 4728 8653 4726
3 4726 8653 8389
3 9051 9093 8386
3 9301 9341 9051
3 9051 9341 9093
3 9341 9301 8650
3 9301 9537 8650
3 9301 9535 9537
3 9535 8390 9787
3 9743 9535 9787
3 9537 9535 9743
3 8654 9743 9787
3 1737 8655 1835
3 2031 8651 1737
3 2031 1737 1835
3 1929 2031 1835
3 8391 1929 1835
3 8387 2031 1929
3 1586 8656 1584
3 1584 8656 8652
3 1584 8388 8392
3 1584 8392 1586
3 8389 8657 8393
3 8653 8657 8389
3 9741 9787 8390
3 9931 8654 9973
3 9973 8654 8394
3 8654 9787 8394
3 9787 9741 8394
3 8658 9931 9973
3 8395 1735 1835
3 8655 8395 1835
3 8659 8395 8655
3 8391 1835 1735
3 1586 1515 8656
3 8660 1515 1586
3 8392 8660 1586
3 8396 8660 8392
3 8393 8661 8397
3 8657 8661 8393
3 9929 9973 8394
3 8658 9973 9929
3 8398 8658 9929
3 8662 8658 8398
3 8395 8663 8399
3 8659 8663 8395
3 8664 1516 8400
3 8400 1516 1508
3 8396 1508 1516
3 8396 1516 8660
3 8665 5015 4960
3 8397 8665 4960
3 8661 8665 8397
3 5015 8401 4960
3 8398 10101 8662
3 8662 10101 10103
3 45 10103 10101
3 45 47 10103
3 45 8402 259
3 217 45 259
3 47 45 217
3 8666 217 259
3 781 8667 833
3 781 833 991
3 781 991 929
3 8668 929 991
3 1407 8669 1473
3 1407 1473 8403
3 1563 1407 8403
3 1565 1407 1563
3 1563 8399 1565
3 1565 8399 8663
3 8400 1509 8664
3 8664 1509 1517
3 8670 1517 1509
3 8670 1509 8404
3 4962 5015 8665
3 4962 8671 5015
3 8671 8401 5015
3 8671 8405 8401
3 215 259 8402
3 365 8666 411
3 411 8666 8406
3 8666 259 8406
3 259 215 8406
3 365 411 563
3 365 563 515
3 515 563 705
3 515 705 653
3 833 8667 653
3 705 833 653
3 837 833 705
3 927 991 8407
3 991 837 8407
3 991 833 837
3 991 927 8668
3 927 1093 8668
3 927 1089 1093
3 1249 1093 1089
3 1249 1251 1093
3 8669 1251 1473
3 1251 1405 1473
3 1251 1249 1405
3 8403 1473 1405
3 8672 8404 8408
3 8672 8670 8404
3 8673 5293 5208
3 8405 8673 5208
3 8671 8673 8405
3 5525 5470 5293
3 5293 5470 5208
3 5525 8409 5470
3 8410 413 8406
3 8406 413 411
3 565 411 413
3 563 411 565
3 709 563 565
3 705 563 709
3 779 837 8411
3 837 709 8411
3 837 705 709
3 8407 837 779
3 8674 8408 8412
3 8674 8672 8408
3 5210 5293 8673
3 5293 5210 5472
3 5293 5472 5525
3 8675 5763 5702
3 8675 5702 8409
3 5472 8675 8409
3 5525 5472 8409
3 5763 8413 5702
3 8414 415 8410
3 8410 415 413
3 569 413 415
3 565 413 569
3 713 565 569
3 709 565 713
3 8411 709 8415
3 8415 709 713
3 8676 8412 8416
3 8676 8674 8412
3 5704 5763 8675
3 5704 8677 5763
3 8677 8413 5763
3 8677 8417 8413
3 363 415 8414
3 513 569 363
3 363 569 415
3 651 713 513
3 513 713 569
3 8415 713 651
3 8678 1518 8418
3 8418 1518 1510
3 8416 1510 1518
3 8416 1518 8676
3 8679 6025 5958
3 8417 8679 5958
3 8677 8679 8417
3 6025 8419 5958
3 8680 1034 8420
3 8420 1034 1032
3 1034 1198 1032
3 1200 1198 1034
3 1200 1354 1198
3 1356 1354 1200
3 8418 1354 1356
3 8418 1356 8678
3 5960 6025 8679
3 5960 8681 6025
3 8681 8419 6025
3 8681 8421 8419
3 8682 8420 8422
3 8682 8680 8420
3 6220 8421 8681
3 6220 8681 6222
3 8423 6220 6596
3 6220 6512 6596
3 6220 6222 6512
3 6512 8683 6596
3 8684 7366 7442
3 7366 8685 7442
3 8686 876 8424
3 8424 876 874
3 8422 874 876
3 8422 876 8682
3 2879 8687 2945
3 2879 2945 3147
3 2879 3147 3073
3 3073 3147 3371
3 3073 3371 3299
3 8688 3299 3371
3 6596 6510 8423
3 6510 6596 8683
3 6806 6510 8683
3 6804 6510 6806
3 6806 7072 6804
3 7074 7072 6806
3 7074 8684 7442
3 7364 7074 7442
3 7072 7074 7364
3 7364 7442 8685
3 7674 7364 8685
3 7672 7364 7674
3 7674 8689 7672
3 7672 8689 8425
3 8690 734 8426
3 8426 734 732
3 8424 732 734
3 8424 734 8686
3 2533 8691 2599
3 2533 2599 2769
3 2533 2769 2701
3 2945 8687 2701
3 2769 2945 2701
3 2949 2945 2769
3 3071 3147 8427
3 3147 2949 8427
3 3147 2945 2949
3 3297 3371 3071
3 3071 3371 3147
3 3371 3297 8688
3 3297 3527 8688
3 3297 3525 3527
3 3745 3527 3525
3 3745 3747 3527
3 3999 3747 3745
3 3999 4001 3747
3 3999 8428 4323
3 4247 3999 4323
3 4001 3999 4247
3 8692 4247 4323
3 7964 8425 8689
3 7964 8689 7968
3 7968 8693 7964
3 7964 8693 8429
3 8694 606 8430
3 8430 606 604
3 8426 604 606
3 8426 606 8690
3 8695 2601 2599
3 8695 2599 8691
3 2771 2599 2601
3 2769 2599 2771
3 2951 2769 2771
3 2949 2769 2951
3 8427 2949 8431
3 8431 2949 2951
3 4245 4323 8428
3 8692 4323 4245
3 8432 8692 4245
3 8696 8692 8432
3 8429 8697 8433
3 8693 8697 8429
3 523 468 8434
3 8430 468 523
3 8698 8430 523
3 8694 8430 8698
3 2251 8699 2323
3 2251 2323 2455
3 2251 2455 2387
3 2601 8695 2387
3 2455 2601 2387
3 2603 2601 2455
3 2773 2601 2603
3 2771 2601 2773
3 2877 2951 8435
3 2951 2773 8435
3 2951 2771 2773
3 8431 2951 2877
3 4487 8696 4559
3 8696 8436 4559
3 8696 8432 8436
3 8700 4487 4559
3 8433 8701 8437
3 8697 8701 8433
3 8438 525 8434
3 8434 525 523
3 8698 523 525
3 8698 525 8702
3 2079 8703 2175
3 2323 8699 2079
3 2323 2079 2175
3 2249 2323 2175
3 8439 2249 2175
3 2385 2455 2249
3 2249 2455 2323
3 2531 2603 2385
3 2385 2603 2455
3 2699 2773 2531
3 2531 2773 2603
3 8435 2773 2699
3 4485 4559 8436
3 4729 8700 4811
3 4811 8700 8440
3 8700 4559 8440
3 4559 4485 8440
3 8704 4729 4811
3 8437 8705 8441
3 8701 8705 8437
3 469 525 8438
3 8702 525 469
3 8442 8702 469
3 8706 8702 8442
3 8707 2177 2175
3 8707 2175 8703
3 8439 2175 8443
3 8443 2175 2177
3 4727 4811 8440
3 4963 8704 5051
3 5051 8704 8444
3 8704 4811 8444
3 4811 4727 8444
3 8708 4963 5051
3 8441 8709 8445
3 8705 8709 8441
3 8442 605 8706
3 8706 605 607
3 8710 607 605
3 8710 605 8446
3 1883 8711 1995
3 2177 8707 1883
3 2177 1883 1995
3 2077 2177 1995
3 8447 2077 1995
3 8443 2177 2077
3 4961 5051 8444
3 8708 5051 4961
3 8448 8708 4961
3 8712 8708 8448
3 8445 8713 8449
3 8709 8713 8445
3 8446 733 8710
3 8710 733 735
3 875 735 733
3 875 877 735
3 875 8450 1119
3 1035 875 1119
3 877 875 1035
3 8714 1035 1119
3 1693 8715 1801
3 1995 8711 1693
3 1995 1693 1801
3 1881 1995 1801
3 8451 1881 1801
3 8447 1995 1881
3 5211 8712 5325
3 8712 8452 5325
3 8712 8448 8452
3 8716 5211 5325
3 5961 8717 6047
3 5961 6047 6319
3 5961 6319 6223
3 6223 6319 6617
3 6223 6617 6513
3 8718 6513 6617
3 8449 8719 8453
3 8713 8719 8449
3 1033 1119 8450
3 1119 1033 8714
3 1033 1201 8714
3 1033 1199 1201
3 1199 8454 1435
3 1357 1199 1435
3 1201 1199 1357
3 1357 1435 8455
3 1511 1357 8455
3 1519 1357 1511
3 8715 1519 1801
3 1519 1691 1801
3 1519 1511 1691
3 8451 1801 1691
3 5209 5325 8452
3 5325 5209 8716
3 5209 5473 8716
3 5209 5471 5473
3 5703 5473 5471
3 5703 5705 5473
3 8717 5705 6047
3 5705 5959 6047
3 5705 5703 5959
3 6221 6319 5959
3 5959 6319 6047
3 6511 6617 6221
3 6221 6617 6319
3 6807 8718 6885
3 6885 8718 8456
3 8718 6617 8456
3 6617 6511 8456
3 6807 6885 7157
3 6807 7157 7075
3 8720 7075 7157
3 7969 8721 8457
3 7969 8457 7965
3 7965 8453 7969
3 7969 8453 8719
3 1355 1435 8454
3 8455 1435 1355
3 6805 6885 8456
3 7073 7157 6805
3 6805 7157 6885
3 7157 7073 8720
3 7073 7367 8720
3 7073 7365 7367
3 7673 7367 7365
3 7673 7675 7367
3 7673 8457 7675
3 7675 8457 8721
3 9317 9302 8590
3 8864 9538 9317
3 9538 9302 9317
3 9538 9536 9302
3 9538 9742 9536
3 9744 9742 9538
3 9945 9930 8865
3 9930 9744 8865
3 9930 9742 9744
3 9945 8591 9930
3 1937 1882 8592
3 2121 2078 1937
3 1937 2078 1882
3 2269 2250 2121
3 2121 2250 2078
3 2403 2386 2269
3 2269 2386 2250
3 2551 2532 2403
3 2403 2532 2386
3 2551 8593 2532
3 8801 8782 8594
3 9071 9052 8801
3 8801 9052 8782
3 9304 9317 8590
3 9304 8590 9052
3 8866 9304 9052
3 9071 8866 9052
3 8864 9317 9304
3 9932 9945 8865
3 9932 8867 9945
3 8867 8591 9945
3 8867 8595 8591
3 1743 1692 8596
3 1692 1743 8592
3 1743 1937 8592
3 1743 1939 1937
3 1939 8868 2080
3 2121 1939 2080
3 1937 1939 2121
3 2121 2080 2252
3 2121 2252 2269
3 2269 2252 2388
3 2269 2388 2403
3 2403 2388 2534
3 2403 2534 2551
3 8869 2723 2700
3 8869 2700 8593
3 2534 8869 8593
3 2551 2534 8593
3 2723 8597 2700
3 8529 8516 8598
3 8516 8529 8594
3 8529 8801 8594
3 8529 8803 8801
3 9073 8801 8803
3 9071 8801 9073
3 8866 9071 9073
3 8866 9073 8870
3 8871 10117 10102
3 8595 8871 10102
3 8867 8871 8595
3 10117 8599 10102
3 1631 1564 8600
3 1813 1736 1631
3 1631 1736 1564
3 1813 8601 1736
3 8602 1745 8596
3 8596 1745 1743
3 1745 8872 1884
3 1939 1745 1884
3 1743 1745 1939
3 8868 1939 1884
3 2702 2723 8869
3 2878 8597 2723
3 2702 2878 2723
3 2880 2878 2702
3 2880 8873 2878
3 2878 8873 8603
3 7989 7966 8604
3 8265 8250 7989
3 7989 8250 7966
3 8250 8265 8598
3 8265 8529 8598
3 8265 8531 8529
3 8531 8874 8784
3 8803 8531 8784
3 8529 8531 8803
3 8803 8784 9054
3 8803 9054 9073
3 8870 9073 9054
3 8875 10119 10117
3 8875 10117 8871
3 8599 10117 8605
3 8605 10117 10119
3 1291 1250 8606
3 8876 1408 1291
3 1408 1250 1291
3 1408 1406 1250
3 1566 1631 8600
3 1406 1566 8600
3 1408 1566 1406
3 1631 1566 1738
3 1631 1738 1813
3 1930 8601 1813
3 1738 1930 1813
3 1932 1930 1738
3 1932 8877 1930
3 1930 8877 8607
3 8608 1747 8602
3 8602 1747 1745
3 8872 1745 1747
3 8872 1747 8878
3 3072 8603 8873
3 3072 8873 3074
3 3074 3298 3072
3 3300 3298 3074
3 8609 3298 3550
3 3298 3528 3550
3 3298 3300 3528
3 3528 8879 3550
3 8610 7991 8604
3 8604 7991 7989
3 8267 7989 7991
3 8265 7989 8267
3 8533 8265 8267
3 8531 8265 8533
3 8874 8531 8533
3 8874 8533 8880
3 10104 10119 8875
3 46 8605 10119
3 10104 46 10119
3 48 46 10104
3 48 216 46
3 218 216 48
3 218 364 216
3 366 364 218
3 537 514 8881
3 514 366 8881
3 514 364 366
3 537 8611 514
3 8612 1293 8606
3 8606 1293 1291
3 8876 1291 1293
3 8876 1293 8882
3 8607 8883 8613
3 8877 8883 8607
3 1747 8608 1694
3 8608 8884 1694
3 8608 8614 8884
3 8878 1747 1694
3 3550 3526 8609
3 3526 3550 8879
3 3748 3526 8879
3 3746 3526 3748
3 3748 8885 3746
3 3746 8885 8615
3 7967 7991 8610
3 8251 8267 7967
3 7967 8267 7991
3 8616 8535 8251
3 8535 8267 8251
3 8535 8533 8267
3 8880 8533 8535
3 8880 8535 8886
3 516 537 8881
3 8887 681 652
3 8887 652 8611
3 516 8887 8611
3 537 516 8611
3 681 8617 652
3 1137 1090 8618
3 1090 1137 8612
3 1137 1293 8612
3 1137 1295 1293
3 8882 1293 1295
3 8882 1295 8888
3 8889 2191 2118
3 8613 8889 2118
3 8883 8889 8613
3 2191 8619 2118
3 8890 1520 8620
3 8620 1520 1512
3 8614 1512 1520
3 8614 1520 8884
3 8615 8891 8621
3 8885 8891 8615
3 8517 8535 8616
3 8886 8535 8517
3 8622 8886 8517
3 8892 8886 8622
3 654 681 8887
3 780 8617 681
3 654 780 681
3 782 780 654
3 971 928 8893
3 928 782 8893
3 928 780 782
3 928 971 8618
3 971 1137 8618
3 971 1139 1137
3 1297 1137 1139
3 1295 1137 1297
3 8888 1295 1297
3 8888 1297 8894
3 8623 2119 2191
3 8889 8623 2191
3 8895 8623 8889
3 8619 2191 2119
3 8896 8620 8624
3 8896 8890 8620
3 8621 8897 8625
3 8891 8897 8621
3 8898 8622 8626
3 8898 8892 8622
3 8899 973 971
3 8899 971 8893
3 1141 971 973
3 1139 971 1141
3 1299 1139 1141
3 1297 1139 1299
3 8894 1297 1299
3 8894 1299 8900
3 1933 8901 2015
3 2015 8627 1933
3 8627 8895 1933
3 8627 8623 8895
3 8902 8624 8628
3 8902 8896 8624
3 8625 8903 8629
3 8897 8903 8625
3 8904 8626 8630
3 8904 8898 8626
3 783 8905 817
3 973 8899 783
3 817 973 783
3 975 973 817
3 1143 973 975
3 1141 973 1143
3 1301 1141 1143
3 1299 1141 1301
3 8900 1299 1301
3 8900 1301 8906
3 8907 2017 2015
3 8907 2015 8901
3 8627 2015 8631
3 8631 2015 2017
3 8908 8628 8632
3 8908 8902 8628
3 3749 8909 3787
3 3787 8633 3749
3 8633 8903 3749
3 8633 8629 8903
3 8910 8630 8634
3 8910 8904 8630
3 8911 819 817
3 8911 817 8905
3 977 817 819
3 975 817 977
3 1091 1143 8635
3 1143 977 8635
3 1143 975 977
3 8636 1303 1091
3 1303 1143 1091
3 1303 1301 1143
3 1459 1409 8906
3 1301 1459 8906
3 1303 1459 1301
3 1409 1459 1645
3 1409 1645 1567
3 1567 1645 1827
3 1567 1827 1739
3 2017 8907 1739
3 2017 1739 1827
3 1931 2017 1827
3 8637 1931 1827
3 8631 2017 1931
3 8912 8632 8638
3 8912 8908 8632
3 8913 3791 3787
3 8913 3787 8909
3 8633 3787 8639
3 8639 3787 3791
3 8914 8634 8640
3 8914 8910 8634
3 8915 821 819
3 8915 819 8911
3 979 819 821
3 977 819 979
3 8635 977 8641
3 8641 977 979
3 8642 1305 8636
3 8636 1305 1303
3 1461 1303 1305
3 1459 1303 1461
3 1647 1459 1461
3 1645 1459 1647
3 1829 1645 1647
3 1827 1645 1829
3 8637 1827 8643
3 8643 1827 1829
3 8916 8638 8644
3 8916 8912 8638
3 3750 3791 8913
3 3750 8917 3791
3 8917 8639 3791
3 8917 8645 8639
3 8640 8783 8914
3 8914 8783 8785
3 8918 8785 8783
3 8918 8783 8646
3 8919 823 821
3 8919 821 8915
3 981 821 823
3 979 821 981
3 8641 979 1092
3 979 1149 1092
3 979 981 1149
3 1092 1149 8642
3 1149 1305 8642
3 1149 1307 1305
3 1463 1305 1307
3 1461 1305 1463
3 1649 1461 1463
3 1647 1461 1649
3 1831 1647 1649
3 1829 1647 1831
3 8643 1829 8647
3 8647 1829 1831
3 8644 1513 8916
3 8916 1513 1521
3 8920 1521 1513
3 8920 1513 8648
3 4000 8645 8917
3 4000 8917 4002
3 4279 4246 8921
3 4246 4002 8921
3 4246 4000 4002
3 4519 4486 4279
3 4279 4486 4246
3 4519 8649 4486
3 8646 9053 8918
3 8918 9053 9055
3 9303 9055 9053
3 9303 9305 9055
3 9303 8650 9577
3 9539 9303 9577
3 9305 9303 9539
3 9539 9577 9785
3 9539 9785 9745
3 9745 9785 9969
3 9745 9969 9933
3 8922 9933 9969
3 784 823 8919
3 823 784 930
3 823 930 981
3 981 930 1094
3 981 1094 1149
3 1149 1094 1252
3 1149 1252 1307
3 1307 1252 1410
3 1307 1410 1463
3 1463 1410 8923
3 1651 1463 8923
3 1649 1463 1651
3 1833 1649 1651
3 1831 1649 1833
3 8647 1831 8651
3 8651 1831 1833
3 1585 1514 8652
3 8648 1514 1585
3 8924 8648 1585
3 8920 8648 8924
3 4248 4279 8921
3 4279 4248 4488
3 4279 4488 4519
3 4728 8649 4519
3 4488 4728 4519
3 4730 4728 4488
3 4730 8925 4728
3 4728 8925 8653
3 9537 9577 8650
3 9743 9785 9537
3 9537 9785 9577
3 8654 9971 9743
3 9971 9785 9743
3 9971 9969 9785
3 10139 10105 8922
3 9969 10139 8922
3 9971 10139 9969
3 8926 10105 10139
3 8927 1653 1651
3 8927 1651 8923
3 1737 1833 8655
3 1833 1653 8655
3 1833 1651 1653
3 8651 1833 1737
3 8656 1587 8652
3 8652 1587 1585
3 8924 1585 1587
3 8924 1587 8928
3 8653 8929 8657
3 8925 8929 8653
3 9931 9971 8654
3 8658 10141 9931
3 10141 9971 9931
3 10141 10139 9971
3 87 49 8926
3 10139 87 8926
3 10141 87 10139
3 49 87 255
3 49 255 219
3 8930 219 255
3 655 8931 699
3 655 699 829
3 655 829 785
3 8932 785 829
3 1568 1653 8927
3 1568 8933 1653
3 8933 8655 1653
3 8933 8659 8655
3 1515 1587 8656
3 8928 1587 1515
3 8660 8928 1515
3 8934 8928 8660
3 8657 8935 8661
3 8929 8935 8657
3 8662 10143 8658
3 8658 10143 10141
3 89 10141 10143
3 87 10141 89
3 257 87 89
3 255 87 257
3 407 367 8930
3 255 407 8930
3 257 407 255
3 367 407 559
3 367 559 517
3 699 8931 517
3 559 699 517
3 701 699 559
3 831 699 701
3 829 699 831
3 8932 829 831
3 8932 831 8936
3 1569 8937 1657
3 1657 8663 1569
3 8663 8933 1569
3 8663 8659 8933
3 1589 1516 8664
3 8660 1516 1589
3 8938 8660 1589
3 8934 8660 8938
3 8661 8939 8665
3 8935 8939 8661
3 10103 10143 8662
3 47 89 10103
3 10103 89 10143
3 217 257 47
3 47 257 89
3 8666 409 217
3 409 257 217
3 409 407 257
3 561 407 409
3 559 407 561
3 703 559 561
3 701 559 703
3 781 831 8667
3 831 703 8667
3 831 701 703
3 831 781 8936
3 781 931 8936
3 781 929 931
3 929 8668 1159
3 1095 929 1159
3 931 929 1095
3 1095 1159 1317
3 1095 1317 1253
3 1253 1317 8669
3 1407 1253 8669
3 1411 1253 1407
3 8937 1411 1657
3 1411 1565 1657
3 1411 1407 1565
3 8663 1657 1565
3 1589 8664 1517
3 8940 1522 1590
3 8670 1590 1522
3 8938 8670 1522
3 8670 1589 1517
3 8670 8938 1589
3 8941 5019 4962
3 8665 8941 4962
3 8939 8941 8665
3 5019 8671 4962
3 365 409 8666
3 515 561 365
3 365 561 409
3 653 703 515
3 515 703 561
3 8667 703 653
3 1093 1159 8668
3 1251 1317 1093
3 1093 1317 1159
3 8669 1317 1251
3 1592 8942 1590
3 1590 8942 8940
3 1590 8670 8672
3 1590 8672 1592
3 4964 5019 8941
3 4964 8943 5019
3 8943 8671 5019
3 8943 8673 8671
3 1592 1523 8942
3 8944 1523 1592
3 8672 8944 1592
3 8674 8944 8672
3 5210 8673 8943
3 5210 8943 5212
3 5212 5472 5210
3 5474 5472 5212
3 5474 8945 5472
3 5472 8945 8675
3 8946 8674 8676
3 8946 8944 8674
3 5704 8675 8945
3 5704 8945 5706
3 5706 8947 5704
3 5704 8947 8677
3 1599 1518 8678
3 8676 1518 1599
3 8948 8676 1599
3 8946 8676 8948
3 8677 8949 8679
3 8947 8949 8677
3 1099 1034 8680
3 1257 1200 1099
3 1099 1200 1034
3 1415 1356 1257
3 1257 1356 1200
3 1356 1415 8678
3 1415 1599 8678
3 1415 1601 1599
3 8948 1599 1601
3 8948 1601 8950
3 5960 8679 8949
3 5960 8949 5962
3 5962 8951 5960
3 5960 8951 8681
3 1099 8680 1036
3 8680 8952 1036
3 8680 8682 8952
3 1099 1036 1202
3 1099 1202 1257
3 1257 1202 1358
3 1257 1358 1415
3 1415 1358 1524
3 1415 1524 1601
3 8950 1601 1524
3 3075 8953 3145
3 8954 3075 3145
3 6222 8681 8951
3 6222 8951 6224
3 6597 6512 8955
3 6512 6224 8955
3 6512 6222 6224
3 6597 8683 6512
3 7443 7366 8684
3 7443 8685 7366
3 933 876 8686
3 8682 876 933
3 8956 8682 933
3 8952 8682 8956
3 2389 8957 2449
3 2389 2449 2597
3 2389 2597 2535
3 2535 2597 2767
3 2535 2767 2703
3 2703 2767 8687
3 2879 2703 8687
3 2881 2703 2879
3 8953 2881 3145
3 2881 3073 3145
3 2881 2879 3073
3 3145 3073 8954
3 3073 3301 8954
3 3073 3299 3301
3 3299 8688 3595
3 3529 3299 3595
3 3301 3299 3529
3 8958 3529 3595
3 6514 6597 8955
3 6806 8683 6597
3 6514 6806 6597
3 6808 6806 6514
3 6808 7074 6806
3 7076 7074 6808
3 7368 7443 8684
3 7074 7368 8684
3 7076 7368 7074
3 7674 8685 7443
3 7368 7674 7443
3 7676 7674 7368
3 7676 8959 7674
3 7674 8959 8689
3 787 734 8690
3 878 933 8686
3 878 8686 734
3 8960 878 734
3 787 8960 734
3 8956 933 878
3 8961 2451 2449
3 8961 2449 8957
3 2533 2597 8691
3 2597 2451 8691
3 2597 2449 2451
3 2701 2767 2533
3 2533 2767 2597
3 8687 2767 2701
3 3527 3595 8688
3 3595 3527 8958
3 3527 3751 8958
3 3527 3747 3751
3 4001 3751 3747
3 4001 4003 3751
3 4247 4003 4001
3 4247 4249 4003
3 8962 4249 4247
3 8962 4247 8692
3 7968 8689 8959
3 7968 8959 7970
3 7970 8963 7968
3 7968 8963 8693
3 659 606 8694
3 736 787 8690
3 736 8690 606
3 8964 736 606
3 659 8964 606
3 8960 787 736
3 2253 8965 2321
3 2451 8961 2253
3 2321 2451 2253
3 2453 2451 2321
3 8691 2451 8695
3 8695 2451 2453
3 8966 8692 8696
3 8966 8962 8692
3 8693 8967 8697
3 8963 8967 8693
3 659 8694 608
3 8694 8968 608
3 8694 8698 8968
3 8964 659 608
3 2081 8969 2173
3 2321 8965 2081
3 2321 2081 2173
3 2251 2321 2173
3 8699 2251 2173
3 2387 2453 2251
3 2251 2453 2321
3 8695 2453 2387
3 8696 4487 8966
3 8966 4487 4489
3 8970 4489 4487
3 8970 4487 8700
3 8697 8971 8701
3 8967 8971 8697
3 8972 8698 8702
3 8972 8968 8698
3 1885 8973 1991
3 2173 8969 1885
3 2173 1885 1991
3 2079 2173 1991
3 8703 2079 1991
3 8699 2173 2079
3 8700 4729 8970
3 8970 4729 4731
3 8974 4731 4729
3 8974 4729 8704
3 8701 8975 8705
3 8971 8975 8701
3 609 8972 665
3 8972 8706 665
3 8972 8702 8706
3 8976 609 665
3 1695 8977 1797
3 1991 8973 1695
3 1797 1991 1695
3 1993 1991 1797
3 8703 1991 8707
3 8707 1991 1993
3 8704 4963 8974
3 8974 4963 4965
3 8978 4965 4963
3 8978 4963 8708
3 8705 8979 8709
3 8975 8979 8705
3 607 665 8706
3 737 8976 797
3 797 8976 8710
3 8976 665 8710
3 665 607 8710
3 737 797 947
3 737 947 879
3 879 947 1117
3 879 1117 1037
3 8980 1037 1117
3 8981 1799 1797
3 8981 1797 8977
3 1883 1993 8711
3 1993 1799 8711
3 1993 1797 1799
3 8707 1993 1883
3 8982 8708 8712
3 8982 8978 8708
3 8709 8983 8713
3 8979 8983 8709
3 735 797 8710
3 877 947 735
3 735 947 797
3 1035 1117 877
3 877 1117 947
3 1203 8980 1275
3 1275 8980 8714
3 8980 1117 8714
3 1117 1035 8714
3 8984 1203 1275
3 8715 1693 1799
3 8981 8715 1799
3 8985 8715 8981
3 8711 1799 1693
3 8712 5211 8982
3 8982 5211 5213
3 5211 8716 5557
3 5475 5211 5557
3 5213 5211 5475
3 5475 5557 5791
3 5475 5791 5707
3 5707 5791 8717
3 5961 5707 8717
3 5963 5707 5961
3 6223 5963 5961
3 6223 6225 5963
3 6513 6225 6223
3 6513 6515 6225
3 8986 6515 6513
3 8986 6513 8718
3 8713 8987 8719
3 8983 8987 8713
3 1201 1275 8714
3 1275 1201 8984
3 1201 1359 8984
3 1201 1357 1359
3 1519 1359 1357
3 1519 1525 1359
3 1519 8715 1525
3 1525 8715 8985
3 5473 5557 8716
3 5705 5791 5473
3 5473 5791 5557
3 8717 5791 5705
3 8718 6807 8986
3 8986 6807 6809
3 7075 7158 8988
3 6809 7075 8988
3 6807 7075 6809
3 8720 7158 7075
3 7971 8989 8721
3 7971 8721 7969
3 7969 8719 7971
3 7971 8719 8987
3 7158 7077 8988
3 8720 7367 7158
3 7367 7077 7158
3 7367 7369 7077
3 7675 7369 7367
3 7675 7677 7369
3 7675 8721 7677
3 7677 8721 8989
3 9553 9538 8864
3 9761 9744 9553
3 9553 9744 9538
3 9761 8865 9744
3 9319 9304 8866
3 9304 9319 8864
3 9319 9553 8864
3 9319 9555 9553
3 9763 9553 9555
3 9761 9553 9763
3 8865 9761 9932
3 9761 9947 9932
3 9761 9763 9947
3 9947 8867 9932
3 2123 2080 8868
3 2271 2252 2123
3 2123 2252 2080
3 2405 2388 2271
3 2271 2388 2252
3 2553 2534 2405
3 2405 2534 2388
3 2553 8869 2534
3 8870 9321 8866
3 8866 9321 9319
3 9557 9319 9321
3 9555 9319 9557
3 9765 9555 9557
3 9763 9555 9765
3 9949 9763 9765
3 9947 9763 9949
3 8867 9947 8871
3 8871 9947 9949
3 9138 1886 8872
3 8872 1886 1884
3 2082 2123 8868
3 1884 2082 8868
3 1886 2082 1884
3 2123 2082 2254
3 2123 2254 2271
3 2271 2254 2390
3 2271 2390 2405
3 2405 2390 2536
3 2405 2536 2553
3 2702 8869 2553
3 2536 2702 2553
3 2704 2702 2536
3 2903 2880 9139
3 2880 2704 9139
3 2880 2702 2704
3 2903 8873 2880
3 8805 8784 8874
3 9140 9056 8805
3 9056 8784 8805
3 9056 9054 8784
3 9306 9321 8870
3 9054 9306 8870
3 9056 9306 9054
3 9321 9306 9540
3 9321 9540 9557
3 9557 9540 9746
3 9557 9746 9765
3 9765 9746 9934
3 9765 9934 9949
3 9934 9141 9949
3 9141 8871 9949
3 9141 8875 8871
3 1447 1408 8876
3 9142 1570 1447
3 1570 1408 1447
3 1570 1566 1408
3 1570 1738 1566
3 1740 1738 1570
3 2007 1932 9143
3 1932 1740 9143
3 1932 1738 1740
3 2007 8877 1932
3 9144 8872 8878
3 9144 9138 8872
3 2882 2903 9139
3 3074 8873 2903
3 2882 3074 2903
3 3076 3074 2882
3 3076 3300 3074
3 3302 3300 3076
3 3302 3528 3300
3 3530 3528 3302
3 8879 3528 3776
3 3528 3752 3776
3 3528 3530 3752
3 3752 9145 3776
3 8805 8874 8786
3 8874 9146 8786
3 8874 8880 9146
3 9140 8805 8786
3 10104 8875 9141
3 10104 9141 10106
3 67 48 9147
3 48 10106 9147
3 48 10104 10106
3 235 218 67
3 67 218 48
3 385 366 235
3 235 366 218
3 385 8881 366
3 8882 1449 8876
3 8876 1449 1447
3 9142 1447 1449
3 9142 1449 9148
3 1934 2007 9143
3 1934 9149 2007
3 9149 8877 2007
3 9149 8883 8877
3 9150 1696 8884
3 8884 1696 1694
3 8878 1694 1696
3 8878 1696 9144
3 3776 3748 8879
3 3776 9145 3748
3 9145 8885 3748
3 9145 9151 8885
3 9152 8880 8886
3 9152 9146 8880
3 50 67 9147
3 67 50 220
3 67 220 235
3 235 220 368
3 235 368 385
3 516 8881 385
3 368 516 385
3 518 516 368
3 518 9153 516
3 516 9153 8887
3 8888 1451 8882
3 8882 1451 1449
3 9148 1449 1451
3 9148 1451 9154
3 1935 9155 2011
3 2011 8889 1935
3 8889 9149 1935
3 8889 8883 9149
3 1573 1520 8890
3 8884 1520 1573
3 9156 8884 1573
3 9150 8884 9156
3 8885 9157 8891
3 9151 9157 8885
3 8787 9152 8811
3 9152 8892 8811
3 9152 8886 8892
3 9158 8787 8811
3 654 8887 9153
3 654 9153 656
3 813 782 9159
3 782 656 9159
3 782 654 656
3 813 8893 782
3 8894 1453 8888
3 8888 1453 1451
3 1639 1571 9154
3 1451 1639 9154
3 1453 1639 1451
3 1571 1639 1821
3 1571 1821 1741
3 2011 9155 1741
3 1821 2011 1741
3 2013 2011 1821
3 8889 2011 8895
3 8895 2011 2013
3 8896 1575 8890
3 8890 1575 1573
3 9156 1573 1575
3 9156 1575 9160
3 8891 9161 8897
3 9157 9161 8891
3 8811 8892 8788
3 8892 9162 8788
3 8892 8898 9162
3 9158 8811 8788
3 9163 815 813
3 9163 813 9159
3 8893 813 8899
3 8899 813 815
3 8900 1455 8894
3 8894 1455 1453
3 1641 1453 1455
3 1639 1453 1641
3 1823 1639 1641
3 1821 1639 1823
3 1933 2013 8901
3 2013 1823 8901
3 2013 1821 1823
3 8895 2013 1933
3 1575 8896 1526
3 8896 9164 1526
3 8896 8902 9164
3 9160 1575 1526
3 8897 9165 8903
3 9161 9165 8897
3 9166 8898 8904
3 9166 9162 8898
3 8905 783 815
3 9163 8905 815
3 9167 8905 9163
3 8899 815 783
3 8906 1457 8900
3 8900 1457 1455
3 1643 1455 1457
3 1641 1455 1643
3 1825 1641 1643
3 1823 1641 1825
3 8901 1823 8907
3 8907 1823 1825
3 9168 8902 8908
3 9168 9164 8902
3 3749 3788 8909
3 3749 8903 3788
3 8903 9169 3788
3 8903 9165 9169
3 9170 8904 8910
3 9170 9166 8904
3 657 9171 689
3 689 8911 657
3 8911 9167 657
3 8911 8905 9167
3 1409 1457 8906
3 1567 1643 1409
3 1409 1643 1457
3 1739 1825 1567
3 1567 1825 1643
3 8907 1825 1739
3 9172 8908 8912
3 9172 9168 8908
3 8909 3788 3753
3 9173 8909 3753
3 8913 8909 9173
3 3788 9169 3753
3 9174 8910 8914
3 9174 9170 8910
3 9175 691 689
3 9175 689 9171
3 8911 689 8915
3 8915 689 691
3 9176 8912 8916
3 9176 9172 8912
3 3750 8913 9173
3 3750 9173 3754
3 3754 9177 3750
3 3750 9177 8917
3 8914 8785 9174
3 9174 8785 8789
3 9178 8789 8785
3 9178 8785 8918
3 9747 9179 9783
3 9747 9783 9967
3 9747 9967 9935
3 9180 9935 9967
3 9181 693 691
3 9181 691 9175
3 8915 691 8919
3 8919 691 693
3 8916 1521 9176
3 9176 1521 1527
3 9182 1527 1521
3 9182 1521 8920
3 4002 8917 9177
3 4002 9177 4004
3 8921 4002 4280
3 4002 4250 4280
3 4002 4004 4250
3 4280 4250 4520
3 4520 4250 4490
3 4490 9183 4520
3 8918 9055 9178
3 9178 9055 9057
3 9305 9057 9055
3 9305 9307 9057
3 9539 9307 9305
3 9539 9541 9307
3 9179 9541 9783
3 9541 9745 9783
3 9541 9539 9745
3 9933 9967 9745
3 9745 9967 9783
3 10107 9180 10137
3 10137 9180 8922
3 9180 9967 8922
3 9967 9933 8922
3 10107 10137 83
3 10107 83 51
3 9184 51 83
3 9185 695 693
3 9185 693 9181
3 8919 693 784
3 693 825 784
3 693 695 825
3 983 930 825
3 825 930 784
3 1151 1094 983
3 983 1094 930
3 1309 1252 1151
3 1151 1252 1094
3 1465 1410 1309
3 1309 1410 1252
3 1465 8923 1410
3 9186 8920 8924
3 9186 9182 8920
3 4280 4248 8921
3 4520 4488 4248
3 4520 4248 4280
3 4488 4520 9183
3 4732 4488 9183
3 4730 4488 4732
3 4732 9187 4730
3 4730 9187 8925
3 10105 10137 8922
3 8926 85 10105
3 85 10137 10105
3 85 83 10137
3 253 221 9184
3 83 253 9184
3 85 253 83
3 221 253 403
3 221 403 369
3 369 403 555
3 369 555 519
3 695 9185 519
3 555 695 519
3 697 695 555
3 827 695 697
3 825 695 827
3 985 825 827
3 983 825 985
3 985 9188 1096
3 1151 985 1096
3 983 985 1151
3 1151 1096 1254
3 1151 1254 1309
3 1309 1254 9189
3 1467 1309 9189
3 1465 1309 1467
3 8923 1465 8927
3 8927 1465 1467
3 9190 8924 8928
3 9190 9186 8924
3 8925 9191 8929
3 9187 9191 8925
3 49 85 8926
3 219 253 49
3 49 253 85
3 8930 405 219
3 405 253 219
3 405 403 253
3 557 403 405
3 555 403 557
3 655 697 8931
3 697 557 8931
3 697 555 557
3 785 827 655
3 655 827 697
3 8932 987 785
3 987 827 785
3 987 985 827
3 9188 985 987
3 9188 987 9192
3 9193 1469 1467
3 9193 1467 9189
3 8927 1467 1568
3 1467 1655 1568
3 1467 1469 1655
3 1655 8933 1568
3 9194 8928 8934
3 9194 9190 8928
3 8929 9195 8935
3 9191 9195 8929
3 367 405 8930
3 517 557 367
3 367 557 405
3 8931 557 517
3 8936 989 8932
3 8932 989 987
3 1157 1097 9192
3 987 1157 9192
3 989 1157 987
3 1097 1157 1315
3 1097 1315 1255
3 1469 9193 1255
3 1315 1469 1255
3 1471 1469 1315
3 1569 1655 8937
3 1655 1471 8937
3 1655 1469 1471
3 8933 1655 1569
3 9196 8934 8938
3 9196 9194 8934
3 8935 9197 8939
3 9195 9197 8935
3 931 989 8936
3 1095 1157 931
3 931 1157 989
3 1253 1315 1095
3 1095 1315 1157
3 1411 1471 1253
3 1253 1471 1315
3 8937 1471 1411
3 1591 1522 8940
3 8938 1522 1591
3 9198 8938 1591
3 9196 8938 9198
3 8939 9199 8941
3 9197 9199 8939
3 8942 1593 8940
3 8940 1593 1591
3 9198 1591 1593
3 9198 1593 9200
3 4964 8941 9199
3 4964 9199 4966
3 4966 9201 4964
3 4964 9201 8943
3 1523 1593 8942
3 9200 1593 1523
3 8944 9200 1523
3 9202 9200 8944
3 5212 8943 9201
3 5212 9201 5214
3 5214 5474 5212
3 5476 5474 5214
3 8945 5474 5764
3 5474 5708 5764
3 5474 5476 5708
3 5708 9203 5764
3 1697 9202 1779
3 9202 8946 1779
3 9202 8944 8946
3 9204 1697 1779
3 5764 5706 8945
3 5764 9203 5706
3 9203 8947 5706
3 9203 9205 8947
3 8948 1781 8946
3 8946 1781 1779
3 1977 1887 9204
3 1779 1977 9204
3 1781 1977 1779
3 9206 1887 1977
3 2255 9207 2309
3 9208 2255 2309
3 9205 5964 6026
3 8949 9205 6026
3 8947 9205 8949
3 5964 9209 6026
3 8950 1783 8948
3 8948 1783 1781
3 1979 1781 1783
3 1977 1781 1979
3 2163 2083 9206
3 1977 2163 9206
3 1979 2163 1977
3 2309 9207 2083
3 2163 2309 2083
3 2311 2309 2163
3 2445 2391 9208
3 2309 2445 9208
3 2311 2445 2309
3 9210 2391 2445
3 6026 5962 8949
3 6026 9209 5962
3 9209 8951 5962
3 9209 9211 8951
3 1101 1036 8952
3 1259 1202 1101
3 1101 1202 1036
3 1417 1358 1259
3 1259 1358 1202
3 1603 1524 1417
3 1417 1524 1358
3 1524 1603 8950
3 1603 1783 8950
3 1603 1785 1783
3 1981 1783 1785
3 1979 1783 1981
3 2165 1979 1981
3 2163 1979 2165
3 2313 2163 2165
3 2311 2163 2313
3 2447 2311 2313
3 2445 2311 2447
3 2595 2537 9210
3 2445 2595 9210
3 2447 2595 2445
3 2537 2595 2765
3 2537 2765 2705
3 2705 2765 2943
3 2705 2943 2883
3 2883 2943 8953
3 3075 2883 8953
3 3077 2883 3075
3 9212 3077 3075
3 9212 3075 8954
3 6224 8951 9211
3 6224 9211 6226
3 6226 9213 6224
3 6224 9213 8955
3 1101 8952 1038
3 8952 9214 1038
3 8952 8956 9214
3 1101 1038 1204
3 1101 1204 1259
3 1259 1204 1360
3 1259 1360 1417
3 1417 1360 1528
3 1417 1528 1603
3 1603 1528 1698
3 1603 1698 1785
3 1785 1698 9215
3 1983 1785 9215
3 1981 1785 1983
3 2167 1981 1983
3 2165 1981 2167
3 2317 2165 2167
3 2313 2165 2317
3 2389 2447 8957
3 2447 2317 8957
3 2447 2313 2317
3 2535 2595 2389
3 2389 2595 2447
3 2703 2765 2535
3 2535 2765 2595
3 2881 2943 2703
3 2703 2943 2765
3 8953 2943 2881
3 8954 3301 9212
3 9212 3301 3303
3 3529 3303 3301
3 3529 3531 3303
3 3529 8958 3825
3 3755 3529 3825
3 3531 3529 3755
3 9216 3755 3825
3 6514 8955 9213
3 6514 9213 6516
3 6516 6808 6514
3 6810 6808 6516
3 6810 7076 6808
3 7078 7076 6810
3 7078 7368 7076
3 7370 7368 7078
3 7741 7676 9217
3 7676 7370 9217
3 7676 7368 7370
3 7741 8959 7676
3 935 878 8960
3 8956 878 935
3 9218 8956 935
3 9214 8956 9218
3 1888 1983 9215
3 1983 1888 9219
3 2169 1983 9219
3 2167 1983 2169
3 2319 2167 2169
3 2317 2167 2319
3 8957 2317 8961
3 8961 2317 2319
3 3751 3825 8958
3 3825 3751 9216
3 3751 4005 9216
3 3751 4003 4005
3 4249 4324 9220
3 4005 4249 9220
3 4003 4249 4005
3 8962 4324 4249
3 7678 7741 9217
3 9221 8035 7970
3 9221 7970 8959
3 7678 9221 8959
3 7741 7678 8959
3 8035 8963 7970
3 789 736 8964
3 880 935 8960
3 880 8960 736
3 9222 880 736
3 789 9222 736
3 9218 935 880
3 9223 2171 2169
3 9223 2169 9219
3 2253 2319 8965
3 2319 2171 8965
3 2319 2169 2171
3 8961 2319 2253
3 4324 4251 9220
3 9224 4251 4324
3 8962 9224 4324
3 8966 9224 8962
3 9225 8037 8035
3 9225 8035 9221
3 8963 8035 8967
3 8967 8035 8037
3 661 608 8968
3 608 661 8964
3 661 789 8964
3 661 791 789
3 9222 789 791
3 9222 791 9226
3 1889 9227 1989
3 2171 9223 1889
3 2171 1889 1989
3 2081 2171 1989
3 8969 2081 1989
3 8965 2171 2081
3 8966 4489 9224
3 9224 4489 4491
3 9228 4491 4489
3 9228 4489 8970
3 9229 8039 8037
3 9229 8037 9225
3 8967 8037 8971
3 8971 8037 8039
3 8972 663 8968
3 8968 663 661
3 793 661 663
3 791 661 793
3 9226 791 793
3 9226 793 9230
3 1699 9231 1795
3 1989 9227 1699
3 1989 1699 1795
3 1885 1989 1795
3 8973 1885 1795
3 8969 1989 1885
3 8970 4731 9228
3 9228 4731 4733
3 9232 4733 4731
3 9232 4731 8974
3 9233 8041 8039
3 9233 8039 9229
3 8971 8039 8975
3 8975 8039 8041
3 609 663 8972
3 8976 795 609
3 795 663 609
3 795 793 663
3 943 881 9230
3 793 943 9230
3 795 943 793
3 881 943 1115
3 881 1115 1039
3 1039 1115 1271
3 1039 1271 1205
3 9234 1205 1271
3 1529 9235 1615
3 1795 9231 1529
3 1795 1529 1615
3 1695 1795 1615
3 8977 1695 1615
3 8973 1795 1695
3 5052 9236 4965
3 9236 8974 4965
3 9236 9232 8974
3 8978 5052 4965
3 7972 8041 9233
3 7972 9237 8041
3 9237 8975 8041
3 9237 8979 8975
3 737 795 8976
3 879 943 737
3 737 943 795
3 1037 1115 879
3 879 1115 943
3 8980 1273 1037
3 1273 1115 1037
3 1273 1271 1115
3 1431 1361 9234
3 1271 1431 9234
3 1273 1431 1271
3 1615 9235 1361
3 1431 1615 1361
3 1617 1615 1431
3 8977 1615 8981
3 8981 1615 1617
3 5052 4967 9236
3 9238 4967 5052
3 8978 9238 5052
3 8982 9238 8978
3 8979 9239 8983
3 9237 9239 8979
3 1203 1273 8980
3 8984 1433 1203
3 1433 1273 1203
3 1433 1431 1273
3 1619 1431 1433
3 1617 1431 1619
3 8981 1617 8985
3 8985 1617 1619
3 8982 5213 9238
3 9238 5213 5215
3 5475 5215 5213
3 5475 5477 5215
3 5707 5477 5475
3 5707 5709 5477
3 5963 5709 5707
3 5963 5965 5709
3 6225 5965 5963
3 6225 6227 5965
3 6515 6227 6225
3 6515 6517 6227
3 6515 8986 6883
3 6811 6515 6883
3 6517 6515 6811
3 9240 6811 6883
3 8983 9241 8987
3 9239 9241 8983
3 1359 1433 8984
3 1525 1619 1359
3 1359 1619 1433
3 8985 1619 1525
3 6809 6883 8986
3 7079 9240 7159
3 7159 9240 8988
3 9240 6883 8988
3 6883 6809 8988
3 9242 7079 7159
3 7679 9243 7759
3 7679 7759 8989
3 7971 7679 8989
3 7973 7679 7971
3 7971 8987 7973
3 7973 8987 9241
3 7077 7159 8988
3 7159 7077 9242
3 7077 7371 9242
3 7077 7369 7371
3 9243 7371 7759
3 7371 7677 7759
3 7371 7369 7677
3 8989 7759 7677
3 1941 1886 9138
3 9386 2084 1941
3 2084 1886 1941
3 2084 2082 1886
3 2084 2254 2082
3 2256 2254 2084
3 2407 2390 9387
3 2390 2256 9387
3 2390 2254 2256
3 2555 2536 2407
3 2407 2536 2390
3 2725 2704 2555
3 2555 2704 2536
3 2725 9139 2704
3 9388 3078 3096
3 3096 3078 3320
3 3320 3078 3304
3 3320 3304 3548
3 3548 3304 3532
3 3548 3532 3774
3 3774 3532 3756
3 3756 9389 3774
3 9075 9056 9140
3 9323 9306 9075
3 9075 9306 9056
3 9559 9540 9323
3 9323 9540 9306
3 9767 9746 9559
3 9559 9746 9540
3 9951 9934 9767
3 9767 9934 9746
3 9951 9141 9934
3 1633 1570 9142
3 1815 1740 1633
3 1633 1740 1570
3 1815 9143 1740
3 1941 9138 1890
3 9138 9390 1890
3 9138 9144 9390
3 9386 1941 1890
3 2392 2407 9387
3 2407 2392 2538
3 2407 2538 2555
3 2555 2538 2706
3 2555 2706 2725
3 2882 9139 2725
3 2706 2882 2725
3 2884 2882 2706
3 2884 9388 3096
3 3076 2884 3096
3 2882 2884 3076
3 3320 3302 3076
3 3320 3076 3096
3 3548 3530 3302
3 3548 3302 3320
3 3774 3752 3530
3 3774 3530 3548
3 3774 9389 3752
3 9389 9145 3752
3 9389 9391 9145
3 8807 8786 9146
3 8786 8807 9140
3 8807 9075 9140
3 8807 9077 9075
3 9325 9075 9077
3 9323 9075 9325
3 9561 9323 9325
3 9559 9323 9561
3 9769 9559 9561
3 9767 9559 9769
3 9953 9767 9769
3 9951 9767 9953
3 9141 9951 10106
3 9951 10121 10106
3 9951 9953 10121
3 10121 9147 10106
3 9148 1635 9142
3 9142 1635 1633
3 1817 1633 1635
3 1815 1633 1817
3 9143 1815 1934
3 1815 2009 1934
3 1815 1817 2009
3 2009 9149 1934
3 1749 1696 9150
3 9144 1696 1749
3 9392 9144 1749
3 9390 9144 9392
3 9391 4006 4028
3 9151 9391 4028
3 9145 9391 9151
3 4006 9393 4028
3 9152 8809 9146
3 9146 8809 8807
3 9079 8807 8809
3 9077 8807 9079
3 9327 9077 9079
3 9325 9077 9327
3 9563 9325 9327
3 9561 9325 9563
3 9563 9394 9748
3 9769 9563 9748
3 9561 9563 9769
3 9769 9748 9936
3 9769 9936 9953
3 9953 9936 9395
3 10123 9953 9395
3 10121 9953 10123
3 9147 10121 50
3 10121 69 50
3 10121 10123 69
3 9396 222 69
3 222 50 69
3 222 220 50
3 222 368 220
3 370 368 222
3 370 518 368
3 520 518 370
3 520 9397 518
3 518 9397 9153
3 9154 1637 9148
3 9148 1637 1635
3 1819 1635 1637
3 1817 1635 1819
3 1935 2009 9155
3 2009 1819 9155
3 2009 1817 1819
3 9149 2009 1935
3 9156 1751 9150
3 9150 1751 1749
3 9392 1749 1751
3 9392 1751 9398
3 9151 4028 4007
3 9399 9151 4007
3 9157 9151 9399
3 4028 9393 4007
3 8787 8809 9152
3 9158 9081 8787
3 9081 8809 8787
3 9081 9079 8809
3 9329 9079 9081
3 9327 9079 9329
3 9565 9327 9329
3 9563 9327 9565
3 9773 9749 9394
3 9563 9773 9394
3 9565 9773 9563
3 9749 9773 9957
3 9749 9957 9937
3 10123 9395 9937
3 9957 10123 9937
3 10125 10123 9957
3 10125 9400 52
3 69 10125 52
3 10123 10125 69
3 9396 69 52
3 9401 683 656
3 9153 9401 656
3 9397 9401 9153
3 683 9159 656
3 1571 1637 9154
3 1741 1819 1571
3 1571 1819 1637
3 9155 1819 1741
3 9160 1753 9156
3 9156 1753 1751
3 9398 1751 1753
3 9398 1753 9402
3 9157 9403 9161
3 9399 9403 9157
3 8813 8788 9162
3 9058 9081 9158
3 9058 9158 8788
3 9404 9058 8788
3 8813 9404 8788
3 9081 9058 9308
3 9081 9308 9329
3 9329 9308 9542
3 9329 9542 9565
3 9565 9542 9405
3 9775 9565 9405
3 9773 9565 9775
3 9959 9773 9775
3 9957 9773 9959
3 10127 9957 9959
3 10125 9957 10127
3 9400 10125 10127
3 9400 10127 9406
3 9407 685 683
3 9407 683 9401
3 9159 683 9163
3 9163 683 685
3 1577 1526 9164
3 1700 1753 9160
3 1700 9160 1526
3 9408 1700 1526
3 1577 9408 1526
3 9402 1753 1700
3 9161 9409 9165
3 9403 9409 9161
3 8813 9162 8790
3 9162 9410 8790
3 9162 9166 9410
3 9404 8813 8790
3 9411 9777 9775
3 9411 9775 9405
3 9961 9775 9777
3 9959 9775 9961
3 10129 9959 9961
3 10127 9959 10129
3 9406 10127 10129
3 9406 10129 9412
3 9413 687 685
3 9413 685 9407
3 9163 685 9167
3 9167 685 687
3 9168 1579 9164
3 9164 1579 1577
3 9408 1577 1579
3 9408 1579 9414
3 9165 9415 9169
3 9409 9415 9165
3 9416 9166 9170
3 9416 9410 9166
3 9750 9777 9411
3 9777 9750 9417
3 9963 9777 9417
3 9961 9777 9963
3 10131 9961 9963
3 10129 9961 10131
3 77 53 9412
3 10129 77 9412
3 10131 77 10129
3 53 77 245
3 53 245 223
3 9418 223 245
3 521 9419 547
3 687 9413 521
3 687 521 547
3 657 687 547
3 9171 657 547
3 9167 687 657
3 9172 1581 9168
3 9168 1581 1579
3 9414 1579 1581
3 9414 1581 9420
3 3753 3792 9173
3 3753 9169 3792
3 9169 9421 3792
3 9169 9415 9421
3 9422 9170 9174
3 9422 9416 9170
3 9751 9423 9781
3 9963 9417 9751
3 9781 9963 9751
3 9965 9963 9781
3 10133 9963 9965
3 10131 9963 10133
3 79 10131 10133
3 77 10131 79
3 247 77 79
3 245 77 247
3 397 371 9418
3 245 397 9418
3 247 397 245
3 547 9419 371
3 397 547 371
3 549 547 397
3 9171 547 9175
3 9175 547 549
3 9176 1583 9172
3 9172 1583 1581
3 1761 1701 9420
3 1581 1761 9420
3 1583 1761 1581
3 9424 1701 1761
3 3792 3754 9173
3 9421 4008 4034
3 9421 4034 9177
3 3792 9421 9177
3 3754 3792 9177
3 4008 9425 4034
3 9174 8789 9422
3 9422 8789 8791
3 8789 9178 9091
3 9059 8789 9091
3 8791 8789 9059
3 9059 9091 9339
3 9059 9339 9309
3 9309 9339 9575
3 9309 9575 9543
3 9781 9423 9543
3 9781 9543 9575
3 9747 9781 9575
3 9179 9747 9575
3 9935 9965 9747
3 9747 9965 9781
3 9180 10135 9935
3 10135 9965 9935
3 10135 10133 9965
3 81 10133 10135
3 79 10133 81
3 249 79 81
3 247 79 249
3 399 247 249
3 397 247 399
3 551 397 399
3 549 397 551
3 9175 549 9181
3 9181 549 551
3 1527 1583 9176
3 9182 1763 1527
3 1763 1583 1527
3 1763 1761 1583
3 1959 1891 9424
3 1761 1959 9424
3 1763 1959 1761
3 9426 1891 1959
3 4034 4004 9177
3 4004 4034 9425
3 4252 4004 9425
3 4250 4004 4252
3 4252 4490 4250
3 4492 4490 4252
3 9183 4490 4764
3 4490 4734 4764
3 4490 4492 4734
3 4734 9427 4764
3 9057 9091 9178
3 9307 9339 9057
3 9057 9339 9091
3 9541 9575 9307
3 9307 9575 9339
3 9179 9575 9541
3 10107 10135 9180
3 51 81 10107
3 10107 81 10135
3 9184 251 51
3 251 81 51
3 251 249 81
3 401 249 251
3 399 249 401
3 553 399 401
3 551 399 553
3 9181 551 9185
3 9185 551 553
3 9186 1765 9182
3 9182 1765 1763
3 1961 1763 1765
3 1959 1763 1961
3 9426 1959 1961
3 9426 1961 9428
3 4764 4732 9183
3 4764 9427 4732
3 9427 9187 4732
3 9427 9429 9187
3 221 251 9184
3 369 401 221
3 221 401 251
3 519 553 369
3 369 553 401
3 9185 553 519
3 1153 1096 9188
3 1311 1254 1153
3 1153 1254 1096
3 1311 9189 1254
3 9190 1767 9186
3 9186 1767 1765
3 1963 1765 1767
3 1961 1765 1963
3 9428 1961 1963
3 9428 1963 9430
3 9187 9431 9191
3 9429 9431 9187
3 9192 1155 9188
3 9188 1155 1153
3 1313 1153 1155
3 1311 1153 1313
3 9189 1311 9193
3 9193 1311 1313
3 9194 1769 9190
3 9190 1769 1767
3 1965 1767 1769
3 1963 1767 1965
3 9430 1963 1965
3 9430 1965 9432
3 9191 9433 9195
3 9431 9433 9191
3 1097 1155 9192
3 1255 1313 1097
3 1097 1313 1155
3 9193 1313 1255
3 9196 1771 9194
3 9194 1771 1769
3 1771 9434 1892
3 1965 1771 1892
3 1769 1771 1965
3 9432 1965 1892
3 9195 9435 9197
3 9433 9435 9195
3 1771 9196 1702
3 9196 9436 1702
3 9196 9198 9436
3 9434 1771 1702
3 9435 4968 5020
3 9199 9435 5020
3 9197 9435 9199
3 4968 9437 5020
3 9438 9198 9200
3 9438 9436 9198
3 5020 4966 9199
3 9437 5216 5294
3 9437 5294 9201
3 5020 9437 9201
3 4966 5020 9201
3 5216 9439 5294
3 1703 9438 1777
3 9438 9202 1777
3 9438 9200 9202
3 9440 1703 1777
3 5294 5214 9201
3 5214 5294 9439
3 5478 5214 9439
3 5476 5214 5478
3 5478 5708 5476
3 5710 5708 5478
3 9203 5708 6018
3 5708 5966 6018
3 5708 5710 5966
3 5966 9441 6018
3 1697 1777 9202
3 1893 9440 1975
3 1975 9440 9204
3 9440 1777 9204
3 1777 1697 9204
3 1893 1975 2159
3 1893 2159 2085
3 2085 2159 2307
3 2085 2307 2257
3 2257 2307 2441
3 2257 2441 2393
3 9442 2393 2441
3 6022 9205 9203
3 6022 9203 6018
3 6018 9441 6022
3 6022 9441 9443
3 1887 1975 9204
3 9206 2161 1887
3 2161 1975 1887
3 2161 2159 1975
3 2255 2307 9207
3 2307 2161 9207
3 2307 2159 2161
3 9208 2443 2255
3 2443 2307 2255
3 2443 2441 2307
3 2591 2539 9442
3 2441 2591 9442
3 2443 2591 2441
3 9444 2539 2591
3 6022 5964 9205
3 6022 9443 5964
3 9443 9209 5964
3 9443 9445 9209
3 2083 2161 9206
3 9207 2161 2083
3 2391 2443 9208
3 9210 2593 2391
3 2593 2443 2391
3 2593 2591 2443
3 2763 2707 9444
3 2591 2763 9444
3 2593 2763 2591
3 2707 2763 2941
3 2707 2941 2885
3 9446 2885 2941
3 9445 6228 6298
3 9211 9445 6298
3 9209 9445 9211
3 6228 9447 6298
3 2537 2593 9210
3 2705 2763 2537
3 2537 2763 2593
3 2883 2941 2705
3 2705 2941 2763
3 2941 2883 9446
3 2883 3079 9446
3 2883 3077 3079
3 9448 3079 3077
3 9448 3077 9212
3 6298 6226 9211
3 6298 9447 6226
3 9447 9213 6226
3 9447 9449 9213
3 1103 1038 9214
3 9450 1206 1103
3 1206 1038 1103
3 1206 1204 1038
3 1206 1360 1204
3 1362 1360 1206
3 1362 1528 1360
3 1530 1528 1362
3 1787 1698 9451
3 1698 1530 9451
3 1698 1528 1530
3 1787 9215 1698
3 9212 3303 9448
3 9448 3303 3305
3 3531 3305 3303
3 3531 3533 3305
3 3755 3826 9452
3 3533 3755 9452
3 3531 3755 3533
3 9216 3826 3755
3 6516 9213 9449
3 6516 9449 6518
3 6869 6810 9453
3 6810 6518 9453
3 6810 6516 6518
3 7141 7078 6869
3 6869 7078 6810
3 7447 7370 7141
3 7141 7370 7078
3 7447 9217 7370
3 1103 9214 1040
3 9214 9454 1040
3 9214 9218 9454
3 9450 1103 1040
3 1704 1787 9451
3 9455 1985 1888
3 9455 1888 9215
3 1704 9455 9215
3 1787 1704 9215
3 1985 9219 1888
3 3826 3757 9452
3 4080 9456 4005
3 4005 9456 9216
3 9456 3757 9216
3 3757 3826 9216
3 9220 4080 4005
3 6812 6869 9453
3 6869 6812 9457
3 7143 6869 9457
3 7141 6869 7143
3 7451 7141 7143
3 7447 7141 7451
3 9217 7447 7678
3 7447 7745 7678
3 7447 7451 7745
3 7745 9221 7678
3 937 880 9222
3 9218 880 937
3 9458 9218 937
3 9454 9218 9458
3 9459 1987 1985
3 9459 1985 9455
3 9219 1985 9223
3 9223 1985 1987
3 4080 4009 9456
3 4328 9460 4251
3 4251 9460 9220
3 9460 4009 9220
3 4009 4080 9220
3 9224 4328 4251
3 9461 7145 7143
3 9461 7143 9457
3 7453 7143 7145
3 7451 7143 7453
3 7747 7451 7453
3 7745 7451 7747
3 9221 7745 9225
3 9225 7745 7747
3 9226 939 9222
3 9222 939 937
3 9458 937 939
3 9458 939 9462
3 1705 9463 1793
3 1987 9459 1705
3 1987 1705 1793
3 1889 1987 1793
3 9227 1889 1793
3 9223 1987 1889
3 4328 4253 9460
3 9224 4491 4328
3 4491 4253 4328
3 4491 4493 4253
3 4491 9228 4807
3 4735 4491 4807
3 4493 4491 4735
3 9464 4735 4807
3 7080 7145 9461
3 7145 7080 7372
3 7145 7372 7453
3 7453 7372 9465
3 7749 7453 9465
3 7747 7453 7749
3 9225 7747 9229
3 9229 7747 7749
3 9230 941 9226
3 9226 941 939
3 1113 1041 9462
3 939 1113 9462
3 941 1113 939
3 9466 1041 1113
3 9231 1699 1793
3 9463 9231 1793
3 9467 9231 9463
3 9227 1793 1699
3 4733 4807 9228
3 9464 4807 4733
3 9232 9464 4733
3 9468 9464 9232
3 9469 7751 7749
3 9469 7749 9465
3 9229 7749 9233
3 9233 7749 7751
3 881 941 9230
3 1039 1113 881
3 881 1113 941
3 1113 1039 9466
3 1039 1207 9466
3 1039 1205 1207
3 1205 9234 1429
3 1363 1205 1429
3 1207 1205 1363
3 1363 1429 9235
3 1529 1363 9235
3 1531 1363 1529
3 1529 9231 1531
3 1531 9231 9467
3 9470 9232 9236
3 9470 9468 9232
3 7680 7751 9469
3 9471 8043 7972
3 9471 7972 9233
3 7680 9471 9233
3 7751 7680 9233
3 8043 9237 7972
3 1361 1429 9234
3 9235 1429 1361
3 9236 4967 9470
3 9470 4967 4969
3 9472 4969 4967
3 9472 4967 9238
3 5711 9473 5789
3 5711 5789 6045
3 5711 6045 5967
3 5967 6045 6317
3 5967 6317 6229
3 6229 6317 6615
3 6229 6615 6519
3 6519 6615 6881
3 6519 6881 6813
3 9474 6813 6881
3 9475 8045 8043
3 9475 8043 9471
3 9237 8043 9239
3 9239 8043 8045
3 9238 5215 9472
3 9472 5215 5217
3 5477 5217 5215
3 5477 5479 5217
3 9473 5479 5789
3 5479 5709 5789
3 5479 5477 5709
3 5965 6045 5709
3 5709 6045 5789
3 6227 6317 5965
3 5965 6317 6045
3 6517 6615 6227
3 6227 6615 6317
3 6811 6881 6517
3 6517 6881 6615
3 7081 9474 7155
3 7155 9474 9240
3 9474 6881 9240
3 6881 6811 9240
3 9476 7081 7155
3 7681 9477 7757
3 8045 9475 7681
3 7757 8045 7681
3 8047 8045 7757
3 9239 8045 9241
3 9241 8045 8047
3 7079 7155 9240
3 7373 9476 7465
3 7465 9476 9242
3 9476 7155 9242
3 7155 7079 9242
3 7757 9477 7373
3 7757 7373 7465
3 7679 7757 7465
3 9243 7679 7465
3 7973 8047 7679
3 7679 8047 7757
3 9241 8047 7973
3 7371 7465 9242
3 9243 7465 7371
3 2125 2084 9386
3 2273 2256 2125
3 2125 2256 2084
3 2273 9387 2256
3 9622 3080 9388
3 9388 3080 3078
3 3080 3304 3078
3 3306 3304 3080
3 3306 3532 3304
3 3534 3532 3306
3 3534 3756 3532
3 3758 3756 3534
3 3758 9623 3756
3 3756 9623 9389
3 1943 1890 9390
3 2086 2125 9386
3 2086 9386 1890
3 9624 2086 1890
3 1943 9624 1890
3 2125 2086 9625
3 2275 2125 9625
3 2273 2125 2275
3 9387 2273 2392
3 2273 2409 2392
3 2273 2275 2409
3 9626 2540 2409
3 2540 2392 2409
3 2540 2538 2392
3 2540 2706 2538
3 2708 2706 2540
3 2708 2884 2706
3 2886 2884 2708
3 9388 2884 2886
3 9388 2886 9622
3 9623 4010 4026
3 9391 9623 4026
3 9389 9623 9391
3 4010 9627 4026
3 9392 1945 9390
3 9390 1945 1943
3 9624 1943 1945
3 9624 1945 9628
3 2258 2275 9625
3 2275 2258 2394
3 2275 2394 2409
3 9626 2409 2394
3 4026 4006 9391
3 4026 9627 4006
3 9627 9393 4006
3 9627 9629 9393
3 9771 9748 9394
3 9955 9936 9771
3 9771 9936 9748
3 9955 9395 9936
3 237 222 9396
3 387 370 237
3 237 370 222
3 539 520 387
3 387 520 370
3 539 9397 520
3 1945 9392 1894
3 9392 9630 1894
3 9392 9398 9630
3 9628 1945 1894
3 4011 9631 9399
3 4011 9399 4007
3 4007 9393 4011
3 4011 9393 9629
3 9749 9771 9394
3 9937 9955 9749
3 9749 9955 9771
3 9395 9955 9937
3 71 52 9400
3 52 71 9396
3 71 237 9396
3 71 239 237
3 389 237 239
3 387 237 389
3 541 387 389
3 539 387 541
3 9397 539 9401
3 9401 539 541
3 9632 9398 9402
3 9632 9630 9398
3 9399 9633 9403
3 9631 9633 9399
3 9083 9058 9404
3 9331 9308 9083
3 9083 9308 9058
3 9567 9542 9331
3 9331 9542 9308
3 9567 9405 9542
3 9406 73 9400
3 9400 73 71
3 241 71 73
3 239 71 241
3 241 9634 372
3 389 241 372
3 239 241 389
3 389 372 9635
3 543 389 9635
3 541 389 543
3 9401 541 9407
3 9407 541 543
3 1755 1700 9408
3 9402 1700 1755
3 9636 9402 1755
3 9632 9402 9636
3 9403 9637 9409
3 9633 9637 9403
3 8815 8790 9410
3 8790 8815 9404
3 8815 9083 9404
3 8815 9085 9083
3 9333 9083 9085
3 9331 9083 9333
3 9569 9331 9333
3 9567 9331 9569
3 9405 9567 9411
3 9411 9567 9569
3 9412 75 9406
3 9406 75 73
3 243 73 75
3 241 73 243
3 393 373 9634
3 241 393 9634
3 243 393 241
3 543 9635 373
3 393 543 373
3 545 543 393
3 9407 543 9413
3 9413 543 545
3 9414 1757 9408
3 9408 1757 1755
3 9636 1755 1757
3 9636 1757 9638
3 9637 4012 4030
3 9415 9637 4030
3 9409 9637 9415
3 4012 9639 4030
3 9416 8817 9410
3 9410 8817 8815
3 9087 8815 8817
3 9085 8815 9087
3 9335 9085 9087
3 9333 9085 9335
3 9571 9333 9335
3 9569 9333 9571
3 9411 9569 9750
3 9569 9779 9750
3 9569 9571 9779
3 9779 9417 9750
3 53 75 9412
3 223 243 53
3 53 243 75
3 9418 395 223
3 395 243 223
3 395 393 243
3 521 545 9419
3 545 395 9419
3 545 393 395
3 9413 545 521
3 9420 1759 9414
3 9414 1759 1757
3 9638 1757 1759
3 9638 1759 9640
3 4032 9421 9415
3 4032 9415 4030
3 4254 4272 9639
3 4272 4030 9639
3 4272 4032 4030
3 4272 4254 4510
3 4510 4254 4494
3 4510 4494 4756
3 4756 4494 4736
3 4736 9641 4756
3 9422 8819 9416
3 9416 8819 8817
3 9089 8817 8819
3 9087 8817 9089
3 9337 9087 9089
3 9335 9087 9337
3 9573 9335 9337
3 9571 9335 9573
3 9751 9779 9423
3 9779 9573 9423
3 9779 9571 9573
3 9417 9779 9751
3 371 395 9418
3 9419 395 371
3 1701 1759 9420
3 1895 9640 1957
3 1957 9640 9424
3 9640 1759 9424
3 1759 1701 9424
3 9642 1895 1957
3 4032 4008 9421
3 4274 9425 4008
3 4032 4274 4008
3 4272 4274 4032
3 4272 4514 4274
3 4272 4510 4514
3 4510 4760 4514
3 4510 4756 4760
3 4970 4992 9641
3 4992 4756 9641
3 4992 4760 4756
3 4970 9643 4992
3 8791 8819 9422
3 9059 9089 8791
3 8791 9089 8819
3 9309 9337 9059
3 9059 9337 9089
3 9543 9573 9309
3 9309 9573 9337
3 9423 9573 9543
3 1891 1957 9424
3 2087 9642 2143
3 2143 9642 9426
3 9642 1957 9426
3 1957 1891 9426
3 9644 2087 2143
3 4274 4252 9425
3 4514 4492 4252
3 4514 4252 4274
3 4760 4734 4492
3 4760 4492 4514
3 4996 9427 4734
3 4760 4996 4734
3 4992 4996 4760
3 4992 9643 4996
3 4996 9643 9645
3 9428 2145 9426
3 9426 2145 2143
3 2293 2259 9644
3 2143 2293 9644
3 2145 2293 2143
3 9646 2259 2293
3 5002 9429 9427
3 5002 9427 4996
3 4996 9645 5002
3 5002 9645 9647
3 9430 2147 9428
3 9428 2147 2145
3 2295 2145 2147
3 2293 2145 2295
3 9646 2293 2295
3 9646 2295 9648
3 9429 5002 4971
3 9649 9429 4971
3 9431 9429 9649
3 5002 9647 4971
3 9432 2149 9430
3 9430 2149 2147
3 2297 2147 2149
3 2295 2147 2297
3 9648 2295 2297
3 9648 2297 9650
3 9431 9651 9433
3 9649 9651 9431
3 1967 1892 9434
3 1892 1967 9432
3 1967 2149 9432
3 1967 2151 2149
3 2151 9652 2260
3 2297 2151 2260
3 2149 2151 2297
3 9650 2297 2260
3 9433 9653 9435
3 9651 9653 9433
3 1773 1702 9436
3 1702 1773 9434
3 1773 1967 9434
3 1773 1969 1967
3 2153 1967 1969
3 2151 1967 2153
3 9652 2151 2153
3 9652 2153 9654
3 4968 9435 9653
3 4968 9653 4972
3 4972 9655 4968
3 4968 9655 9437
3 9438 1775 9436
3 9436 1775 1773
3 1971 1773 1775
3 1969 1773 1971
3 2155 1969 1971
3 2153 1969 2155
3 2303 2261 9654
3 2153 2303 9654
3 2155 2303 2153
3 2261 2303 2437
3 2261 2437 2395
3 9656 2395 2437
3 5216 9437 9655
3 5216 9655 5218
3 9439 5216 5526
3 5216 5480 5526
3 5216 5218 5480
3 5526 5480 5760
3 5760 5480 5712
3 5760 5712 6014
3 6014 5712 5968
3 6014 5968 6282
3 6282 5968 6230
3 6230 9657 6282
3 1703 1775 9438
3 9440 1973 1703
3 1973 1775 1703
3 1973 1971 1775
3 2157 1971 1973
3 2155 1971 2157
3 2305 2155 2157
3 2303 2155 2305
3 2439 2303 2305
3 2437 2303 2439
3 9656 2437 2439
3 9656 2439 9658
3 5526 5478 9439
3 5760 5710 5478
3 5760 5478 5526
3 6014 5966 5710
3 6014 5710 5760
3 6286 9441 5966
3 6014 6286 5966
3 6282 6286 6014
3 6282 9657 6286
3 6286 9657 9659
3 1893 1973 9440
3 2085 2157 1893
3 1893 2157 1973
3 2257 2305 2085
3 2085 2305 2157
3 2393 2439 2257
3 2257 2439 2305
3 2541 9658 2589
3 2589 9658 9442
3 9658 2439 9442
3 2439 2393 9442
3 9660 2541 2589
3 6290 9443 9441
3 6290 9441 6286
3 6286 9659 6290
3 6290 9659 9661
3 2539 2589 9442
3 2709 9660 2761
3 2761 9660 9444
3 9660 2589 9444
3 2589 2539 9444
3 2709 2761 2939
3 2709 2939 2887
3 2887 2939 3137
3 2887 3137 3081
3 9662 3081 3137
3 6294 9445 9443
3 6294 9443 6290
3 6290 9661 6294
3 6294 9661 9663
3 2707 2761 9444
3 2885 2939 2707
3 2707 2939 2761
3 9446 3141 2885
3 3141 2939 2885
3 3141 3137 2939
3 9662 3137 3141
3 9662 3141 9664
3 6294 6228 9445
3 6294 9663 6228
3 9663 9447 6228
3 9663 9665 9447
3 3079 3141 9446
3 3307 9664 3369
3 3369 9664 9448
3 9664 3141 9448
3 3141 3079 9448
3 9666 3307 3369
3 9447 9667 9449
3 9665 9667 9447
3 1261 1206 9450
3 1419 1362 1261
3 1261 1362 1206
3 1605 1530 1419
3 1419 1530 1362
3 1605 9451 1530
3 3305 3369 9448
3 3369 3305 9666
3 3305 3535 9666
3 3305 3533 3535
3 9668 3535 3533
3 9668 3533 9452
3 9669 6601 6518
3 9449 9669 6518
3 9667 9669 9449
3 6601 9453 6518
3 1105 1040 9454
3 1208 1261 9450
3 1208 9450 1040
3 9670 1208 1040
3 1105 9670 1040
3 1261 1208 1364
3 1261 1364 1419
3 1419 1364 1532
3 1419 1532 1605
3 9671 1789 1704
3 9671 1704 9451
3 1532 9671 9451
3 1605 1532 9451
3 1789 9455 1704
3 3830 9672 3757
3 9672 9452 3757
3 9672 9668 9452
3 9456 3830 3757
3 6520 6601 9669
3 9673 6871 6812
3 9673 6812 9453
3 6520 9673 9453
3 6601 6520 9453
3 6871 9457 6812
3 9458 1107 9454
3 9454 1107 1105
3 9670 1105 1107
3 9670 1107 9674
3 9675 1791 1789
3 9675 1789 9671
3 9455 1789 9459
3 9459 1789 1791
3 3830 3759 9672
3 4084 9676 4009
3 4009 9676 9456
3 9676 3759 9456
3 3759 3830 9456
3 9460 4084 4009
3 9677 6873 6871
3 9677 6871 9673
3 9457 6871 9461
3 9461 6871 6873
3 9462 1109 9458
3 9458 1109 1107
3 9674 1107 1109
3 9674 1109 9678
3 9463 1705 1791
3 9675 9463 1791
3 9679 9463 9675
3 9459 1791 1705
3 4084 4013 9676
3 9460 4253 4084
3 4253 4013 4084
3 4253 4255 4013
3 4493 4255 4253
3 4493 4495 4255
3 4735 4495 4493
3 4735 4737 4495
3 9680 4737 4735
3 9680 4735 9464
3 9681 6875 6873
3 9681 6873 9677
3 9461 6873 7080
3 6873 7147 7080
3 6873 6875 7147
3 7455 7372 7147
3 7147 7372 7080
3 7455 9465 7372
3 1041 1109 9462
3 1209 9678 1269
3 1269 9678 9466
3 9678 1109 9466
3 1109 1041 9466
3 1209 1269 1427
3 1209 1427 1365
3 1365 1427 1613
3 1365 1613 1533
3 1613 9467 1533
3 9467 9679 1533
3 9467 9463 9679
3 4973 9680 5049
3 9680 9468 5049
3 9680 9464 9468
3 9682 4973 5049
3 6521 9683 6611
3 6875 9681 6521
3 6611 6875 6521
3 6877 6875 6611
3 7149 6875 6877
3 7147 6875 7149
3 7457 7147 7149
3 7455 7147 7457
3 9465 7455 9469
3 9469 7455 7457
3 1207 1269 9466
3 1363 1427 1207
3 1207 1427 1269
3 1531 1613 1363
3 1363 1613 1427
3 9467 1613 1531
3 9470 5053 9468
3 9468 5053 5049
3 9682 5049 5053
3 9682 5053 9684
3 5969 9685 6043
3 5969 6043 6315
3 5969 6315 6231
3 6611 9683 6231
3 6315 6611 6231
3 6613 6611 6315
3 6879 6611 6613
3 6877 6611 6879
3 7151 6877 6879
3 7149 6877 7151
3 7459 7149 7151
3 7457 7149 7459
3 9469 7457 7680
3 7457 7753 7680
3 7457 7459 7753
3 7753 9471 7680
3 4969 5053 9470
3 5219 9684 5323
3 5323 9684 9472
3 9684 5053 9472
3 5053 4969 9472
3 5219 5323 5555
3 5219 5555 5481
3 5481 5555 9473
3 5711 5481 9473
3 5713 5481 5711
3 9685 5713 6043
3 5713 5967 6043
3 5713 5711 5967
3 6229 6315 5967
3 5967 6315 6043
3 6519 6613 6229
3 6229 6613 6315
3 6813 6879 6519
3 6519 6879 6613
3 9474 7153 6813
3 7153 6879 6813
3 7153 7151 6879
3 7461 7151 7153
3 7459 7151 7461
3 7755 7459 7461
3 7753 7459 7755
3 9471 7753 9475
3 9475 7753 7755
3 5217 5323 9472
3 5479 5555 5217
3 5217 5555 5323
3 9473 5555 5479
3 7081 7153 9474
3 9476 7463 7081
3 7463 7153 7081
3 7463 7461 7153
3 7681 7755 9477
3 7755 7463 9477
3 7755 7461 7463
3 9475 7755 7681
3 7373 7463 9476
3 9477 7463 7373
3 3097 3080 9622
3 9832 3308 3097
3 3308 3080 3097
3 3308 3306 3080
3 3308 3534 3306
3 3536 3534 3308
3 3536 3758 3534
3 3760 3758 3536
3 3760 9833 3758
3 3758 9833 9623
3 2127 2086 9624
3 2127 9625 2086
3 2557 2540 9626
3 2727 2708 2557
3 2557 2708 2540
3 2905 2886 2727
3 2727 2886 2708
3 3082 3097 9622
3 3082 9622 2886
3 9834 3082 2886
3 2905 9834 2886
3 9832 3097 3082
3 9835 4027 4010
3 9623 9835 4010
3 9833 9835 9623
3 4027 9627 4010
3 9628 2129 9624
3 9624 2129 2127
3 9625 2127 2258
3 2127 2277 2258
3 2127 2129 2277
3 2411 2394 2277
3 2277 2394 2258
3 2394 2411 9626
3 2411 2557 9626
3 2411 2559 2557
3 2729 2557 2559
3 2727 2557 2729
3 2729 9836 2888
3 2905 2729 2888
3 2727 2729 2905
3 9834 2905 2888
3 9837 4029 4027
3 9837 4027 9835
3 9627 4027 9629
3 9629 4027 4029
3 1947 1894 9630
3 2088 2129 9628
3 2088 9628 1894
3 9838 2088 1894
3 1947 9838 1894
3 2129 2088 2262
3 2129 2262 2277
3 2277 2262 2396
3 2277 2396 2411
3 2411 2396 2542
3 2411 2542 2559
3 2559 2542 2710
3 2559 2710 2729
3 9836 2729 2710
3 9631 4011 4029
3 9837 9631 4029
3 9839 9631 9837
3 9629 4029 4011
3 1947 9630 1896
3 9630 9840 1896
3 9630 9632 9840
3 9838 1947 1896
3 9631 9841 9633
3 9839 9841 9631
3 391 372 9634
3 391 9635 372
3 9842 9632 9636
3 9842 9840 9632
3 9633 9843 9637
3 9841 9843 9633
3 373 391 9634
3 9635 391 373
3 9844 9636 9638
3 9844 9842 9636
3 4012 9637 9843
3 4012 9843 4014
3 9639 4012 4270
3 4012 4256 4270
3 4012 4014 4256
3 4256 9845 4270
3 1897 9844 1955
3 9844 9640 1955
3 9844 9638 9640
3 9846 1897 1955
3 4270 4254 9639
3 4254 4270 9845
3 4496 4254 9845
3 4494 4254 4496
3 4496 4736 4494
3 4738 4736 4496
3 9641 4736 4988
3 4736 4974 4988
3 4736 4738 4974
3 4974 9847 4988
3 1895 1955 9640
3 2089 9846 2141
3 2141 9846 9642
3 9846 1955 9642
3 1955 1895 9642
3 9848 2089 2141
3 4988 4970 9641
3 9847 5220 5264
3 9847 5264 9643
3 4988 9847 9643
3 4970 4988 9643
3 5220 9849 5264
3 2087 2141 9642
3 2263 9848 2291
3 2291 9848 9644
3 9848 2141 9644
3 2141 2087 9644
3 9850 2263 2291
3 5270 9645 9643
3 5270 9643 5264
3 5264 9849 5270
3 5270 9849 9851
3 2259 2291 9644
3 9850 2291 2259
3 9646 9850 2259
3 9852 9850 9646
3 9645 5270 5221
3 9853 9645 5221
3 9647 9645 9853
3 5270 9851 5221
3 9854 9646 9648
3 9854 9852 9646
3 4971 5006 9649
3 4971 9647 5006
3 9647 9855 5006
3 9647 9853 9855
3 9856 9648 9650
3 9856 9854 9648
3 5010 9651 9649
3 5010 9649 5006
3 5006 9855 5010
3 5010 9855 9857
3 2299 2260 9652
3 9650 2260 2299
3 9858 9650 2299
3 9856 9650 9858
3 5016 9653 9651
3 5016 9651 5010
3 5010 9857 5016
3 5016 9857 9859
3 9654 2301 9652
3 9652 2301 2299
3 9858 2299 2301
3 9858 2301 9860
3 5016 4972 9653
3 9859 5222 5290
3 9859 5290 9655
3 5016 9859 9655
3 4972 5016 9655
3 5290 5222 5522
3 5522 5222 5482
3 5522 5482 5756
3 5756 5482 5714
3 5756 5714 6010
3 6010 5714 5970
3 5970 9861 6010
3 2261 2301 9654
3 2301 2261 9860
3 2261 2397 9860
3 2261 2395 2397
3 2395 9656 2585
3 2543 2395 2585
3 2397 2395 2543
3 9862 2543 2585
3 5290 5218 9655
3 5522 5480 5218
3 5522 5218 5290
3 5756 5712 5480
3 5756 5480 5522
3 6010 5968 5712
3 6010 5712 5756
3 5968 6010 9861
3 6232 5968 9861
3 6230 5968 6232
3 6232 9863 6230
3 6230 9863 9657
3 9658 2587 9656
3 9656 2587 2585
3 2757 2711 9862
3 2585 2757 9862
3 2587 2757 2585
3 2711 2757 2935
3 2711 2935 2889
3 9864 2889 2935
3 9863 6522 6580
3 9659 9863 6580
3 9657 9863 9659
3 6522 9865 6580
3 2541 2587 9658
3 9660 2759 2541
3 2759 2587 2541
3 2759 2757 2587
3 2937 2757 2759
3 2935 2757 2937
3 3133 3083 9864
3 2935 3133 9864
3 2937 3133 2935
3 9866 3083 3133
3 6584 9661 9659
3 6584 9659 6580
3 6580 9865 6584
3 6584 9865 9867
3 2709 2759 9660
3 2887 2937 2709
3 2709 2937 2759
3 3081 3133 2887
3 2887 3133 2937
3 3309 9866 3363
3 3363 9866 9662
3 9866 3133 9662
3 3133 3081 9662
3 9868 3309 3363
3 9661 6584 6523
3 9869 9661 6523
3 9663 9661 9869
3 6584 9867 6523
3 9664 3367 9662
3 9662 3367 3363
3 9868 3363 3367
3 9868 3367 9870
3 9869 6524 6592
3 9665 9869 6592
3 9663 9869 9665
3 6524 9871 6592
3 3307 3367 9664
3 3537 9870 3593
3 3593 9870 9666
3 9870 3367 9666
3 3367 3307 9666
3 9872 3537 3593
3 9665 6592 6525
3 9873 9665 6525
3 9667 9665 9873
3 6592 9871 6525
3 3535 3593 9666
3 9872 3593 3535
3 9668 9872 3535
3 9874 9872 9668
3 9667 9875 9669
3 9873 9875 9667
3 1263 1208 9670
3 1421 1364 1263
3 1263 1364 1208
3 1607 1532 1421
3 1421 1532 1364
3 1607 9671 1532
3 9876 9668 9672
3 9876 9874 9668
3 9877 6605 6520
3 9669 9877 6520
3 9875 9877 9669
3 6605 9673 6520
3 9674 1265 9670
3 9670 1265 1263
3 1423 1263 1265
3 1421 1263 1423
3 1609 1421 1423
3 1607 1421 1609
3 9671 1607 9675
3 9675 1607 1609
3 9672 3759 9876
3 9876 3759 3761
3 9878 3761 3759
3 9878 3759 9676
3 6526 6605 9877
3 6526 9879 6605
3 9879 9673 6605
3 9879 9677 9673
3 9678 1267 9674
3 9674 1267 1265
3 1425 1265 1267
3 1423 1265 1425
3 1611 1423 1425
3 1609 1423 1611
3 9675 1609 9679
3 9679 1609 1611
3 9676 4013 9878
3 9878 4013 4015
3 4255 4015 4013
3 4255 4257 4015
3 4495 4257 4255
3 4495 4497 4257
3 4737 4497 4495
3 4737 4739 4497
3 9880 4739 4737
3 9880 4737 9680
3 6527 9881 6609
3 6609 9681 6527
3 9681 9879 6527
3 9681 9677 9879
3 1209 1267 9678
3 1365 1425 1209
3 1209 1425 1267
3 1533 1611 1365
3 1365 1611 1425
3 9679 1611 1533
3 9680 4973 9880
3 9880 4973 4975
3 9882 4975 4973
3 9882 4973 9682
3 9683 6521 6609
3 9881 9683 6609
3 9883 9683 9881
3 9681 6609 6521
3 5223 9882 5321
3 9882 9684 5321
3 9882 9682 9684
3 5223 5321 5553
3 5223 5553 5483
3 5483 5553 5787
3 5483 5787 5715
3 5715 5787 9685
3 5969 5715 9685
3 5971 5715 5969
3 6231 5971 5969
3 6231 6233 5971
3 6231 9683 6233
3 6233 9683 9883
3 5219 5321 9684
3 5481 5553 5219
3 5219 5553 5321
3 5713 5787 5481
3 5481 5787 5553
3 9685 5787 5713
3 3321 3308 9832
3 3549 3536 3321
3 3321 3536 3308
3 3775 3760 3549
3 3549 3760 3536
3 3775 9833 3760
3 3099 3082 9834
3 3310 3321 9832
3 3310 9832 3082
3 10004 3310 3082
3 3099 10004 3082
3 3321 3310 3538
3 3321 3538 3549
3 3549 3538 10005
3 3777 3549 10005
3 3775 3549 3777
3 9833 3775 9835
3 9835 3775 3777
3 2907 2888 9836
3 3084 3099 9834
3 3084 9834 2888
3 10006 3084 2888
3 2907 10006 2888
3 10004 3099 3084
3 3762 3777 10005
3 3762 10007 3777
3 10007 9835 3777
3 10007 9837 9835
3 2131 2088 9838
3 2279 2262 2131
3 2131 2262 2088
3 2413 2396 2279
3 2279 2396 2262
3 2561 2542 2413
3 2413 2542 2396
3 10008 2712 2561
3 2712 2542 2561
3 2712 2710 2542
3 2890 2907 9836
3 2710 2890 9836
3 2712 2890 2710
3 10006 2907 2890
3 9837 10009 9839
3 10007 10009 9837
3 1949 1896 9840
3 2090 2131 9838
3 2090 9838 1896
3 10010 2090 1896
3 1949 10010 1896
3 2131 2090 2264
3 2131 2264 2279
3 2279 2264 2398
3 2279 2398 2413
3 2413 2398 2544
3 2413 2544 2561
3 10008 2561 2544
3 9839 10011 9841
3 10009 10011 9839
3 9842 1951 9840
3 9840 1951 1949
3 10010 1949 1951
3 10010 1951 10012
3 9841 10013 9843
3 10011 10013 9841
3 9844 1953 9842
3 9842 1953 1951
3 10012 1951 1953
3 10012 1953 10014
3 4014 9843 10013
3 4014 10013 4016
3 4271 4256 10015
3 4256 4016 10015
3 4256 4014 4016
3 4271 9845 4256
3 1897 1953 9844
3 2091 10014 2139
3 2139 10014 9846
3 10014 1953 9846
3 1953 1897 9846
3 10016 2091 2139
3 4258 4271 10015
3 4496 9845 4271
3 4258 4496 4271
3 4498 4496 4258
3 4498 4738 4496
3 4740 4738 4498
3 4740 4974 4738
3 4976 4974 4740
3 4976 10017 4974
3 4974 10017 9847
3 2089 2139 9846
3 2265 10016 2289
3 2289 10016 9848
3 10016 2139 9848
3 2139 2089 9848
3 10018 2265 2289
3 5220 9847 10017
3 5220 10017 5224
3 5224 10019 5220
3 5220 10019 9849
3 2263 2289 9848
3 10018 2289 2263
3 9850 10018 2263
3 10020 10018 9850
3 9849 10021 9851
3 10019 10021 9849
3 10022 9850 9852
3 10022 10020 9850
3 5221 5276 9853
3 5221 9851 5276
3 9851 10023 5276
3 9851 10021 10023
3 2399 10022 2429
3 10022 9854 2429
3 10022 9852 9854
3 10024 2399 2429
3 9853 5276 5225
3 10025 9853 5225
3 9855 9853 10025
3 5276 10023 5225
3 2429 9854 2400
3 9854 10026 2400
3 9854 9856 10026
3 10024 2429 2400
3 9855 10027 9857
3 10025 10027 9855
3 10028 9856 9858
3 10028 10026 9856
3 10027 5226 5286
3 9859 10027 5286
3 9857 10027 9859
3 5226 10029 5286
3 2401 10028 2435
3 10028 9860 2435
3 10028 9858 9860
3 10030 2401 2435
3 5286 5222 9859
3 5222 5286 10029
3 5484 5222 10029
3 5482 5222 5484
3 5484 5714 5482
3 5716 5714 5484
3 6011 5970 10031
3 5970 5716 10031
3 5970 5714 5716
3 6011 9861 5970
3 2397 2435 9860
3 2435 2397 10030
3 2397 2545 10030
3 2397 2543 2545
3 2543 9862 2755
3 2713 2543 2755
3 2545 2543 2713
3 10032 2713 2755
3 5972 6011 10031
3 6232 9861 6011
3 5972 6232 6011
3 6234 6232 5972
3 6234 10033 6232
3 6232 10033 9863
3 2711 2755 9862
3 2755 2711 10032
3 2711 2891 10032
3 2711 2889 2891
3 2889 9864 3129
3 3085 2889 3129
3 2891 2889 3085
3 10034 3085 3129
3 6522 9863 10033
3 6522 10033 6528
3 6528 10035 6522
3 6522 10035 9865
3 3083 3129 9864
3 10034 3129 3083
3 9866 10034 3083
3 10036 10034 9866
3 9865 10037 9867
3 10035 10037 9865
3 9866 3309 10036
3 10036 3309 3311
3 10038 3311 3309
3 10038 3309 9868
3 6523 6588 9869
3 6523 9867 6588
3 9867 10039 6588
3 9867 10037 10039
3 3539 10038 3591
3 10038 9870 3591
3 10038 9868 9870
3 10040 3539 3591
3 6588 6524 9869
3 6588 10039 6524
3 10039 9871 6524
3 10039 10041 9871
3 3537 3591 9870
3 10040 3591 3537
3 9872 10040 3537
3 10042 10040 9872
3 6525 6598 9873
3 6525 9871 6598
3 9871 10043 6598
3 9871 10041 10043
3 10044 9872 9874
3 10044 10042 9872
3 9873 6598 6529
3 10045 9873 6529
3 9875 9873 10045
3 6598 10043 6529
3 3763 10044 3831
3 10044 9876 3831
3 10044 9874 9876
3 10046 3763 3831
3 9875 10047 9877
3 10045 10047 9875
3 3761 3831 9876
3 4017 10046 4085
3 4085 10046 9878
3 10046 3831 9878
3 3831 3761 9878
3 10048 4017 4085
3 10049 6607 6526
3 9877 10049 6526
3 10047 10049 9877
3 6607 9879 6526
3 4015 4085 9878
3 4085 4015 10048
3 4015 4259 10048
3 4015 4257 4259
3 4497 4259 4257
3 4497 4499 4259
3 4739 4499 4497
3 4739 4741 4499
3 10050 4741 4739
3 10050 4739 9880
3 9881 6527 6607
3 10049 9881 6607
3 10051 9881 10049
3 9879 6607 6527
3 9880 4975 10050
3 10050 4975 4977
3 4975 9882 5319
3 5227 4975 5319
3 4977 4975 5227
3 5227 5319 5551
3 5227 5551 5485
3 5485 5551 5785
3 5485 5785 5717
3 10052 5717 5785
3 6235 10053 6313
3 6313 9883 6235
3 9883 10051 6235
3 9883 9881 10051
3 5223 5319 9882
3 5483 5551 5223
3 5223 5551 5319
3 5715 5785 5483
3 5483 5785 5551
3 5785 5715 10052
3 5715 5973 10052
3 5715 5971 5973
3 10053 5973 6313
3 5973 6233 6313
3 5973 5971 6233
3 9883 6313 6233
3 3323 3310 10004
3 3551 3538 3323
3 3323 3538 3310
3 3551 10005 3538
3 3101 3084 10006
3 3084 3101 10004
3 3101 3323 10004
3 3101 3325 3323
3 3553 3323 3325
3 3551 3323 3553
3 10005 3551 3762
3 3551 3779 3762
3 3551 3553 3779
3 3779 10007 3762
3 2731 2712 10008
3 2909 2890 2731
3 2731 2890 2712
3 2890 2909 10006
3 2909 3101 10006
3 2909 3103 3101
3 3103 10174 3312
3 3325 3103 3312
3 3101 3103 3325
3 3325 3312 3540
3 3325 3540 3553
3 3553 3540 10175
3 3781 3553 10175
3 3779 3553 3781
3 10007 3779 10009
3 10009 3779 3781
3 2133 2090 10010
3 2281 2264 2133
3 2133 2264 2090
3 2415 2398 2281
3 2281 2398 2264
3 2563 2544 2415
3 2415 2544 2398
3 2714 2731 10008
3 2714 10008 2544
3 10176 2714 2544
3 2563 10176 2544
3 2731 2714 2892
3 2731 2892 2909
3 2909 2892 3086
3 2909 3086 3103
3 10174 3103 3086
3 3764 3781 10175
3 3764 10177 3781
3 10177 10009 3781
3 10177 10011 10009
3 10012 2135 10010
3 10010 2135 2133
3 2283 2133 2135
3 2281 2133 2283
3 2417 2281 2283
3 2415 2281 2417
3 2417 10178 2546
3 2563 2417 2546
3 2415 2417 2563
3 10176 2563 2546
3 10011 10179 10013
3 10177 10179 10011
3 10014 2137 10012
3 10012 2137 2135
3 2285 2135 2137
3 2283 2135 2285
3 2419 2283 2285
3 2417 2283 2419
3 10178 2417 2419
3 10178 2419 10180
3 4016 10013 10179
3 4016 10179 4018
3 4018 10181 4016
3 4016 10181 10015
3 2091 2137 10014
3 10016 2287 2091
3 2287 2137 2091
3 2287 2285 2137
3 2421 2285 2287
3 2419 2285 2421
3 10180 2419 2421
3 10180 2421 10182
3 4258 10015 10181
3 4258 10181 4260
3 4260 4498 4258
3 4500 4498 4260
3 4500 4740 4498
3 4742 4740 4500
3 4989 4976 10183
3 4976 4742 10183
3 4976 4740 4742
3 4989 10017 4976
3 2265 2287 10016
3 10018 2423 2265
3 2423 2287 2265
3 2423 2421 2287
3 10182 2421 2423
3 10182 2423 10184
3 4978 4989 10183
3 10185 5265 5224
3 10185 5224 10017
3 4978 10185 10017
3 4989 4978 10017
3 5265 10019 5224
3 10020 2425 10018
3 10018 2425 2423
3 10184 2423 2425
3 10184 2425 10186
3 10187 5271 5265
3 10187 5265 10185
3 10019 5265 10021
3 10021 5265 5271
3 10022 2427 10020
3 10020 2427 2425
3 10186 2425 2427
3 10186 2427 10188
3 5228 5271 10187
3 5228 10189 5271
3 10189 10021 5271
3 10189 10023 10021
3 2399 2427 10022
3 2547 10188 2577
3 2577 10188 10024
3 10188 2427 10024
3 2427 2399 10024
3 10190 2547 2577
3 5225 5280 10025
3 5225 10023 5280
3 10023 10191 5280
3 10023 10189 10191
3 2431 2400 10026
3 2400 2431 10024
3 2431 2577 10024
3 2431 2579 2577
3 10190 2577 2579
3 10190 2579 10192
3 10025 5280 5229
3 10193 10025 5229
3 10027 10025 10193
3 5280 10191 5229
3 10028 2433 10026
3 10026 2433 2431
3 2433 10194 2548
3 2579 2433 2548
3 2431 2433 2579
3 10192 2579 2548
3 5226 10027 10193
3 5226 10193 5230
3 5230 10195 5226
3 5226 10195 10029
3 2401 2433 10028
3 2549 10194 2583
3 2583 10194 10030
3 10194 2433 10030
3 2433 2401 10030
3 10196 2549 2583
3 10197 5523 5484
3 10029 10197 5484
3 10195 10197 10029
3 5757 5716 5523
3 5523 5716 5484
3 5757 10031 5716
3 2545 2583 10030
3 2583 2545 10196
3 2545 2715 10196
3 2545 2713 2715
3 10198 2715 2713
3 10198 2713 10032
3 5486 5523 10197
3 5523 5486 5718
3 5523 5718 5757
3 5972 10031 5757
3 5718 5972 5757
3 5974 5972 5718
3 6283 6234 10199
3 6234 5974 10199
3 6234 5972 5974
3 6283 10033 6234
3 10032 2891 10198
3 10198 2891 2893
3 3085 2893 2891
3 3085 3087 2893
3 10200 3087 3085
3 10200 3085 10034
3 6236 6283 10199
3 10201 6581 6528
3 10201 6528 10033
3 6236 10201 10033
3 6283 6236 10033
3 6581 10035 6528
3 3313 10200 3359
3 10200 10036 3359
3 10200 10034 10036
3 10202 3313 3359
3 10203 6585 6581
3 10203 6581 10201
3 10035 6581 10037
3 10037 6581 6585
3 3311 3359 10036
3 3541 10202 3589
3 3589 10202 10038
3 10202 3359 10038
3 3359 3311 10038
3 10204 3541 3589
3 10205 6589 6585
3 10205 6585 10203
3 10037 6585 10039
3 10039 6585 6589
3 3539 3589 10038
3 10204 3589 3539
3 10040 10204 3539
3 10206 10204 10040
3 6530 6589 10205
3 6530 10207 6589
3 10207 10039 6589
3 10207 10041 10039
3 3765 10206 3823
3 10206 10042 3823
3 10206 10040 10042
3 10208 3765 3823
3 10041 10209 10043
3 10207 10209 10041
3 10044 3827 10042
3 10042 3827 3823
3 10208 3823 3827
3 10208 3827 10210
3 6529 6602 10045
3 6529 10043 6602
3 10043 10211 6602
3 10043 10209 10211
3 3763 3827 10044
3 4019 10210 4081
3 4081 10210 10046
3 10210 3827 10046
3 3827 3763 10046
3 10212 4019 4081
3 4501 10213 4553
3 4501 4553 4799
3 4501 4799 4743
3 10214 4743 4799
3 10045 6602 6531
3 10215 10045 6531
3 10047 10045 10215
3 6602 10211 6531
3 4017 4081 10046
3 4261 10212 4329
3 4329 10212 10048
3 10212 4081 10048
3 4081 4017 10048
3 4553 10213 4261
3 4329 4553 4261
3 4555 4553 4329
3 4803 4553 4555
3 4799 4553 4803
3 5041 4979 10214
3 4799 5041 10214
3 4803 5041 4799
3 10216 4979 5041
3 6237 10217 6309
3 6309 10049 6237
3 10049 10215 6237
3 10049 10047 10215
3 4259 4329 10048
3 4499 4555 4259
3 4259 4555 4329
3 4741 4803 4499
3 4499 4803 4555
3 10050 5045 4741
3 5045 4803 4741
3 5045 5041 4803
3 5317 5231 10216
3 5041 5317 10216
3 5045 5317 5041
3 5231 5317 5549
3 5231 5549 5487
3 5487 5549 5783
3 5487 5783 5719
3 5719 5783 6039
3 5719 6039 5975
3 6309 10217 5975
3 6039 6309 5975
3 6311 6309 6039
3 10049 6309 10051
3 10051 6309 6311
3 4977 5045 10050
3 5227 5317 4977
3 4977 5317 5045
3 5485 5549 5227
3 5227 5549 5317
3 5717 5783 5485
3 5485 5783 5549
3 10052 6041 5717
3 6041 5783 5717
3 6041 6039 5783
3 6235 6311 10053
3 6311 6041 10053
3 6311 6039 6041
3 10051 6311 6235
3 5973 6041 10052
3 10053 6041 5973
3 3327 3312 10174
3 3555 3540 3327
3 3327 3540 3312
3 3555 10175 3540
3 2733 2714 10176
3 120 2894 2733
3 2894 2714 2733
3 2894 2892 2714
3 3105 3086 121
3 3086 2894 121
3 3086 2892 2894
3 3314 3327 10174
3 3314 10174 3086
3 122 3314 3086
3 3105 122 3086
3 3327 3314 3542
3 3327 3542 3555
3 123 3783 3764
3 123 3764 10175
3 3542 123 10175
3 3555 3542 10175
3 3783 10177 3764
3 2565 2546 10178
3 2716 2733 10176
3 2716 10176 2546
3 124 2716 2546
3 2565 124 2546
3 120 2733 2716
3 3088 3105 121
3 122 3105 3088
3 3766 3783 123
3 3766 125 3783
3 125 10177 3783
3 125 10179 10177
3 10180 2567 10178
3 10178 2567 2565
3 124 2565 2567
3 124 2567 126
3 127 4031 4018
3 10179 127 4018
3 125 127 10179
3 4031 10181 4018
3 10182 2569 10180
3 10180 2569 2567
3 126 2567 2569
3 126 2569 128
3 4020 4031 127
3 4260 10181 4031
3 4020 4260 4031
3 4262 4260 4020
3 4262 4500 4260
3 4502 4500 4262
3 4757 4742 129
3 4742 4502 129
3 4742 4500 4502
3 4757 10183 4742
3 10184 2571 10182
3 10182 2571 2569
3 128 2569 2571
3 128 2571 130
3 4744 4757 129
3 4978 10183 4757
3 4744 4978 4757
3 4980 4978 4744
3 4980 131 4978
3 4978 131 10185
3 10186 2573 10184
3 10184 2573 2571
3 130 2571 2573
3 130 2573 132
3 10185 133 10187
3 131 133 10185
3 10188 2575 10186
3 10186 2575 2573
3 132 2573 2575
3 132 2575 134
3 5228 10187 133
3 5228 133 5232
3 5232 135 5228
3 5228 135 10189
3 2547 2575 10188
3 134 2575 2547
3 10190 134 2547
3 136 134 10190
3 10189 137 10191
3 135 137 10189
3 138 10190 10192
3 138 136 10190
3 5233 139 10193
3 5233 10193 5229
3 5229 10191 5233
3 5233 10191 137
3 2581 2548 10194
3 10192 2548 2581
3 140 10192 2581
3 138 10192 140
3 141 5287 5230
3 10193 141 5230
3 139 141 10193
3 5287 10195 5230
3 2549 2581 10194
3 140 2581 2549
3 10196 140 2549
3 142 140 10196
3 5234 5287 141
3 5234 143 5287
3 143 10195 5287
3 143 10197 10195
3 10196 2715 142
3 142 2715 2717
3 144 2717 2715
3 144 2715 10198
3 145 5527 5486
3 10197 145 5486
3 143 145 10197
3 5761 5718 5527
3 5527 5718 5486
3 6015 5974 5761
3 5761 5974 5718
3 6015 10199 5974
3 10198 2893 144
3 144 2893 2895
3 3087 2895 2893
3 3087 3089 2895
3 3087 10200 3355
3 3315 3087 3355
3 3089 3087 3315
3 146 3315 3355
3 5488 5527 145
3 5527 5488 147
3 5765 5527 147
3 5761 5527 5765
3 6019 5761 5765
3 6015 5761 6019
3 10199 6015 6236
3 6015 6287 6236
3 6015 6019 6287
3 6287 10201 6236
3 3313 3355 10200
3 3543 146 3587
3 3587 146 10202
3 146 3355 10202
3 3355 3313 10202
3 148 3543 3587
3 5720 5765 147
3 5765 5720 5976
3 5765 5976 6019
3 6019 5976 149
3 6291 6019 149
3 6287 6019 6291
3 10201 6287 10203
3 10203 6287 6291
3 3541 3587 10202
3 148 3587 3541
3 10204 148 3541
3 150 148 10204
3 6238 6291 149
3 6238 151 6291
3 151 10203 6291
3 151 10205 10203
3 152 10204 10206
3 152 150 10204
3 6530 10205 151
3 6530 151 6532
3 6532 153 6530
3 6530 153 10207
3 10206 3765 152
3 152 3765 3767
3 3765 10208 4075
3 4021 3765 4075
3 3767 3765 4021
3 154 4021 4075
3 4503 155 4549
3 156 4503 4549
3 10207 157 10209
3 153 157 10207
3 10210 4077 10208
3 10208 4077 4075
3 4321 4263 154
3 4075 4321 154
3 4077 4321 4075
3 4549 155 4263
3 4321 4549 4263
3 4551 4549 4321
3 4797 4745 156
3 4549 4797 156
3 4551 4797 4549
3 4745 4797 5035
3 4745 5035 4981
3 4981 5035 5307
3 4981 5307 5235
3 158 5235 5307
3 10209 159 10211
3 157 159 10209
3 4019 4077 10210
3 10212 4325 4019
3 4325 4077 4019
3 4325 4321 4077
3 4501 4551 10213
3 4551 4325 10213
3 4551 4321 4325
3 4743 4797 4501
3 4501 4797 4551
3 10214 5037 4743
3 5037 4797 4743
3 5037 5035 4797
3 5309 5035 5037
3 5307 5035 5309
3 5541 5489 158
3 5307 5541 158
3 5309 5541 5307
3 160 5489 5541
3 6533 161 10215
3 6533 10215 6531
3 6531 10211 6533
3 6533 10211 159
3 4261 4325 10212
3 10213 4325 4261
3 4979 5037 10214
3 10216 5313 4979
3 5313 5037 4979
3 5313 5309 5037
3 5545 5309 5313
3 5541 5309 5545
3 5781 5721 160
3 5541 5781 160
3 5545 5781 5541
3 5721 5781 6037
3 5721 6037 5977
3 5977 6037 10217
3 6237 5977 10217
3 6239 5977 6237
3 6237 10215 6239
3 6239 10215 161
3 5231 5313 10216
3 5487 5545 5231
3 5231 5545 5313
3 5719 5781 5487
3 5487 5781 5545
3 5975 6037 5719
3 5719 6037 5781
3 10217 6037 5975
